Workbook

Sheet THÔNG SỐ CHO TRƯỚC
B1: BÀI TẬP LỚN LÝ THUYẾT Ô TÔ - TÍNH TOÁN ĐỘNG LỰC HỌC Ô TÔ TẢI
B2: NHÓM SỐ 2 - ĐỘNG CƠ DIESEL
B5: THÔNG SỐ CHO TRƯỚC
B6: STT | C6: Tên thông số / Đại lượng | D6: Ký hiệu | E6: Giá trị | F6: Đơn vị | G6: Nguồn gốc / Ghi chú
B7: 1 | C7: Loại ô tô | D7: - | E7: Tải | F7: - | G7: Đề bài cho
B8: 2 | C8: Số người chở (kể cả người lái) | E8: 2 | F8: người | G8: Đề bài cho
B9: 3 | C9: Tải trọng bản thân | E9: 3450 | F9: kG | G9: Đề bài cho
B10: 4 | C10: Tải trọng định mức | E10: 4100 | F10: kG | G10: Đề bài cho
B11: 5 | C11: Hệ số phân bố cầu trước | E11: 0.3 | F11: - | G11: Đề bài cho
B12: 6 | C12: Hệ số phân bố cầu sau | E12: 0.7 | F12: - | G12: Đề bài cho
B13: 7 | C13: Vận tốc cực đại | E13: 95 | F13: km/h | G13: Đề bài cho
B14: 8 | C14: Sức cản lớn nhất của đường | E14: 0.31 | F14: - | G14: Đề bài cho
B15: 9 | C15: Lắp động cơ đốt trong | D15: - | E15: Diesel | F15: - | G15: Đề bài cho
B19: THÔNG SỐ CẦN CHỌN
B20: STT | C20: Tên thông số / Đại lượng | D20: Ký hiệu | E20: Giá trị | F20: Đơn vị | G20: Nguồn gốc / Ghi chú
B21: 10 | C21: Khối lượng một người | E21: 65 | F21: kG | G21: Tra chọn theo tiêu chuẩn thiết kế
B22: 11 | C22: Độ dốc | D22: i | E22: 0 | F22: độ | G22: Xe chỉ có đạt được vận tốc max khi đi trên đường bằng phẳng
B23: 12 | C23: Hệ số cản lăn | D23: f | E23: 0.015 | F23: - | G23: Tra chọn đường nhựa tốt
B24: 13 | C24: Hệ số cản mặt đường ở v_max | D24: Ψ | E24: =E23*(1+(($E$13/3.6)^(2))/1500) -> 0.021963735 | F24: - | G24: Công thức
B25: 14 | C25: Hệ số cản không khí | D25: K | E25: 0.65 | F25: N.s2/m4 | G25: Tra chọn sơ bộ cho xe tải
B26: 15 | C26: Diện tích cản chính diện | D26: F | E26: 4.5 | F26: m2 | G26: Tra chọn sơ bộ theo B*H
B27: 16 | C27: Hiệu suất hệ thống truyền lực | E27: 0.85 | F27: - | G27: Tra chọn sơ bộ với ô tô truyền lực chính hai cấp
B28: 17 | C28: Tỷ lệ số vòng quay cực đại | D28: λ | E28: 0.9 | F28: - | G28: Tra cứu - chọn số liệu
B29: 18 | C29: Số vòng quay lớn nhất của động cơ | E29: 2600 | F29: vòng/phút | G29: Tra cứu - chọn số liệu
B30: 19 | C30: Hệ số thực nghiệm Leyderman a | D30: a | E30: 0.5 | F30: - | G30: Tra cứu - chọn số liệu với động cơ diesel buồng cháy trực tiếp
B31: 20 | C31: Hệ số thực nghiệm Leyderman b | D31: b | E31: 1.5 | F31: - | G31: Tra cứu - chọn số liệu với động cơ diesel buồng cháy trực tiếp
B32: 21 | C32: Hệ số thực nghiệm Leyderman c | D32: c | E32: 1 | F32: - | G32: Tra cứu - chọn số liệu với động cơ diesel buồng cháy trực tiếp
B33: 22 | C33: Hệ số biến dạng lốp | D33: λ | E33: 0.95 | F33: - | G33: Tra cứu - chọn số liệu

Sheet TÍNH TOÁN 
B1: BÀI TẬP LỚN LÝ THUYẾT Ô TÔ - TÍNH TOÁN ĐỘNG LỰC HỌC Ô TÔ TẢI
B2: NHÓM SỐ 2 - ĐỘNG CƠ DIESEL
B4: TÍNH TOÁN TRỌNG LƯỢNG
B5: STT | C5: Tên thông số / Đại lượng | D5: Ký hiệu | E5: Giá trị | F5: Đơn vị | G5: Công thức / Nguồn (Trang cắt ảnh)
B6: 1 | C6: Trọng lượng toàn bộ | D6: G | E6: ='THÔNG SỐ CHO TRƯỚC'!E9+('THÔNG SỐ CHO TRƯỚC'!E8*'THÔNG SỐ CHO TRƯỚC'!E21)+'THÔNG SỐ CHO TRƯỚC'!E10 -> 7680 | F6: kG | G6: Tra cứu công thức
B7: 2 | C7: Tải trọng phân bố lên cầu trước | E7: =E6*'THÔNG SỐ CHO TRƯỚC'!E11 -> 2304 | F7: kG | G7: Tỉ lệ phân bố cho trước của cầu trước là 0.3
B8: 3 | C8: Tải trọng phân bố lên cầu sau | E8: =E6*'THÔNG SỐ CHO TRƯỚC'!E12 -> 5376 | F8: kG | G8: Tỉ lệ phân bố cho trước của cầu sau là 0.7
B9: 4 | C9: Số lốp xe ở cầu sau (bánh kép) | E9: 4 | F9: lốp | G9: Tra cứu công thức
B10: 5 | C10: Tải trọng tác dụng lên 1 lốp sau | E10: =E8/4 -> 1344 | F10: kG | G10: Xe tải để chịu được tải trọng lớn ở phía sau thì bắt buộc cầu sau phải dùng lốp kép (mỗi bên 2 lốp, tổng là 4 lốp).
B11: 6 | C11: Ký hiệu lốp chọn sơ bộ | D11: _ | E11: 8.25-16 | F11: _ | G11: Tra cứu
B12: 7 | C12: Bề mặt lốp | D12: B | E12: =8.25 -> 8.25 | F12: inch | G12: Từ ký hiệu lốp
B13: 8 | C13: Đường kính vành | D13: d | E13: 16 | F13: inch | G13: Từ ký hiệu lốp
B14: 9 | C14: Bán kính thiết kế | E14: =(E12+(E13/2))*0.0254 -> 0.41275 | F14: m | G14: Tra cứu công thức
B15: 10 | C15: Bán kính làm việc trung bình | E15: =E14*'THÔNG SỐ CHO TRƯỚC'!E33 -> 0.3921125 | F15: m | G15: Tra cứu công thức
B21: TÍNH TOÁN TRỌNG LƯỢNG
B22: STT | C22: Tên thông số / Đại lượng | D22: Ký hiệu | E22: Giá trị | F22: Đơn vị | G22: Công thức / Nguồn (Trang cắt ảnh)
B23: 11 | C23: Công suất thắng lực cản lăn | E23: =((E6*9.81)*'THÔNG SỐ CHO TRƯỚC'!E24*('THÔNG SỐ CHO TRƯỚC'!E13/3.6))/(1000) -> 43.667419 | F23: kW | G23: Tách từ công thức tổng Nv
B24: 12 | C24: Công suất thắng lực cản không khí | E24: =('THÔNG SỐ CHO TRƯỚC'!E25*'THÔNG SỐ CHO TRƯỚC'!E26*('THÔNG SỐ CHO TRƯỚC'!E13/3.6)^(3))/(1000) -> 53.751326 | F24: kW | G24: Tách từ công thức tổng Nv
B25: 13 | C25: Công suất tổng cộng tại bánh xe chủ động | E25: =E24+E23 -> 97.418745 | F25: kW | G25: Tách từ công thức tổng Nv
B26: 14 | C26: Công suất yêu cầu ở v_max | E26: =E25/'THÔNG SỐ CHO TRƯỚC'!E27 -> 114.61029 | F26: kW | G26: Tra cứu công thức
B27: 15 | C27: Công suất cực đại động cơ | E27: =E26/('THÔNG SỐ CHO TRƯỚC'!E30*'THÔNG SỐ CHO TRƯỚC'!E28+'THÔNG SỐ CHO TRƯỚC'!E31*('THÔNG SỐ CHO TRƯỚC'!E28^(2))-'THÔNG SỐ CHO TRƯỚC'!E32*('THÔNG SỐ CHO TRƯỚC'!E28^(3))) -> 122.44689 | F27: kW | G27: Tra cứu công thức
B28: 16 | C28: Vòng quay định mức | E28: ='THÔNG SỐ CHO TRƯỚC'!E29/'THÔNG SỐ CHO TRƯỚC'!E28 -> 2888.8889 | F28: vòng/phút | G28: Tra cứu công thức
B31: Đặc tính tốc độ ngoài của động cơ
B32: Cách thực hiện | E32: Ta chọn lần lượt các giá trị ne trong khoảng cầm chừng đến khi đạt cực đại sau đó áp dụng công thức để tính Ne , Me để vẽ được đồ thị
B33: Khoảng chọn ne | E33: Đồ thị: 800–2600 vòng/phút; thêm điểm 2470 vòng/phút
B34: ne ( vòng/phút ) | C34: Ne (kW) | E34: Me (N.m)
B35: 800 | C35: =$E$27 * ('THÔNG SỐ CHO TRƯỚC'!$E$30 * (B35/$E$28) + 'THÔNG SỐ CHO TRƯỚC'!$E$31 * (B35/$E$28)^2 - 'THÔNG SỐ CHO TRƯỚC'!$E$32 * (B35/$E$28)^3) -> 28.438889 | E35: =(10000 * C35) / (1.047 * B35) -> 339.52828
B36: 1200 | C36: =$E$27 * ('THÔNG SỐ CHO TRƯỚC'!$E$30 * (B36/$E$28) + 'THÔNG SỐ CHO TRƯỚC'!$E$31 * (B36/$E$28)^2 - 'THÔNG SỐ CHO TRƯỚC'!$E$32 * (B36/$E$28)^3) -> 48.346513 | E36: =(10000 * C36) / (1.047 * B36) -> 384.80192
B37: 1600 | C37: =$E$27 * ('THÔNG SỐ CHO TRƯỚC'!$E$30 * (B37/$E$28) + 'THÔNG SỐ CHO TRƯỚC'!$E$31 * (B37/$E$28)^2 - 'THÔNG SỐ CHO TRƯỚC'!$E$32 * (B37/$E$28)^3) -> 69.445945 | E37: =(10000 * C37) / (1.047 * B37) -> 414.55316
B38: 2000 | C38: =$E$27 * ('THÔNG SỐ CHO TRƯỚC'!$E$30 * (B38/$E$28) + 'THÔNG SỐ CHO TRƯỚC'!$E$31 * (B38/$E$28)^2 - 'THÔNG SỐ CHO TRƯỚC'!$E$32 * (B38/$E$28)^3) -> 89.786954 | E38: =(10000 * C38) / (1.047 * B38) -> 428.78202
B39: 2166.6667 | C39: =$E$27 * ('THÔNG SỐ CHO TRƯỚC'!$E$30 * (B39/$E$28) + 'THÔNG SỐ CHO TRƯỚC'!$E$31 * (B39/$E$28)^2 - 'THÔNG SỐ CHO TRƯỚC'!$E$32 * (B39/$E$28)^3) -> 97.574864 | E39: =(10000 * C39) / (1.047 * B39) -> 430.12944
B40: 2400 | C40: =$E$27 * ('THÔNG SỐ CHO TRƯỚC'!$E$30 * (B40/$E$28) + 'THÔNG SỐ CHO TRƯỚC'!$E$31 * (B40/$E$28)^2 - 'THÔNG SỐ CHO TRƯỚC'!$E$32 * (B40/$E$28)^3) -> 107.41931 | E40: =(10000 * C40) / (1.047 * B40) -> 427.48848
B41: 2600 | C41: =$E$27 * ('THÔNG SỐ CHO TRƯỚC'!$E$30 * (B41/$E$28) + 'THÔNG SỐ CHO TRƯỚC'!$E$31 * (B41/$E$28)^2 - 'THÔNG SỐ CHO TRƯỚC'!$E$32 * (B41/$E$28)^3) -> 114.61029 | E41: =(10000 * C41) / (1.047 * B41) -> 421.02082
B42: =0.95*2600 -> 2470 | C42: =$E$27 * ('THÔNG SỐ CHO TRƯỚC'!$E$30 * (B42/$E$28) + 'THÔNG SỐ CHO TRƯỚC'!$E$31 * (B42/$E$28)^2 - 'THÔNG SỐ CHO TRƯỚC'!$E$32 * (B42/$E$28)^3) -> 110.08112 | E42: =(10000 * C42) / (1.047 * B42) -> 425.66622
B44: STT | C44: Tên thông số / Đại lượng | D44: Ký hiệu | E44: Giá trị | F44: Đơn vị | G44: Công thức / Nguồn (Trang cắt ảnh)
B45: 17 | C45: Tỷ số truyền của hộp số ở số truyền cao nhất | E45: 1 | F45: - | G45: Chọn theo sách
B46: 18 | C46: Tỷ số truyền của hộp số phụ hay hộp phân phối ở số cau | E46: =1.25 -> 1.25 | F46: - | G46: chọn theo sách
B47: 19 | C47: Vận tốc cực đại | D47: vmax | E47: =95/3.6 -> 26.388889 | F47: m/s | G47: Đề bài cho
B48: 20 | C48: Tỷ số truyền của truyền lực chính | E48: =(2*PI()*E15*'THÔNG SỐ CHO TRƯỚC'!E29)/(60*'TÍNH TOÁN '!E45*'TÍNH TOÁN '!E46*'TÍNH TOÁN '!E47) -> 3.2365441 | F48: - | G48: Tra cứu công thức
B49: 21 | C49: Số cấp | D49: n | E49: 5 | F49: - | G49: tra theo sách
B50: 22 | C50: hiệu suất truyền lực | E50: =0.85 -> 0.85 | F50: - | G50: Chọn theo sách
B51: 23 | C51: Trọng lực toàn bộ | D51: G | E51: =E6*9.81 -> 75340.8 | F51: N
B52: 24 | C52: Hệ số bám | E52: =0.75 -> 0.75 | G52: tra theo sách
B53: 25 | C53: Tỷ số truyền ở số I của hộp số | E53: =('THÔNG SỐ CHO TRƯỚC'!E14*'TÍNH TOÁN '!E51*'TÍNH TOÁN '!E15)/(E39*'TÍNH TOÁN '!E48*'TÍNH TOÁN '!E46*'TÍNH TOÁN '!E50) -> 6.1914584 | F53: - | G53: tra theo sách
E54: =('THÔNG SỐ CHO TRƯỚC'!E12*'TÍNH TOÁN '!E51*'TÍNH TOÁN '!E52*'TÍNH TOÁN '!E15)/(E39*'TÍNH TOÁN '!E48*'TÍNH TOÁN '!E46*'TÍNH TOÁN '!E50) -> 10.485534 | G54: tra theo sách
B55: 26 | C55: Chọn tỷ số truyền ở số I của hộp số | E55: =6.5 -> 6.5 | F55: -
B56: 27 | C56: Công bội | D56: q | E56: =(E55)^(1/4) -> 1.5967184 | F56: - | G56: Tra cứu công thức
B57: 28 | C57: Tỷ số truyền thứ 1 | E57: =E55 -> 6.5
C58: Tỷ số truyền thứ 2 | E58: =E57/E56 -> 4.0708492 | G58: Tra cứu công thức
C59: Tỷ số truyền thứ 3 | E59: =E57/(E56^2) -> 2.5495098 | G59: Tra cứu công thức
C60: Tỷ số truyền thứ 4 | E60: =E57/(E56^3) -> 1.5967184 | F60: - | G60: chọn theo sách
C61: Tỷ số truyền thứ 5 | E61: 1 | F61: - | G61: chọn theo sách
B62: 29 | C62: Tỷ số truyền của hệ thống truyền lực thứ 1 | D62: it1 | E62: =E57*$E$48*$E$46 -> 26.296921 | F62: -
C63: Tỷ số truyền của hệ thống truyền lực thứ 2 | D63: it2 | E63: =E58*$E$48*$E$46 -> 16.469354 | F63: -
C64: Tỷ số truyền của hệ thống truyền lực thứ 3 | D64: it3 | E64: =E59*$E$48*$E$46 -> 10.314501 | F64: -
C65: Tỷ số truyền của hệ thống truyền lực thứ 4 | D65: it4 | E65: =E60*$E$48*$E$46 -> 6.4598121 | F65: -
C66: Tỷ số truyền của hệ thống truyền lực thứ 5 | D66: it5 | E66: =E61*$E$48*$E$46 -> 4.0456802 | F66: -
B71: Vận tốc xe và công suất kéo tại bánh ứng với vòng quay động cơ ở năm cấp số truyền
B72: Cách thực hiện | E72: Ta chọn lần lượt các giá trị ne trong khoảng cầm chừng đến khi đạt cực đại sau đó áp dụng công thức để tính v và Nk để vẽ được đồ thị
B73: Khoảng chọn ne | E73: 800–2600 vòng/phút; số V thêm 2470 vòng/phút
B74: ne ( vòng/phút ) | C74: V1 | D74: V2 | E74: V3 | F74: V4 | G74: V5 | H74: Nk | AA74: Vận tốc X đúng cho điểm cuối số V 90,25 km/h
B75: 800 | C75: =(2*PI()*$B75*$E$15)/(60*$E$62) -> 1.2491782 | D75: =(2*PI()*$B75*$E$15)/(60*$E$63) -> 1.9945858 | E75: =(2*PI()*$B75*$E$15)/(60*$E$64) -> 3.1847919 | F75: =(2*PI()*$B75*$E$15)/(60*$E$65) -> 5.085216 | G75: =(2*PI()*$B75*$E$15)/(60*$E$66) -> 8.1196581 | H75: =$E$50*$C35 -> 24.173056 | AA75: =G75 -> 8.1196581
B76: 1200 | C76: =(2*PI()*B76*$E$15)/(60*$E$62) -> 1.8737673 | D76: =(2*PI()*$B76*$E$15)/(60*$E$63) -> 2.9918787 | E76: =(2*PI()*$B76*$E$15)/(60*$E$64) -> 4.7771879 | F76: =(2*PI()*$B76*$E$15)/(60*$E$65) -> 7.627824 | G76: =(2*PI()*$B76*$E$15)/(60*$E$66) -> 12.179487 | H76: =$E$50*$C36 -> 41.094536 | AA76: =G76 -> 12.179487
B77: 1600 | C77: =(2*PI()*B77*$E$15)/(60*$E$62) -> 2.4983563 | D77: =(2*PI()*$B77*$E$15)/(60*$E$63) -> 3.9891716 | E77: =(2*PI()*$B77*$E$15)/(60*$E$64) -> 6.3695839 | F77: =(2*PI()*$B77*$E$15)/(60*$E$65) -> 10.170432 | G77: =(2*PI()*$B77*$E$15)/(60*$E$66) -> 16.239316 | H77: =$E$50*$C37 -> 59.029053 | AA77: =G77 -> 16.239316
B78: 2000 | C78: =(2*PI()*B78*$E$15)/(60*$E$62) -> 3.1229454 | D78: =(2*PI()*$B78*$E$15)/(60*$E$63) -> 4.9864645 | E78: =(2*PI()*$B78*$E$15)/(60*$E$64) -> 7.9619798 | F78: =(2*PI()*$B78*$E$15)/(60*$E$65) -> 12.71304 | G78: =(2*PI()*$B78*$E$15)/(60*$E$66) -> 20.299145 | H78: =$E$50*$C38 -> 76.318911 | AA78: =G78 -> 20.299145
B79: 2400 | C79: =(2*PI()*B79*$E$15)/(60*$E$62) -> 3.7475345 | D79: =(2*PI()*$B79*$E$15)/(60*$E$63) -> 5.9837574 | E79: =(2*PI()*$B79*$E$15)/(60*$E$64) -> 9.5543758 | F79: =(2*PI()*$B79*$E$15)/(60*$E$65) -> 15.255648 | G79: =(2*PI()*$B79*$E$15)/(60*$E$66) -> 24.358974 | H79: =$E$50*$C40 -> 91.30641 | AA79: =G79 -> 24.358974
B80: 2600 | C80: =(2*PI()*B80*$E$15)/(60*$E$62) -> 4.0598291 | D80: =(2*PI()*$B80*$E$15)/(60*$E$63) -> 6.4824039 | E80: =(2*PI()*$B80*$E$15)/(60*$E$64) -> 10.350574 | F80: =(2*PI()*$B80*$E$15)/(60*$E$65) -> 16.526952 | G80: =(2*PI()*$B80*$E$15)/(60*$E$66) -> 26.388889 | H80: =$E$50*$C41 -> 97.418745 | AA80: =G81 -> 25.069444
G81: =0.95*G80 -> 25.069444
B83: Các công suất cản
B84: v(m/s) | C84: Nf(kW) | D84: NW(kW) | E84: Nc(kW)
B85: 0 | C85: =($E$51*$B85*'THÔNG SỐ CHO TRƯỚC'!$E$23)/1000 -> 0 | D85: =('THÔNG SỐ CHO TRƯỚC'!$E$25*'THÔNG SỐ CHO TRƯỚC'!$E$26*'TÍNH TOÁN '!B85^(3))/1000 -> 0 | E85: =C85+D85 -> 0
B86: 5 | C86: =($E$51*$B86*'THÔNG SỐ CHO TRƯỚC'!$E$23)/1000 -> 5.65056 | D86: =('THÔNG SỐ CHO TRƯỚC'!$E$25*'THÔNG SỐ CHO TRƯỚC'!$E$26*'TÍNH TOÁN '!B86^(3))/1000 -> 0.365625 | E86: =C86+D86 -> 6.016185
B87: 10 | C87: =($E$51*$B87*'THÔNG SỐ CHO TRƯỚC'!$E$23)/1000 -> 11.30112 | D87: =('THÔNG SỐ CHO TRƯỚC'!$E$25*'THÔNG SỐ CHO TRƯỚC'!$E$26*'TÍNH TOÁN '!B87^(3))/1000 -> 2.925 | E87: =C87+D87 -> 14.22612
B88: 15 | C88: =($E$51*$B88*'THÔNG SỐ CHO TRƯỚC'!$E$23)/1000 -> 16.95168 | D88: =('THÔNG SỐ CHO TRƯỚC'!$E$25*'THÔNG SỐ CHO TRƯỚC'!$E$26*'TÍNH TOÁN '!B88^(3))/1000 -> 9.871875 | E88: =C88+D88 -> 26.823555
B89: 20 | C89: =($E$51*$B89*'THÔNG SỐ CHO TRƯỚC'!$E$23)/1000 -> 22.60224 | D89: =('THÔNG SỐ CHO TRƯỚC'!$E$25*'THÔNG SỐ CHO TRƯỚC'!$E$26*'TÍNH TOÁN '!B89^(3))/1000 -> 23.4 | E89: =C89+D89 -> 46.00224
B90: 22.2 | C90: =($E$51*$B90*'THÔNG SỐ CHO TRƯỚC'!$E$23)/(1000) -> 25.088486 | D90: =('THÔNG SỐ CHO TRƯỚC'!$E$25*'THÔNG SỐ CHO TRƯỚC'!$E$26*'TÍNH TOÁN '!B90^(3))/1000 -> 32.002565 | E90: =C90+D90 -> 57.091052
B91: 25 | C91: =($E$51*$B91*'THÔNG SỐ CHO TRƯỚC'!$E$23)/(1000)*(1+($B91^(2))/(1500)) -> 40.0248 | D91: =('THÔNG SỐ CHO TRƯỚC'!$E$25*'THÔNG SỐ CHO TRƯỚC'!$E$26*'TÍNH TOÁN '!B91^(3))/1000 -> 45.703125 | E91: =C91+D91 -> 85.727925
B92: 26.39 | C92: =($E$51*$B92*'THÔNG SỐ CHO TRƯỚC'!$E$23)/(1000)*(1+($B92^(2))/(1500)) -> 43.670423 | D92: =('THÔNG SỐ CHO TRƯỚC'!$E$25*'THÔNG SỐ CHO TRƯỚC'!$E$26*'TÍNH TOÁN '!B92^(3))/1000 -> 53.758116 | E92: =C92+D92 -> 97.428539
B96: Lực kéo tiếp tuyến tại bánh xe ở năm cấp số truyền
B97: Cách thực hiện | E97: Ta chọn lần lượt các giá trị ne, Me trong khoảng cầm chừng đến khi đạt cực đại sau đó áp dụng công thức để tính Pki
B98: Khoảng chọn ne | E98: từ 800 vòng/phút đến 2600 vòng/phút
B99: ne ( vòng/phút ) | C99: Pk1 | D99: Pk2 | E99: Pk3 | F99: Pk4 | G99: Pk5
B100: 800 | C100: =($E35*$E$62*$E$50)/$E$15 -> 19354.818 | D100: =($E35*$E$63*$E$50)/$E$15 -> 12121.623 | E100: =($E35*$E$64*$E$50)/$E$15 -> 7591.5844 | F100: =($E35*$E$65*$E$50)/$E$15 -> 4754.4916 | G100: =($E35*$E$66*$E$50)/$E$15 -> 2977.6644
B101: 1200 | C101: =($E36*$E$62*$E$50)/$E$15 -> 21935.643 | D101: =($E36*$E$63*$E$50)/$E$15 -> 13737.953 | E101: =($E36*$E$64*$E$50)/$E$15 -> 8603.867 | F101: =($E36*$E$65*$E$50)/$E$15 -> 5388.4685 | G101: =($E36*$E$66*$E$50)/$E$15 -> 3374.7143
B102: 1600 | C102: =($E37*$E$62*$E$50)/$E$15 -> 23631.613 | D102: =($E37*$E$63*$E$50)/$E$15 -> 14800.113 | E102: =($E37*$E$64*$E$50)/$E$15 -> 9269.0814 | F102: =($E37*$E$65*$E$50)/$E$15 -> 5805.082 | G102: =($E37*$E$66*$E$50)/$E$15 -> 3635.6328
B103: 2000 | C103: =($E38*$E$62*$E$50)/$E$15 -> 24442.73 | D103: =($E38*$E$63*$E$50)/$E$15 -> 15308.103 | E103: =($E38*$E$64*$E$50)/$E$15 -> 9587.2274 | F103: =($E38*$E$65*$E$50)/$E$15 -> 6004.3319 | G103: =($E38*$E$66*$E$50)/$E$15 -> 3760.4199
B104: 2400 | C104: =($E40*$E$62*$E$50)/$E$15 -> 24368.992 | D104: =($E40*$E$63*$E$50)/$E$15 -> 15261.922 | E104: =($E40*$E$64*$E$50)/$E$15 -> 9558.305 | F104: =($E40*$E$65*$E$50)/$E$15 -> 5986.2182 | G104: =($E40*$E$66*$E$50)/$E$15 -> 3749.0757
B105: 2600 | C105: =($E41*$E$62*$E$50)/$E$15 -> 24000.303 | D105: =($E41*$E$63*$E$50)/$E$15 -> 15031.017 | E105: =($E41*$E$64*$E$50)/$E$15 -> 9413.6932 | F105: =($E41*$E$65*$E$50)/$E$15 -> 5895.6501 | G105: =($E41*$E$66*$E$50)/$E$15 -> 3692.3542
G106: =($E42*$E$66*$E$50)/$E$15 -> 3733.0944
B110: Các lực cản và giới hạn bám
B111: Chọn cầu sau là câu chủ động. Khi tính sơ bộ giới hạn bám theo tải trọng tĩnh, lấy m=1
B112: v(m/s) | C112: Pψ = Pf (N) | D112: Pω(N) | E112: Pc(N) | F112: P𝜑(N)
B113: 0 | C113: =$E$51*'THÔNG SỐ CHO TRƯỚC'!$E$23 -> 1130.112 | D113: =$B113^(2)*'THÔNG SỐ CHO TRƯỚC'!$E$25*'THÔNG SỐ CHO TRƯỚC'!$E$26 -> 0 | E113: =C113+D113 -> 1130.112 | F113: =1*0.7*'TÍNH TOÁN '!$E$51*'TÍNH TOÁN '!$E$52 -> 39553.92
B114: 5 | C114: =$E$51*'THÔNG SỐ CHO TRƯỚC'!$E$23 -> 1130.112 | D114: =$B114^(2)*'THÔNG SỐ CHO TRƯỚC'!$E$25*'THÔNG SỐ CHO TRƯỚC'!$E$26 -> 73.125 | E114: =C114+D114 -> 1203.237 | F114: =1*0.7*'TÍNH TOÁN '!$E$51*'TÍNH TOÁN '!$E$52 -> 39553.92
B115: 10 | C115: =$E$51*'THÔNG SỐ CHO TRƯỚC'!$E$23 -> 1130.112 | D115: =$B115^(2)*'THÔNG SỐ CHO TRƯỚC'!$E$25*'THÔNG SỐ CHO TRƯỚC'!$E$26 -> 292.5 | E115: =C115+D115 -> 1422.612 | F115: =1*0.7*'TÍNH TOÁN '!$E$51*'TÍNH TOÁN '!$E$52 -> 39553.92
B116: 15 | C116: =$E$51*'THÔNG SỐ CHO TRƯỚC'!$E$23 -> 1130.112 | D116: =$B116^(2)*'THÔNG SỐ CHO TRƯỚC'!$E$25*'THÔNG SỐ CHO TRƯỚC'!$E$26 -> 658.125 | E116: =C116+D116 -> 1788.237 | F116: =1*0.7*'TÍNH TOÁN '!$E$51*'TÍNH TOÁN '!$E$52 -> 39553.92
B117: 20 | C117: =$E$51*'THÔNG SỐ CHO TRƯỚC'!$E$23 -> 1130.112 | D117: =$B117^(2)*'THÔNG SỐ CHO TRƯỚC'!$E$25*'THÔNG SỐ CHO TRƯỚC'!$E$26 -> 1170 | E117: =C117+D117 -> 2300.112 | F117: =1*0.7*'TÍNH TOÁN '!$E$51*'TÍNH TOÁN '!$E$52 -> 39553.92
B118: 22.2 | C118: =$E$51*'THÔNG SỐ CHO TRƯỚC'!$E$23 -> 1130.112 | D118: =$B118^(2)*'THÔNG SỐ CHO TRƯỚC'!$E$25*'THÔNG SỐ CHO TRƯỚC'!$E$26 -> 1441.557 | E118: =C118+D118 -> 2571.669 | F118: =1*0.7*'TÍNH TOÁN '!$E$51*'TÍNH TOÁN '!$E$52 -> 39553.92
B119: 25 | C119: =$E$51*'THÔNG SỐ CHO TRƯỚC'!$E$23*(1+($B119^(2))/(1500)) -> 1600.992 | D119: =$B119^(2)*'THÔNG SỐ CHO TRƯỚC'!$E$25*'THÔNG SỐ CHO TRƯỚC'!$E$26 -> 1828.125 | E119: =C119+D119 -> 3429.117 | F119: =1*0.7*'TÍNH TOÁN '!$E$51*'TÍNH TOÁN '!$E$52 -> 39553.92
B120: 26.39 | C120: =$E$51*'THÔNG SỐ CHO TRƯỚC'!$E$23*(1+($B120^(2))/(1500)) -> 1654.8095 | D120: =$B120^(2)*'THÔNG SỐ CHO TRƯỚC'!$E$25*'THÔNG SỐ CHO TRƯỚC'!$E$26 -> 2037.0639 | E120: =C120+D120 -> 3691.8734 | F120: =1*0.7*'TÍNH TOÁN '!$E$51*'TÍNH TOÁN '!$E$52 -> 39553.92
...

Sheet HD_THAM_KHAO
A1: CÁCH ĐỌC BẢN EXCEL ĐÃ CHỈNH
A4: Bản tham khảo này làm gì
A5: Giữ hai sheet nguồn và ảnh công thức. Sửa hoành độ điểm cuối số V ở ba đồ thị D, 1/j và thời gian từ 95 về đúng 90,25 km/h. Giữ bảng tích phân thưa làm đối chiếu; bổ sung lưới mịn và hành trình tăng tốc liên tục qua năm tay số.
A9: Giữ bộ thông số mới của bạn
A10: f0=0,015; η=0,85; ihI=6,5; ihV=1 (truyền thẳng); ip=1,25; δk=1,05+0,05ihk². Giữ phép đổi mômen Me=10000Ne/(1,047n) để đối chiếu đúng file nguồn. Không áp dụng kết quả 104,015 s của phương án cũ.
A14: Giả thiết bổ sung cho hành trình
A15: Chọn chuyển I→II→III→IV→V tại 2.600 vòng/phút theo miền bảng nguồn; ngắt lực kéo 1 s/lần; δcoast=1,05. Đây là lịch tham khảo, chưa tối ưu. Bắt đầu số I ở 800 vòng/phút; kết thúc tại 0,95vmax=90,25 km/h; chưa gồm khởi hành bằng ly hợp trượt.
A19: Phân biệt hai loại thời gian
A20: Bảng C189:G194 nguồn đặt t=0 riêng cho từng số. Nó là thời gian riêng τk(v), không phải toàn bộ quá trình. Khi nối số phải dùng t(v)=t_vào_số+τk(v)−τk(v_vào_số), cộng cả thời gian ngắt lực kéo và vào số mới tại vận tốc đã giảm.
A24: Công thức hình thang của bạn đúng
A25: Δt=(1/jA+1/jB)(vB−vA)/2; tB=tA+Δt. ΔS=(vA/jA+vB/jB)(vB−vA)/2; SB=SA+ΔS. Tất cả vận tốc trong phép tính là m/s. Việc dùng các khoảng quá rộng, nhất là đi xuyên ngưỡng đổi f, mới làm sai số lớn.
A29: Tại sao có hai dòng ở 22,2 m/s
... A65: Mở bằng Excel hoặc phần mềm tương thích .xlsx. File có giá trị lưu sẵn cho từng công thức để đọc ngay; các phần mềm khác nhau có thể hiển thị ảnh trong ô của nguồn khác nhau. Bản gốc được giữ riêng và không ghi đè.
B69: THAM_SO_MOI
B70: TICH_PHAN_SO_V
B71: HANH_TRINH
B72: TONG_HOP
B73: DO_THI_MOI

Sheet THAM_SO_MOI
A1: THÔNG SỐ LIÊN KẾT VÀ GIẢ THIẾT BỔ SUNG
A2: Các ô công thức liên kết dữ liệu nguồn. Chỉnh đầu vào xe ở hai sheet gốc; chỉnh lịch chuyển số tại các ô màu xanh tại đây. Kiểm tra trạng thái lưới tại TONG_HOP sau mỗi lần đổi.
A5: Mã | B5: Đại lượng | C5: Giá trị | D5: Đơn vị | E5: Cơ sở / cách dùng
A6: m0 | B6: Khối lượng bản thân | C6: ='THÔNG SỐ CHO TRƯỚC'!E9 -> 3450 | D6: kg | E6: Theo Excel nguồn
A7: payload | B7: Khối lượng hàng | C7: ='THÔNG SỐ CHO TRƯỚC'!E10 -> 4100 | D7: kg | E7: Theo Excel nguồn
A8: persons | B8: Số người | C8: ='THÔNG SỐ CHO TRƯỚC'!E8 -> 2 | D8: người | E8: Theo Excel nguồn
A9: person_mass | B9: Khối lượng mỗi người | C9: ='THÔNG SỐ CHO TRƯỚC'!E21 -> 65 | D9: kg | E9: Theo Excel nguồn
A10: gravity | B10: Gia tốc trọng trường | C10: 9.81 | D10: m/s² | E10: Hằng số dùng trong nguồn
A11: mass | B11: Khối lượng toàn tải | C11: ='THAM_SO_MOI'!$C$6+'THAM_SO_MOI'!$C$7+'THAM_SO_MOI'!$C$8*'THAM_SO_MOI'!$C$9 -> 7680 | D11: kg | E11: Bản thân + hàng + người
A12: weight | B12: Trọng lượng toàn tải | C12: ='THAM_SO_MOI'!$C$11*'THAM_SO_MOI'!$C$10 -> 75340.8 | D12: N | E12: M g
A13: f0 | B13: Hệ số cản lăn cơ sở | C13: ='THÔNG SỐ CHO TRƯỚC'!E23 -> 0.015 | D13: — | E13: Giữ 0,015 của file mới
A14: threshold | B14: Ngưỡng đổi nhánh cản lăn | C14: 22.2 | D14: m/s | E14: Giữ quy luật IF của nguồn; tách tích phân
A15: K | B15: Hệ số cản không khí | C15: ='THÔNG SỐ CHO TRƯỚC'!E25 -> 0.65 | D15: N·s²/m⁴ | E15: Theo Excel nguồn
A16: F | B16: Diện tích cản chính diện | C16: ='THÔNG SỐ CHO TRƯỚC'!E26 -> 4.5 | D16: m² | E16: Theo Excel nguồn
A17: eta | B17: Hiệu suất truyền lực | C17: ='THÔNG SỐ CHO TRƯỚC'!E27 -> 0.85 | D17: — | E17: Theo Excel nguồn
A18: vmax_kmh | B18: Vận tốc cực đại danh nghĩa | C18: ='THÔNG SỐ CHO TRƯỚC'!E13 -> 95 | D18: km/h | E18: Theo đề
A19: vmax | B19: Vận tốc cực đại danh nghĩa SI | C19: ='THAM_SO_MOI'!$C$18/3.6 -> 26.388889 | D19: m/s | E19: vmax(km/h)/3,6
A20: lambda_v | B20: Tỷ số nv/nN | C20: ='THÔNG SỐ CHO TRƯỚC'!E28 -> 0.9 | D20: — | E20: Theo nguồn
A21: nv | B21: Vòng tua tại vmax danh nghĩa | C21: ='THÔNG SỐ CHO TRƯỚC'!E29 -> 2600 | D21: v/ph | E21: 2.600 vòng/phút
A22: nN | B22: Vòng tua chuẩn đặc tính | C22: ='THAM_SO_MOI'!$C$21/'THAM_SO_MOI'!$C$20 -> 2888.8889 | D22: v/ph | E22: nv/λ; không gọi nv là nN
A23: a | B23: Hệ số đa thức a | C23: ='THÔNG SỐ CHO TRƯỚC'!E30 -> 0.5 | D23: — | E23: Theo nguồn
A24: b | B24: Hệ số đa thức b | C24: ='THÔNG SỐ CHO TRƯỚC'!E31 -> 1.5 | D24: — | E24: Theo nguồn
A25: c | B25: Hệ số đa thức c | C25: ='THÔNG SỐ CHO TRƯỚC'!E32 -> 1 | D25: — | E25: Theo nguồn
A26: rb | B26: Bán kính lăn | C26: ='TÍNH TOÁN '!E15 -> 0.3921125 | D26: m | E26: Theo nguồn
A27: ip | B27: Tỷ số hộp số phụ | C27: ='TÍNH TOÁN '!E46 -> 1.25 | D27: — | E27: Theo nguồn
A28: ih1 | B28: Tỷ số số I | C28: ='TÍNH TOÁN '!E57 -> 6.5 | D28: — | E28: Giữ 6,5
A29: top | B29: Tỷ số số V | C29: ='TÍNH TOÁN '!E61 -> 1 | D29: — | E29: Giữ truyền thẳng 1
A30: i0 | B30: Tỷ số truyền lực chính | C30: ='TÍNH TOÁN '!E48 -> 3.2365441 | D30: — | E30: Theo nguồn
A31: coef | B31: Hệ số đổi Ne(kW)/n sang Me | C31: =10000/1.047 -> 9551.0984 | D31: — | E31: Giữ xấp xỉ của nguồn; cao hơn hệ số chính xác 0,0188683%
A32: nmin | B32: Vòng tua bắt đầu pha số I | C32: 800 | D32: v/ph | E32: Giả thiết tham khảo; chưa gồm khởi hành ly hợp trượt
A33: nshift | B33: Vòng tua chuyển I→II→III→IV→V | C33: 2600 | D33: v/ph | E33: Chọn 2.600 theo giới hạn bảng nguồn; chưa tối ưu
A34: shift_seconds | B34: Thời gian ngắt lực kéo mỗi lần | C34: 1 | D34: s | E34: Giả thiết bổ sung: 1 giây/lần
A35: delta_coast | B35: Hệ số quán tính lúc ngắt lực kéo | C35: 1.05 | D35: — | E35: Giả thiết bổ sung: 1,05
A36: target_factor | B36: Tỷ lệ vận tốc kết thúc / vmax | C36: 0.95 | D36: — | E36: Giữ 0,95 của nguồn
A37: target | B37: Vận tốc kết thúc SI | C37: ='THAM_SO_MOI'!$C$36*'THAM_SO_MOI'!$C$19 -> 25.069444 | D37: m/s | E37: 0,95 vmax
A38: fvmax | B38: f tại vmax danh nghĩa | C38: =IF('THAM_SO_MOI'!$C$19<='THAM_SO_MOI'!$C$14,'THAM_SO_MOI'!$C$13,'THAM_SO_MOI'!$C$13*(1+'THAM_SO_MOI'!$C$19^2/1500)) -> 0.021963735 | D38: — | E38: Theo quy luật IF của nguồn
A39: Nv | B39: Công suất cần tại vmax | C39: =('THAM_SO_MOI'!$C$12*'THAM_SO_MOI'!$C$38+'THAM_SO_MOI'!$C$15*'THAM_SO_MOI'!$C$16*'THAM_SO_MOI'!$C$19^2)*'THAM_SO_MOI'!$C$19/(1000*'THAM_SO_MOI'!$C$17) -> 114.61029 | D39: kW | E39: (Gf+KFv²)v/(1000η)
A40: Nmax | B40: Tham số công suất chuẩn | C40: ='THAM_SO_MOI'!$C$39/('THAM_SO_MOI'!$C$23*'THAM_SO_MOI'!$C$20+'THAM_SO_MOI'!$C$24*'THAM_SO_MOI'!$C$20^2-'THAM_SO_MOI'!$C$25*'THAM_SO_MOI'!$C$20^3) -> 122.44689 | D40: kW | E40: Theo đa thức nguồn; chỉ dùng miền n≤nN
A41: Pphi | B41: Giới hạn bám tĩnh | C41: ='TÍNH TOÁN '!F113 -> 39553.92 | D41: N | E41: Giữ m=1, cầu sau chủ động
A42: N | B42: Số khoảng mỗi miền trơn | C42: 800 | D42: khoảng | E42: Cấu trúc lưới: 800. Không đổi ô này riêng; cần tạo lại lưới.
A43: coast_steps | B43: Số bước RK4 mỗi lần chuyển | C43: 20 | D43: bước | E43: Cấu trúc lưới: 20. Δτ=thời gian ngắt/20.
A44: delta_base | B44: Thành phần cố định của δ | C44: 1.05 | D44: — | E44: Giữ công thức δ=1,05+0,05 ih²
A45: delta_factor | B45: Hệ số theo ih² | C45: 0.05 | D45: — | E45: Giữ công thức nguồn, chưa tự nhân thêm ip²
A48: Tay số | B48: ih | C48: it = ih ip i0 | D48: δ | E48: v tại nmin (m/s) | F48: v tại n chuyển (m/s) | G48: Nguồn
A49: 1 | B49: ='TÍNH TOÁN '!E57 -> 6.5 | C49: =B49*'THAM_SO_MOI'!$C$27*'THAM_SO_MOI'!$C$30 -> 26.296921 | D49: ='THAM_SO_MOI'!$C$44+'THAM_SO_MOI'!$C$45*B49^2 -> 3.1625 | E49: =2*PI()*'THAM_SO_MOI'!$C$26*'THAM_SO_MOI'!$C$32/(60*C49) -> 1.2491782 | F49: =2*PI()*'THAM_SO_MOI'!$C$26*'THAM_SO_MOI'!$C$33/(60*C49) -> 4.0598291 | G49: Theo tỷ số truyền nguồn
A50: 2 | B50: ='TÍNH TOÁN '!E58 -> 4.0708492 | C50: =B50*'THAM_SO_MOI'!$C$27*'THAM_SO_MOI'!$C$30 -> 16.469354 | D50: ='THAM_SO_MOI'!$C$44+'THAM_SO_MOI'!$C$45*B50^2 -> 1.8785907 | E50: =2*PI()*'THAM_SO_MOI'!$C$26*'THAM_SO_MOI'!$C$32/(60*C50) -> 1.9945858 | F50: =2*PI()*'THAM_SO_MOI'!$C$26*'THAM_SO_MOI'!$C$33/(60*C50) -> 6.4824039 | G50: Theo tỷ số truyền nguồn
A51: 3 | B51: ='TÍNH TOÁN '!E59 -> 2.5495098 | C51: =B51*'THAM_SO_MOI'!$C$27*'THAM_SO_MOI'!$C$30 -> 10.314501 | D51: ='THAM_SO_MOI'!$C$44+'THAM_SO_MOI'!$C$45*B51^2 -> 1.375 | E51: =2*PI()*'THAM_SO_MOI'!$C$26*'THAM_SO_MOI'!$C$32/(60*C51) -> 3.1847919 | F51: =2*PI()*'THAM_SO_MOI'!$C$26*'THAM_SO_MOI'!$C$33/(60*C51) -> 10.350574 | G51: Theo tỷ số truyền nguồn
A52: 4 | B52: ='TÍNH TOÁN '!E60 -> 1.5967184 | C52: =B52*'THAM_SO_MOI'!$C$27*'THAM_SO_MOI'!$C$30 -> 6.4598121 | D52: ='THAM_SO_MOI'!$C$44+'THAM_SO_MOI'!$C$45*B52^2 -> 1.1774755 | E52: =2*PI()*'THAM_SO_MOI'!$C$26*'THAM_SO_MOI'!$C$32/(60*C52) -> 5.085216 | F52: =2*PI()*'THAM_SO_MOI'!$C$26*'THAM_SO_MOI'!$C$33/(60*C52) -> 16.526952 | G52: Theo tỷ số truyền nguồn
A53: 5 | B53: ='TÍNH TOÁN '!E61 -> 1 | C53: =B53*'THAM_SO_MOI'!$C$27*'THAM_SO_MOI'!$C$30 -> 4.0456802 | D53: ='THAM_SO_MOI'!$C$44+'THAM_SO_MOI'!$C$45*B53^2 -> 1.1 | E53: =2*PI()*'THAM_SO_MOI'!$C$26*'THAM_SO_MOI'!$C$32/(60*C53) -> 8.1196581 | F53: =2*PI()*'THAM_SO_MOI'!$C$26*'THAM_SO_MOI'!$C$33/(60*C53) -> 26.388889 | G53: Theo tỷ số truyền nguồn

Sheet TICH_PHAN_SO_V
A1: TÍCH PHÂN RIÊNG SỐ V — TÁCH NGƯỠNG CẢN LĂN
A2: Đây là phép kiểm tra riêng số V từ 800 vòng/phút đến 0,95 vmax, chưa phải quá trình tăng tốc toàn xe. Hai dòng cùng v=22,2 có 1/j khác nhau nhưng Δt=ΔS=0 ở dòng bắt đầu nhánh trên.
A5: Pha | B5: Số | C5: Loại | D5: Nhánh f | E5: n (v/ph) | F5: v (m/s) | G5: v (km/h) | H5: δ | I5: f(v) | J5: Ne (kW) | K5: Me (N·m) | L5: Pk (N) | M5: Pw (N) | N5: Pf (N) | O5: Pc (N) | P5: j (m/s²) | Q5: 1/j (s²/m) | R5: Δv (m/s) | S5: Δt (s) | T5: ΔS (m) | U5: t tích lũy (s) | V5: S tích lũy (m) | W5: k1 (m/s²) | X5: v2 RK4 | Y5: k2 (m/s²) | Z5: v3 RK4 | AA5: k3 (m/s²) | AB5: v4 RK4 | AC5: k4 (m/s²)
A6: Số V riêng | B6: 5 | C6: kéo | D6: low | E6: =60*F6*'THAM_SO_MOI'!$C$53/(2*PI()*'THAM_SO_MOI'!$C$26) -> 800 | F6: ='THAM_SO_MOI'!$E$53+('THAM_SO_MOI'!$C$14-'THAM_SO_MOI'!$E$53)*0/'THAM_SO_MOI'!$C$42 -> 8.1196581 | G6: =3.6*F6 -> 29.230769 | H6: ='THAM_SO_MOI'!$D$53 -> 1.1 | I6: =IF(F6>'THAM_SO_MOI'!$C$14,'THAM_SO_MOI'!$C$13*(1+F6^2/1500),'THAM_SO_MOI'!$C$13) -> 0.015 | J6: ='THAM_SO_MOI'!$C$40*('THAM_SO_MOI'!$C$23*(E6/'THAM_SO_MOI'!$C$22)+'THAM_SO_MOI'!$C$24*(E6/'THAM_SO_MOI'!$C$22)^2-'THAM_SO_MOI'!$C$25*(E6/'THAM_SO_MOI'!$C$22)^3) -> 28.438889 | K6: ='THAM_SO_MOI'!$C$31*J6/E6 -> 339.52828 | L6: =K6*'THAM_SO_MOI'!$C$53*'THAM_SO_MOI'!$C$17/'THAM_SO_MOI'!$C$26 -> 2977.6644 | M6: ='THAM_SO_MOI'!$C$15*'THAM_SO_MOI'!$C$16*F6^2 -> 192.84188 | N6: ='THAM_SO_MOI'!$C$12*I6 -> 1130.112 | O6: =M6+N6 -> 1322.9539 | P6: =(MIN(L6,'THAM_SO_MOI'!$C$41)-O6)/('THAM_SO_MOI'!$C$11*H6) -> 0.19587009 | Q6: =IF(P6>0,1/P6,NA()) -> 5.1054248 | R6: =0 -> 0 | S6: =0 -> 0 | T6: =0 -> 0 | U6: =S6 -> 0 | V6: =T6 -> 0
A7: Số V riêng | B7: 5 | C7: kéo | D7: low | E7: =60*F7*'THAM_SO_MOI'!$C$53/(2*PI()*'THAM_SO_MOI'!$C$26) -> 801.73411 | F7: ='THAM_SO_MOI'!$E$53+('THAM_SO_MOI'!$C$14-'THAM_SO_MOI'!$E$53)*1/'THAM_SO_MOI'!$C$42 -> 8.1372585 | G7: =3.6*F7 -> 29.294131 | H7: ='THAM_SO_MOI'!$D$53 -> 1.1 | I7: =IF(F7>'THAM_SO_MOI'!$C$14,'THAM_SO_MOI'!$C$13*(1+F7^2/1500),'THAM_SO_MOI'!$C$13) -> 0.015 | J7: ='THAM_SO_MOI'!$C$40*('THAM_SO_MOI'!$C$23*(E7/'THAM_SO_MOI'!$C$22)+'THAM_SO_MOI'!$C$24*(E7/'THAM_SO_MOI'!$C$22)^2-'THAM_SO_MOI'!$C$25*(E7/'THAM_SO_MOI'!$C$22)^3) -> 28.519822 | K7: ='THAM_SO_MOI'!$C$31*J7/E7 -> 339.75806 | L7: =K7*'THAM_SO_MOI'!$C$53*'THAM_SO_MOI'!$C$17/'THAM_SO_MOI'!$C$26 -> 2979.6795 | M7: ='THAM_SO_MOI'!$C$15*'THAM_SO_MOI'!$C$16*F7^2 -> 193.67881 | N7: ='THAM_SO_MOI'!$C$12*I7 -> 1130.112 | O7: =M7+N7 -> 1323.7908 | P7: =(MIN(L7,'THAM_SO_MOI'!$C$41)-O7)/('THAM_SO_MOI'!$C$11*H7) -> 0.19600955 | Q7: =IF(P7>0,1/P7,NA()) -> 5.1017922 | R7: =F7-F6 -> 0.017600427 | S7: =0.5*(Q6+Q7)*R7 -> 0.089825691 | T7: =0.5*(F6*Q6+F7*Q7)*R7 -> 0.7301441 | U7: =U6+S7 -> 0.089825691 | V7: =V6+T7 -> 0.7301441
A8: Số V riêng | B8: 5 | C8: kéo | D8: low | E8: =60*F8*'THAM_SO_MOI'!$C$53/(2*PI()*'THAM_SO_MOI'!$C$26) -> 803.46821 | F8: ='THAM_SO_MOI'!$E$53+('THAM_SO_MOI'!$C$14-'THAM_SO_MOI'!$E$53)*2/'THAM_SO_MOI'!$C$42 -> 8.154859 | G8: =3.6*F8 -> 29.357492 | H8: ='THAM_SO_MOI'!$D$53 -> 1.1 | I8: =IF(F8>'THAM_SO_MOI'!$C$14,'THAM_SO_MOI'!$C$13*(1+F8^2/1500),'THAM_SO_MOI'!$C$13) -> 0.015 | J8: ='THAM_SO_MOI'!$C$40*('THAM_SO_MOI'!$C$23*(E8/'THAM_SO_MOI'!$C$22)+'THAM_SO_MOI'!$C$24*(E8/'THAM_SO_MOI'!$C$22)^2-'THAM_SO_MOI'!$C$25*(E8/'THAM_SO_MOI'!$C$22)^3) -> 28.600813 | K8: ='THAM_SO_MOI'!$C$31*J8/E8 -> 339.98754 | L8: =K8*'THAM_SO_MOI'!$C$53*'THAM_SO_MOI'!$C$17/'THAM_SO_MOI'!$C$26 -> 2981.6921 | M8: ='THAM_SO_MOI'!$C$15*'THAM_SO_MOI'!$C$16*F8^2 -> 194.51755 | N8: ='THAM_SO_MOI'!$C$12*I8 -> 1130.112 | O8: =M8+N8 -> 1324.6295 | P8: =(MIN(L8,'THAM_SO_MOI'!$C$41)-O8)/('THAM_SO_MOI'!$C$11*H8) -> 0.1961485 | Q8: =IF(P8>0,1/P8,NA()) -> 5.0981782 | R8: =F8-F7 -> 0.017600427 | S8: =0.5*(Q7+Q8)*R8 -> 0.089761919 | T8: =0.5*(F7*Q7+F8*Q8)*R8 -> 0.73120559 | U8: =U7+S8 -> 0.17958761 | V8: =V7+T8 -> 1.4613497
A9: Số V riêng | B9: 5 | C9: kéo | D9: low | E9: =60*F9*'THAM_SO_MOI'!$C$53/(2*PI()*'THAM_SO_MOI'!$C$26) -> 805.20232 | F9: ='THAM_SO_MOI'!$E$53+('THAM_SO_MOI'!$C$14-'THAM_SO_MOI'!$E$53)*3/'THAM_SO_MOI'!$C$42 -> 8.1724594 | G9: =3.6*F9 -> 29.420854 | H9: ='THAM_SO_MOI'!$D$53 -> 1.1 | I9: =IF(F9>'THAM_SO_MOI'!$C$14,'THAM_SO_MOI'!$C$13*(1+F9^2/1500),'THAM_SO_MOI'!$C$13) -> 0.015 | J9: ='THAM_SO_MOI'!$C$40*('THAM_SO_MOI'!$C$23*(E9/'THAM_SO_MOI'!$C$22)+'THAM_SO_MOI'!$C$24*(E9/'THAM_SO_MOI'!$C$22)^2-'THAM_SO_MOI'!$C$25*(E9/'THAM_SO_MOI'!$C$22)^3) -> 28.681863 | K9: ='THAM_SO_MOI'!$C$31*J9/E9 -> 340.21673 | L9: =K9*'THAM_SO_MOI'!$C$53*'THAM_SO_MOI'!$C$17/'THAM_SO_MOI'!$C$26 -> 2983.7021 | M9: ='THAM_SO_MOI'!$C$15*'THAM_SO_MOI'!$C$16*F9^2 -> 195.3581 | N9: ='THAM_SO_MOI'!$C$12*I9 -> 1130.112 | O9: =M9+N9 -> 1325.4701 | P9: =(MIN(L9,'THAM_SO_MOI'!$C$41)-O9)/('THAM_SO_MOI'!$C$11*H9) -> 0.19628693 | Q9: =IF(P9>0,1/P9,NA()) -> 5.0945828 | R9: =F9-F8 -> 0.017600427 | S9: =0.5*(Q8+Q9)*R9 -> 0.089698475 | T9: =0.5*(F8*Q8+F9*Q9)*R9 -> 0.7322675 | U9: =U8+S9 -> 0.26928608 | V9: =V8+T9 -> 2.1936172
A10: Số V riêng | B10: 5 | C10: kéo | D10: low | E10: =60*F10*'THAM_SO_MOI'!$C$53/(2*PI()*'THAM_SO_MOI'!$C$26) -> 806.93642 | F10: ='THAM_SO_MOI'!$E$53+('THAM_SO_MOI'!$C$14-'THAM_SO_MOI'!$E$53)*4/'THAM_SO_MOI'!$C$42 -> 8.1900598 | G10: =3.6*F10 -> 29.484215 | H10: ='THAM_SO_MOI'!$D$53 -> 1.1 | I10: =IF(F10>'THAM_SO_MOI'!$C$14,'THAM_SO_MOI'!$C$13*(1+F10^2/1500),'THAM_SO_MOI'!$C$13) -> 0.015 | J10: ='THAM_SO_MOI'!$C$40*('THAM_SO_MOI'!$C$23*(E10/'THAM_SO_MOI'!$C$22)+'THAM_SO_MOI'!$C$24*(E10/'THAM_SO_MOI'!$C$22)^2-'THAM_SO_MOI'!$C$25*(E10/'THAM_SO_MOI'!$C$22)^3) -> 28.762972 | K10: ='THAM_SO_MOI'!$C$31*J10/E10 -> 340.44563 | L10: =K10*'THAM_SO_MOI'!$C$53*'THAM_SO_MOI'!$C$17/'THAM_SO_MOI'!$C$26 -> 2985.7095 | M10: ='THAM_SO_MOI'!$C$15*'THAM_SO_MOI'!$C$16*F10^2 -> 196.20046 | N10: ='THAM_SO_MOI'!$C$12*I10 -> 1130.112 | O10: =M10+N10 -> 1326.3125 | P10: =(MIN(L10,'THAM_SO_MOI'!$C$41)-O10)/('THAM_SO_MOI'!$C$11*H10) -> 0.19642484 | Q10: =IF(P10>0,1/P10,NA()) -> 5.0910058 | R10: =F10-F9 -> 0.017600427 | S10: =0.5*(Q9+Q10)*R10 -> 0.089635356 | T10: =0.5*(F9*Q9+F10*Q10)*R10 -> 0.73332984 | U10: =U9+S10 -> 0.35892144 | V10: =V9+T10 -> 2.926947
A11: Số V riêng | B11: 5 | C11: kéo | D11: low | E11: =60*F11*'THAM_SO_MOI'!$C$53/(2*PI()*'THAM_SO_MOI'!$C$26) -> 808.67053 | F11: ='THAM_SO_MOI'!$E$53+('THAM_SO_MOI'!$C$14-'THAM_SO_MOI'!$E$53)*5/'THAM_SO_MOI'!$C$42 -> 8.2076603 | G11: =3.6*F11 -> 29.547577 | H11: ='THAM_SO_MOI'!$D$53 -> 1.1 | I11: =IF(F11>'THAM_SO_MOI'!$C$14,'THAM_SO_MOI'!$C$13*(1+F11^2/1500),'THAM_SO_MOI'!$C$13) -> 0.015 | J11: ='THAM_SO_MOI'!$C$40*('THAM_SO_MOI'!$C$23*(E11/'THAM_SO_MOI'!$C$22)+'THAM_SO_MOI'!$C$24*(E11/'THAM_SO_MOI'!$C$22)^2-'THAM_SO_MOI'!$C$25*(E11/'THAM_SO_MOI'!$C$22)^3) -> 28.84414 | K11: ='THAM_SO_MOI'!$C$31*J11/E11 -> 340.67424 | L11: =K11*'THAM_SO_MOI'!$C$53*'THAM_SO_MOI'!$C$17/'THAM_SO_MOI'!$C$26 -> 2987.7144 | M11: ='THAM_SO_MOI'!$C$15*'THAM_SO_MOI'!$C$16*F11^2 -> 197.04463 | N11: ='THAM_SO_MOI'!$C$12*I11 -> 1130.112 | O11: =M11+N11 -> 1327.1566 | P11: =(MIN(L11,'THAM_SO_MOI'!$C$41)-O11)/('THAM_SO_MOI'!$C$11*H11) -> 0.19656223 | Q11: =IF(P11>0,1/P11,NA()) -> 5.0874473 | R11: =F11-F10 -> 0.017600427 | S11: =0.5*(Q10+Q11)*R11 -> 0.089572562 | T11: =0.5*(F10*Q10+F11*Q11)*R11 -> 0.73439262 | U11: =U10+S11 -> 0.448494 | V11: =V10+T11 -> 3.6613397
A12: Số V riêng | B12: 5 | C12: kéo | D12: low | E12: =60*F12*'THAM_SO_MOI'!$C$53/(2*PI()*'THAM_SO_MOI'!$C$26) -> 810.40463 | F12: ='THAM_SO_MOI'!$E$53+('THAM_SO_MOI'!$C$14-'THAM_SO_MOI'!$E$53)*6/'THAM_SO_MOI'!$C$42 -> 8.2252607 | G12: =3.6*F12 -> 29.610938 | H12: ='THAM_SO_MOI'!$D$53 -> 1.1 | I12: =IF(F12>'THAM_SO_MOI'!$C$14,'THAM_SO_MOI'!$C$13*(1+F12^2/1500),'THAM_SO_MOI'!$C$13) -> 0.015 | J12: ='THAM_SO_MOI'!$C$40*('THAM_SO_MOI'!$C$23*(E12/'THAM_SO_MOI'!$C$22)+'THAM_SO_MOI'!$C$24*(E12/'THAM_SO_MOI'!$C$22)^2-'THAM_SO_MOI'!$C$25*(E12/'THAM_SO_MOI'!$C$22)^3) -> 28.925365 | K12: ='THAM_SO_MOI'!$C$31*J12/E12 -> 340.90255 | L12: =K12*'THAM_SO_MOI'!$C$53*'THAM_SO_MOI'!$C$17/'THAM_SO_MOI'!$C$26 -> 2989.7167 | M12: ='THAM_SO_MOI'!$C$15*'THAM_SO_MOI'!$C$16*F12^2 -> 197.89062 | N12: ='THAM_SO_MOI'!$C$12*I12 -> 1130.112 | O12: =M12+N12 -> 1328.0026 | P12: =(MIN(L12,'THAM_SO_MOI'!$C$41)-O12)/('THAM_SO_MOI'!$C$11*H12) -> 0.19669911 | Q12: =IF(P12>0,1/P12,NA()) -> 5.083907 | R12: =F12-F11 -> 0.017600427 | S12: =0.5*(Q11+Q12)*R12 -> 0.089510091 | T12: =0.5*(F11*Q11+F12*Q12)*R12 -> 0.73545585 | U12: =U11+S12 -> 0.53800409 | V12: =V11+T12 -> 4.3967955
A13: Số V riêng | B13: 5 | C13: kéo | D13: low | E13: =60*F13*'THAM_SO_MOI'!$C$53/(2*PI()*'THAM_SO_MOI'!$C$26) -> 812.13874 | F13: ='THAM_SO_MOI'!$E$53+('THAM_SO_MOI'!$C$14-'THAM_SO_MOI'!$E$53)*7/'THAM_SO_MOI'!$C$42 -> 8.2428611 | G13: =3.6*F13 -> 29.6743 | H13: ='THAM_SO_MOI'!$D$53 -> 1.1 | I13: =IF(F13>'THAM_SO_MOI'!$C$14,'THAM_SO_MOI'!$C$13*(1+F13^2/1500),'THAM_SO_MOI'!$C$13) -> 0.015 | J13: ='THAM_SO_MOI'!$C$40*('THAM_SO_MOI'!$C$23*(E13/'THAM_SO_MOI'!$C$22)+'THAM_SO_MOI'!$C$24*(E13/'THAM_SO_MOI'!$C$22)^2-'THAM_SO_MOI'!$C$25*(E13/'THAM_SO_MOI'!$C$22)^3) -> 29.006649 | K13: ='THAM_SO_MOI'!$C$31*J13/E13 -> 341.13058 | L13: =K13*'THAM_SO_MOI'!$C$53*'THAM_SO_MOI'!$C$17/'THAM_SO_MOI'!$C$26 -> 2991.7165 | M13: ='THAM_SO_MOI'!$C$15*'THAM_SO_MOI'!$C$16*F13^2 -> 198.73842 | N13: ='THAM_SO_MOI'!$C$12*I13 -> 1130.112 | O13: =M13+N13 -> 1328.8504 | P13: =(MIN(L13,'THAM_SO_MOI'!$C$41)-O13)/('THAM_SO_MOI'!$C$11*H13) -> 0.19683547 | Q13: =IF(P13>0,1/P13,NA()) -> 5.0803851 | R13: =F13-F12 -> 0.017600427 | S13: =0.5*(Q12+Q13)*R13 -> 0.089447943 | T13: =0.5*(F12*Q12+F13*Q13)*R13 -> 0.73651954 | U13: =U12+S13 -> 0.62745204 | V13: =V12+T13 -> 5.133315
A14: Số V riêng | B14: 5 | C14: kéo | D14: low | E14: =60*F14*'THAM_SO_MOI'!$C$53/(2*PI()*'THAM_SO_MOI'!$C$26) -> 813.87284 | F14: ='THAM_SO_MOI'!$E$53+('THAM_SO_MOI'!$C$14-'THAM_SO_MOI'!$E$53)*8/'THAM_SO_MOI'!$C$42 -> 8.2604615 | G14: =3.6*F14 -> 29.737662 | H14: ='THAM_SO_MOI'!$D$53 -> 1.1 | I14: =IF(F14>'THAM_SO_MOI'!$C$14,'THAM_SO_MOI'!$C$13*(1+F14^2/1500),'THAM_SO_MOI'!$C$13) -> 0.015 | J14: ='THAM_SO_MOI'!$C$40*('THAM_SO_MOI'!$C$23*(E14/'THAM_SO_MOI'!$C$22)+'THAM_SO_MOI'!$C$24*(E14/'THAM_SO_MOI'!$C$22)^2-'THAM_SO_MOI'!$C$25*(E14/'THAM_SO_MOI'!$C$22)^3) -> 29.08799 | K14: ='THAM_SO_MOI'!$C$31*J14/E14 -> 341.35831 | L14: =K14*'THAM_SO_MOI'!$C$53*'THAM_SO_MOI'!$C$17/'THAM_SO_MOI'!$C$26 -> 2993.7137 | M14: ='THAM_SO_MOI'!$C$15*'THAM_SO_MOI'!$C$16*F14^2 -> 199.58803 | N14: ='THAM_SO_MOI'!$C$12*I14 -> 1130.112 | O14: =M14+N14 -> 1329.7 | P14: =(MIN(L14,'THAM_SO_MOI'!$C$41)-O14)/('THAM_SO_MOI'!$C$11*H14) -> 0.19697131 | Q14: =IF(P14>0,1/P14,NA()) -> 5.0768814 | R14: =F14-F13 -> 0.017600427 | S14: =0.5*(Q13+Q14)*R14 -> 0.089386116 | T14: =0.5*(F13*Q13+F14*Q14)*R14 -> 0.73758368 | U14: =U13+S14 -> 0.71683815 | V14: =V13+T14 -> 5.8708987
A15: Số V riêng | B15: 5 | C15: kéo | D15: low | E15: =60*F15*'THAM_SO_MOI'!$C$53/(2*PI()*'THAM_SO_MOI'!$C$26) -> 815.60695 | F15: ='THAM_SO_MOI'!$E$53+('THAM_SO_MOI'!$C$14-'THAM_SO_MOI'!$E$53)*9/'THAM_SO_MOI'!$C$42 -> 8.278062 | G15: =3.6*F15 -> 29.801023 | H15: ='THAM_SO_MOI'!$D$53 -> 1.1 | I15: =IF(F15>'THAM_SO_MOI'!$C$14,'THAM_SO_MOI'!$C$13*(1+F15^2/1500),'THAM_SO_MOI'!$C$13) -> 0.015 | J15: ='THAM_SO_MOI'!$C$40*('THAM_SO_MOI'!$C$23*(E15/'THAM_SO_MOI'!$C$22)+'THAM_SO_MOI'!$C$24*(E15/'THAM_SO_MOI'!$C$22)^2-'THAM_SO_MOI'!$C$25*(E15/'THAM_SO_MOI'!$C$22)^3) -> 29.16939 | K15: ='THAM_SO_MOI'!$C$31*J15/E15 -> 341.58575 | L15: =K15*'THAM_SO_MOI'!$C$53*'THAM_SO_MOI'!$C$17/'THAM_SO_MOI'!$C$26 -> 2995.7083 | M15: ='THAM_SO_MOI'!$C$15*'THAM_SO_MOI'!$C$16*F15^2 -> 200.43946 | N15: ='THAM_SO_MOI'!$C$12*I15 -> 1130.112 | O15: =M15+N15 -> 1330.5515 | P15: =(MIN(L15,'THAM_SO_MOI'!$C$41)-O15)/('THAM_SO_MOI'!$C$11*H15) -> 0.19710664 | Q15: =IF(P15>0,1/P15,NA()) -> 5.0733958 | R15: =F15-F14 -> 0.017600427 | S15: =0.5*(Q14+Q15)*R15 -> 0.089324608 | T15: =0.5*(F14*Q14+F15*Q15)*R15 -> 0.7386483 | U15: =U14+S15 -> 0.80616276 | V15: =V14+T15 -> 6.609547
A16: Số V riêng | B16: 5 | C16: kéo | D16: low | E16: =60*F16*'THAM_SO_MOI'!$C$53/(2*PI()*'THAM_SO_MOI'!$C$26) -> 817.34105 | F16: ='THAM_SO_MOI'!$E$53+('THAM_SO_MOI'!$C$14-'THAM_SO_MOI'!$E$53)*10/'THAM_SO_MOI'!$C$42 -> 8.2956624 | G16: =3.6*F16 -> 29.864385 | H16: ='THAM_SO_MOI'!$D$53 -> 1.1 | I16: =IF(F16>'THAM_SO_MOI'!$C$14,'THAM_SO_MOI'!$C$13*(1+F16^2/1500),'THAM_SO_MOI'!$C$13) -> 0.015 | J16: ='THAM_SO_MOI'!$C$40*('THAM_SO_MOI'!$C$23*(E16/'THAM_SO_MOI'!$C$22)+'THAM_SO_MOI'!$C$24*(E16/'THAM_SO_MOI'!$C$22)^2-'THAM_SO_MOI'!$C$25*(E16/'THAM_SO_MOI'!$C$22)^3) -> 29.250846 | K16: ='THAM_SO_MOI'!$C$31*J16/E16 -> 341.8129 | L16: =K16*'THAM_SO_MOI'!$C$53*'THAM_SO_MOI'!$C$17/'THAM_SO_MOI'!$C$26 -> 2997.7004 | M16: ='THAM_SO_MOI'!$C$15*'THAM_SO_MOI'!$C$16*F16^2 -> 201.29269 | N16: ='THAM_SO_MOI'!$C$12*I16 -> 1130.112 | O16: =M16+N16 -> 1331.4047 | P16: =(MIN(L16,'THAM_SO_MOI'!$C$41)-O16)/('THAM_SO_MOI'!$C$11*H16) -> 0.19724145 | Q16: =IF(P16>0,1/P16,NA()) -> 5.0699283 | R16: =F16-F15 -> 0.017600427 | S16: =0.5*(Q15+Q16)*R16 -> 0.08926342 | T16: =0.5*(F15*Q15+F16*Q16)*R16 -> 0.73971339 | U16: =U15+S16 -> 0.89542618 | V16: =V15+T16 -> 7.3492604
A17: Số V riêng | B17: 5 | C17: kéo | D17: low | E17: =60*F17*'THAM_SO_MOI'!$C$53/(2*PI()*'THAM_SO_MOI'!$C$26) -> 819.07516 | F17: ='THAM_SO_MOI'!$E$53+('THAM_SO_MOI'!$C$14-'THAM_SO_MOI'!$E$53)*11/'THAM_SO_MOI'!$C$42 -> 8.3132628 | G17: =3.6*F17 -> 29.927746 | H17: ='THAM_SO_MOI'!$D$53 -> 1.1 | I17: =IF(F17>'THAM_SO_MOI'!$C$14,'THAM_SO_MOI'!$C$13*(1+F17^2/1500),'THAM_SO_MOI'!$C$13) -> 0.015 | J17: ='THAM_SO_MOI'!$C$40*('THAM_SO_MOI'!$C$23*(E17/'THAM_SO_MOI'!$C$22)+'THAM_SO_MOI'!$C$24*(E17/'THAM_SO_MOI'!$C$22)^2-'THAM_SO_MOI'!$C$25*(E17/'THAM_SO_MOI'!$C$22)^3) -> 29.332361 | K17: ='THAM_SO_MOI'!$C$31*J17/E17 -> 342.03975 | L17: =K17*'THAM_SO_MOI'!$C$53*'THAM_SO_MOI'!$C$17/'THAM_SO_MOI'!$C$26 -> 2999.69 | M17: ='THAM_SO_MOI'!$C$15*'THAM_SO_MOI'!$C$16*F17^2 -> 202.14774 | N17: ='THAM_SO_MOI'!$C$12*I17 -> 1130.112 | O17: =M17+N17 -> 1332.2597 | P17: =(MIN(L17,'THAM_SO_MOI'!$C$41)-O17)/('THAM_SO_MOI'!$C$11*H17) -> 0.19737574 | Q17: =IF(P17>0,1/P17,NA()) -> 5.0664788 | R17: =F17-F16 -> 0.017600427 | S17: =0.5*(Q16+Q17)*R17 -> 0.089202549 | T17: =0.5*(F16*Q16+F17*Q17)*R17 -> 0.74077897 | U17: =U16+S17 -> 0.98462873 | V17: =V16+T17 -> 8.0900394
A18: Số V riêng | B18: 5 | C18: kéo | D18: low | E18: =60*F18*'THAM_SO_MOI'!$C$53/(2*PI()*'THAM_SO_MOI'!$C$26) -> 820.80926 | F18: ='THAM_SO_MOI'!$E$53+('THAM_SO_MOI'!$C$14-'THAM_SO_MOI'!$E$53)*12/'THAM_SO_MOI'!$C$42 -> 8.3308632 | G18: =3.6*F18 -> 29.991108 | H18: ='THAM_SO_MOI'!$D$53 -> 1.1 | I18: =IF(F18>'THAM_SO_MOI'!$C$14,'THAM_SO_MOI'!$C$13*(1+F18^2/1500),'THAM_SO_MOI'!$C$13) -> 0.015 | J18: ='THAM_SO_MOI'!$C$40*('THAM_SO_MOI'!$C$23*(E18/'THAM_SO_MOI'!$C$22)+'THAM_SO_MOI'!$C$24*(E18/'THAM_SO_MOI'!$C$22)^2-'THAM_SO_MOI'!$C$25*(E18/'THAM_SO_MOI'!$C$22)^3) -> 29.413933 | K18: ='THAM_SO_MOI'!$C$31*J18/E18 -> 342.26632 | L18: =K18*'THAM_SO_MOI'!$C$53*'THAM_SO_MOI'!$C$17/'THAM_SO_MOI'!$C$26 -> 3001.6769 | M18: ='THAM_SO_MOI'!$C$15*'THAM_SO_MOI'!$C$16*F18^2 -> 203.0046 | N18: ='THAM_SO_MOI'!$C$12*I18 -> 1130.112 | O18: =M18+N18 -> 1333.1166 | P18: =(MIN(L18,'THAM_SO_MOI'!$C$41)-O18)/('THAM_SO_MOI'!$C$11*H18) -> 0.19750951 | Q18: =IF(P18>0,1/P18,NA()) -> 5.0630473 | R18: =F18-F17 -> 0.017600427 | S18: =0.5*(Q17+Q18)*R18 -> 0.089141995 | T18: =0.5*(F17*Q17+F18*Q18)*R18 -> 0.74184503 | U18: =U17+S18 -> 1.0737707 | V18: =V17+T18 -> 8.8318844
A19: Số V riêng | B19: 5 | C19: kéo | D19: low | E19: =60*F19*'THAM_SO_MOI'!$C$53/(2*PI()*'THAM_SO_MOI'!$C$26) -> 822.54337 | F19: ='THAM_SO_MOI'!$E$53+('THAM_SO_MOI'!$C$14-'THAM_SO_MOI'!$E$53)*13/'THAM_SO_MOI'!$C$42 -> 8.3484637 | G19: =3.6*F19 -> 30.054469 | H19: ='THAM_SO_MOI'!$D$53 -> 1.1 | I19: =IF(F19>'THAM_SO_MOI'!$C$14,'THAM_SO_MOI'!$C$13*(1+F19^2/1500),'THAM_SO_MOI'!$C$13) -> 0.015 | J19: ='THAM_SO_MOI'!$C$40*('THAM_SO_MOI'!$C$23*(E19/'THAM_SO_MOI'!$C$22)+'THAM_SO_MOI'!$C$24*(E19/'THAM_SO_MOI'!$C$22)^2-'THAM_SO_MOI'!$C$25*(E19/'THAM_SO_MOI'!$C$22)^3) -> 29.495562 | K19: ='THAM_SO_MOI'!$C$31*J19/E19 -> 342.49259 | L19: =K19*'THAM_SO_MOI'!$C$53*'THAM_SO_MOI'!$C$17/'THAM_SO_MOI'!$C$26 -> 3003.6614 | M19: ='THAM_SO_MOI'!$C$15*'THAM_SO_MOI'!$C$16*F19^2 -> 203.86327 | N19: ='THAM_SO_MOI'!$C$12*I19 -> 1130.112 | O19: =M19+N19 -> 1333.9753 | P19: =(MIN(L19,'THAM_SO_MOI'!$C$41)-O19)/('THAM_SO_MOI'!$C$11*H19) -> 0.19764277 | Q19: =IF(P19>0,1/P19,NA()) -> 5.0596337 | R19: =F19-F18 -> 0.017600427 | S19: =0.5*(Q18+Q19)*R19 -> 0.089081756 | T19: =0.5*(F18*Q18+F19*Q19)*R19 -> 0.7429116 | U19: =U18+S19 -> 1.1628525 | V19: =V18+T19 -> 9.574796
A20: Số V riêng | B20: 5 | C20: kéo | D20: low | E20: =60*F20*'THAM_SO_MOI'!$C$53/(2*PI()*'THAM_SO_MOI'!$C$26) -> 824.27747 | F20: ='THAM_SO_MOI'!$E$53+('THAM_SO_MOI'!$C$14-'THAM_SO_MOI'!$E$53)*14/'THAM_SO_MOI'!$C$42 -> 8.3660641 | G20: =3.6*F20 -> 30.117831 | H20: ='THAM_SO_MOI'!$D$53 -> 1.1 | I20: =IF(F20>'THAM_SO_MOI'!$C$14,'THAM_SO_MOI'!$C$13*(1+F20^2/1500),'THAM_SO_MOI'!$C$13) -> 0.015 | J20: ='THAM_SO_MOI'!$C$40*('THAM_SO_MOI'!$C$23*(E20/'THAM_SO_MOI'!$C$22)+'THAM_SO_MOI'!$C$24*(E20/'THAM_SO_MOI'!$C$22)^2-'THAM_SO_MOI'!$C$25*(E20/'THAM_SO_MOI'!$C$22)^3) -> 29.577247 | K20: ='THAM_SO_MOI'!$C$31*J20/E20 -> 342.71857 | L20: =K20*'THAM_SO_MOI'!$C$53*'THAM_SO_MOI'!$C$17/'THAM_SO_MOI'!$C$26 -> 3005.6432 | M20: ='THAM_SO_MOI'!$C$15*'THAM_SO_MOI'!$C$16*F20^2 -> 204.72376 | N20: ='THAM_SO_MOI'!$C$12*I20 -> 1130.112 | O20: =M20+N20 -> 1334.8358 | P20: =(MIN(L20,'THAM_SO_MOI'!$C$41)-O20)/('THAM_SO_MOI'!$C$11*H20) -> 0.1977755 | Q20: =IF(P20>0,1/P20,NA()) -> 5.0562379 | R20: =F20-F19 -> 0.017600427 | S20: =0.5*(Q19+Q20)*R20 -> 0.089021831 | T20: =0.5*(F19*Q19+F20*Q20)*R20 -> 0.74397867 | U20: =U19+S20 -> 1.2518743 | V20: =V19+T20 -> 10.318775
A21: Số V riêng | B21: 5 | C21: kéo | D21: low | E21: =60*F21*'THAM_SO_MOI'!$C$53/(2*PI()*'THAM_SO_MOI'!$C$26) -> 826.01158 | F21: ='THAM_SO_MOI'!$E$53+('THAM_SO_MOI'!$C$14-'THAM_SO_MOI'!$E$53)*15/'THAM_SO_MOI'!$C$42 -> 8.3836645 | G21: =3.6*F21 -> 30.181192 | H21: ='THAM_SO_MOI'!$D$53 -> 1.1 | I21: =IF(F21>'THAM_SO_MOI'!$C$14,'THAM_SO_MOI'!$C$13*(1+F21^2/1500),'THAM_SO_MOI'!$C$13) -> 0.015 | J21: ='THAM_SO_MOI'!$C$40*('THAM_SO_MOI'!$C$23*(E21/'THAM_SO_MOI'!$C$22)+'THAM_SO_MOI'!$C$24*(E21/'THAM_SO_MOI'!$C$22)^2-'THAM_SO_MOI'!$C$25*(E21/'THAM_SO_MOI'!$C$22)^3) -> 29.65899 | K21: ='THAM_SO_MOI'!$C$31*J21/E21 -> 342.94426 | L21: =K21*'THAM_SO_MOI'!$C$53*'THAM_SO_MOI'!$C$17/'THAM_SO_MOI'!$C$26 -> 3007.6225 | M21: ='THAM_SO_MOI'!$C$15*'THAM_SO_MOI'!$C$16*F21^2 -> 205.58606 | N21: ='THAM_SO_MOI'!$C$12*I21 -> 1130.112 | O21: =M21+N21 -> 1335.6981 | P21: =(MIN(L21,'THAM_SO_MOI'!$C$41)-O21)/('THAM_SO_MOI'!$C$11*H21) -> 0.19790773 | Q21: =IF(P21>0,1/P21,NA()) -> 5.0528598 | R21: =F21-F20 -> 0.017600427 | S21: =0.5*(Q20+Q21)*R21 -> 0.08896222 | T21: =0.5*(F20*Q20+F21*Q21)*R21 -> 0.74504626 | U21: =U20+S21 -> 1.3408365 | V21: =V20+T21 -> 11.063821
A22: Số V riêng | B22: 5 | C22: kéo | D22: low | E22: =60*F22*'THAM_SO_MOI'!$C$53/(2*PI()*'THAM_SO_MOI'!$C$26) -> 827.74568 | F22: ='THAM_SO_MOI'!$E$53+('THAM_SO_MOI'!$C$14-'THAM_SO_MOI'!$E$53)*16/'THAM_SO_MOI'!$C$42 -> 8.401265 | G22: =3.6*F22 -> 30.244554 | H22: ='THAM_SO_MOI'!$D$53 -> 1.1 | I22: =IF(F22>'THAM_SO_MOI'!$C$14,'THAM_SO_MOI'!$C$13*(1+F22^2/1500),'THAM_SO_MOI'!$C$13) -> 0.015 | J22: ='THAM_SO_MOI'!$C$40*('THAM_SO_MOI'!$C$23*(E22/'THAM_SO_MOI'!$C$22)+'THAM_SO_MOI'!$C$24*(E22/'THAM_SO_MOI'!$C$22)^2-'THAM_SO_MOI'!$C$25*(E22/'THAM_SO_MOI'!$C$22)^3) -> 29.740789 | K22: ='THAM_SO_MOI'!$C$31*J22/E22 -> 343.16966 | L22: =K22*'THAM_SO_MOI'!$C$53*'THAM_SO_MOI'!$C$17/'THAM_SO_MOI'!$C$26 -> 3009.5993 | M22: ='THAM_SO_MOI'!$C$15*'THAM_SO_MOI'!$C$16*F22^2 -> 206.45016 | N22: ='THAM_SO_MOI'!$C$12*I22 -> 1130.112 | O22: =M22+N22 -> 1336.5622 | P22: =(MIN(L22,'THAM_SO_MOI'!$C$41)-O22)/('THAM_SO_MOI'!$C$11*H22) -> 0.19803943 | Q22: =IF(P22>0,1/P22,NA()) -> 5.0494995 | R22: =F22-F21 -> 0.017600427 | S22: =0.5*(Q21+Q22)*R22 -> 0.088902921 | T22: =0.5*(F21*Q21+F22*Q22)*R22 -> 0.74611437 | U22: =U21+S22 -> 1.4297395 | V22: =V21+T22 -> 11.809935
A23: Số V riêng | B23: 5 | C23: kéo | D23: low | E23: =60*F23*'THAM_SO_MOI'!$C$53/(2*PI()*'THAM_SO_MOI'!$C$26) -> 829.47979 | F23: ='THAM_SO_MOI'!$E$53+('THAM_SO_MOI'!$C$14-'THAM_SO_MOI'!$E$53)*17/'THAM_SO_MOI'!$C$42 -> 8.4188654 | G23: =3.6*F23 -> 30.307915 | H23: ='THAM_SO_MOI'!$D$53 -> 1.1 | I23: =IF(F23>'THAM_SO_MOI'!$C$14,'THAM_SO_MOI'!$C$13*(1+F23^2/1500),'THAM_SO_MOI'!$C$13) -> 0.015 | J23: ='THAM_SO_MOI'!$C$40*('THAM_SO_MOI'!$C$23*(E23/'THAM_SO_MOI'!$C$22)+'THAM_SO_MOI'!$C$24*(E23/'THAM_SO_MOI'!$C$22)^2-'THAM_SO_MOI'!$C$25*(E23/'THAM_SO_MOI'!$C$22)^3) -> 29.822645 | K23: ='THAM_SO_MOI'!$C$31*J23/E23 -> 343.39477 | L23: =K23*'THAM_SO_MOI'!$C$53*'THAM_SO_MOI'!$C$17/'THAM_SO_MOI'!$C$26 -> 3011.5734 | M23: ='THAM_SO_MOI'!$C$15*'THAM_SO_MOI'!$C$16*F23^2 -> 207.31609 | N23: ='THAM_SO_MOI'!$C$12*I23 -> 1130.112 | O23: =M23+N23 -> 1337.4281 | P23: =(MIN(L23,'THAM_SO_MOI'!$C$41)-O23)/('THAM_SO_MOI'!$C$11*H23) -> 0.19817062 | Q23: =IF(P23>0,1/P23,NA()) -> 5.0461568 | R23: =F23-F22 -> 0.017600427 | S23: =0.5*(Q22+Q23)*R23 -> 0.088843933 | T23: =0.5*(F22*Q22+F23*Q23)*R23 -> 0.747183 | U23: =U22+S23 -> 1.5185834 | V23: =V22+T23 -> 12.557118
A24: Số V riêng | B24: 5 | C24: kéo | D24: low | E24: =60*F24*'THAM_SO_MOI'!$C$53/(2*PI()*'THAM_SO_MOI'!$C$26) -> 831.21389 | F24: ='THAM_SO_MOI'!$E$53+('THAM_SO_MOI'!$C$14-'THAM_SO_MOI'!$E$53)*18/'THAM_SO_MOI'!$C$42 -> 8.4364658 | G24: =3.6*F24 -> 30.371277 | H24: ='THAM_SO_MOI'!$D$53 -> 1.1 | I24: =IF(F24>'THAM_SO_MOI'!$C$14,'THAM_SO_MOI'!$C$13*(1+F24^2/1500),'THAM_SO_MOI'!$C$13) -> 0.015 | J24: ='THAM_SO_MOI'!$C$40*('THAM_SO_MOI'!$C$23*(E24/'THAM_SO_MOI'!$C$22)+'THAM_SO_MOI'!$C$24*(E24/'THAM_SO_MOI'!$C$22)^2-'THAM_SO_MOI'!$C$25*(E24/'THAM_SO_MOI'!$C$22)^3) -> 29.904557 | K24: ='THAM_SO_MOI'!$C$31*J24/E24 -> 343.61958 | L24: =K24*'THAM_SO_MOI'!$C$53*'THAM_SO_MOI'!$C$17/'THAM_SO_MOI'!$C$26 -> 3013.5451 | M24: ='THAM_SO_MOI'!$C$15*'THAM_SO_MOI'!$C$16*F24^2 -> 208.18382 | N24: ='THAM_SO_MOI'!$C$12*I24 -> 1130.112 | O24: =M24+N24 -> 1338.2958 | P24: =(MIN(L24,'THAM_SO_MOI'!$C$41)-O24)/('THAM_SO_MOI'!$C$11*H24) -> 0.19830128 | Q24: =IF(P24>0,1/P24,NA()) -> 5.0428317 | R24: =F24-F23 -> 0.017600427 | S24: =0.5*(Q23+Q24)*R24 -> 0.088785254 | T24: =0.5*(F23*Q23+F24*Q24)*R24 -> 0.74825218 | U24: =U23+S24 -> 1.6073686 | V24: =V23+T24 -> 13.30537
A25: Số V riêng | B25: 5 | C25: kéo | D25: low | E25: =60*F25*'THAM_SO_MOI'!$C$53/(2*PI()*'THAM_SO_MOI'!$C$26) -> 832.948 | F25: ='THAM_SO_MOI'!$E$53+('THAM_SO_MOI'!$C$14-'THAM_SO_MOI'!$E$53)*19/'THAM_SO_MOI'!$C$42 -> 8.4540662 | G25: =3.6*F25 -> 30.434638 | H25: ='THAM_SO_MOI'!$D$53 -> 1.1 | I25: =IF(F25>'THAM_SO_MOI'!$C$14,'THAM_SO_MOI'!$C$13*(1+F25^2/1500),'THAM_SO_MOI'!$C$13) -> 0.015 | J25: ='THAM_SO_MOI'!$C$40*('THAM_SO_MOI'!$C$23*(E25/'THAM_SO_MOI'!$C$22)+'THAM_SO_MOI'!$C$24*(E25/'THAM_SO_MOI'!$C$22)^2-'THAM_SO_MOI'!$C$25*(E25/'THAM_SO_MOI'!$C$22)^3) -> 29.986526 | K25: ='THAM_SO_MOI'!$C$31*J25/E25 -> 343.8441 | L25: =K25*'THAM_SO_MOI'!$C$53*'THAM_SO_MOI'!$C$17/'THAM_SO_MOI'!$C$26 -> 3015.5141 | M25: ='THAM_SO_MOI'!$C$15*'THAM_SO_MOI'!$C$16*F25^2 -> 209.05337 | N25: ='THAM_SO_MOI'!$C$12*I25 -> 1130.112 | O25: =M25+N25 -> 1339.1654 | P25: =(MIN(L25,'THAM_SO_MOI'!$C$41)-O25)/('THAM_SO_MOI'!$C$11*H25) -> 0.19843144 | Q25: =IF(P25>0,1/P25,NA()) -> 5.0395241 | R25: =F25-F24 -> 0.017600427 | S25: =0.5*(Q24+Q25)*R25 -> 0.088726885 | T25: =0.5*(F24*Q24+F25*Q25)*R25 -> 0.74932189 | U25: =U24+S25 -> 1.6960955 | V25: =V24+T25 -> 14.054692
A26: Số V riêng | B26: 5 | C26: kéo | D26: low | E26: =60*F26*'THAM_SO_MOI'!$C$53/(2*PI()*'THAM_SO_MOI'!$C$26) -> 834.68211 | F26: ='THAM_SO_MOI'!$E$53+('THAM_SO_MOI'!$C$14-'THAM_SO_MOI'!$E$53)*20/'THAM_SO_MOI'!$C$42 -> 8.4716667 | G26: =3.6*F26 -> 30.498 | H26: ='THAM_SO_MOI'!$D$53 -> 1.1 | I26: =IF(F26>'THAM_SO_MOI'!$C$14,'THAM_SO_MOI'!$C$13*(1+F26^2/1500),'THAM_SO_MOI'!$C$13) -> 0.015 | J26: ='THAM_SO_MOI'!$C$40*('THAM_SO_MOI'!$C$23*(E26/'THAM_SO_MOI'!$C$22)+'THAM_SO_MOI'!$C$24*(E26/'THAM_SO_MOI'!$C$22)^2-'THAM_SO_MOI'!$C$25*(E26/'THAM_SO_MOI'!$C$22)^3) -> 30.06855 | K26: ='THAM_SO_MOI'!$C$31*J26/E26 -> 344.06834 | L26: =K26*'THAM_SO_MOI'!$C$53*'THAM_SO_MOI'!$C$17/'THAM_SO_MOI'!$C$26 -> 3017.4806 | M26: ='THAM_SO_MOI'!$C$15*'THAM_SO_MOI'!$C$16*F26^2 -> 209.92472 | N26: ='THAM_SO_MOI'!$C$12*I26 -> 1130.112 | O26: =M26+N26 -> 1340.0367 | P26: =(MIN(L26,'THAM_SO_MOI'!$C$41)-O26)/('THAM_SO_MOI'!$C$11*H26) -> 0.19856107 | Q26: =IF(P26>0,1/P26,NA()) -> 5.0362339 | R26: =F26-F25 -> 0.017600427 | S26: =0.5*(Q25+Q26)*R26 -> 0.088668823 | T26: =0.5*(F25*Q25+F26*Q26)*R26 -> 0.75039216 | U26: =U25+S26 -> 1.7847643 | V26: =V25+T26 -> 14.805085
A27: Số V riêng | B27: 5 | C27: kéo | D27: low | E27: =60*F27*'THAM_SO_MOI'!$C$53/(2*PI()*'THAM_SO_MOI'!$C$26) -> 836.41621 | F27: ='THAM_SO_MOI'!$E$53+('THAM_SO_MOI'!$C$14-'THAM_SO_MOI'!$E$53)*21/'THAM_SO_MOI'!$C$42 -> 8.4892671 | G27: =3.6*F27 -> 30.561362 | H27: ='THAM_SO_MOI'!$D$53 -> 1.1 | I27: =IF(F27>'THAM_SO_MOI'!$C$14,'THAM_SO_MOI'!$C$13*(1+F27^2/1500),'THAM_SO_MOI'!$C$13) -> 0.015 | J27: ='THAM_SO_MOI'!$C$40*('THAM_SO_MOI'!$C$23*(E27/'THAM_SO_MOI'!$C$22)+'THAM_SO_MOI'!$C$24*(E27/'THAM_SO_MOI'!$C$22)^2-'THAM_SO_MOI'!$C$25*(E27/'THAM_SO_MOI'!$C$22)^3) -> 30.150631 | K27: ='THAM_SO_MOI'!$C$31*J27/E27 -> 344.29227 | L27: =K27*'THAM_SO_MOI'!$C$53*'THAM_SO_MOI'!$C$17/'THAM_SO_MOI'!$C$26 -> 3019.4446 | M27: ='THAM_SO_MOI'!$C$15*'THAM_SO_MOI'!$C$16*F27^2 -> 210.79789 | N27: ='THAM_SO_MOI'!$C$12*I27 -> 1130.112 | O27: =M27+N27 -> 1340.9099 | P27: =(MIN(L27,'THAM_SO_MOI'!$C$41)-O27)/('THAM_SO_MOI'!$C$11*H27) -> 0.19869019 | Q27: =IF(P27>0,1/P27,NA()) -> 5.0329612 | R27: =F27-F26 -> 0.017600427 | S27: =0.5*(Q26+Q27)*R27 -> 0.088611069 | T27: =0.5*(F26*Q26+F27*Q27)*R27 -> 0.75146298 | U27: =U26+S27 -> 1.8733754 | V27: =V26+T27 -> 15.556548
A28: Số V riêng | B28: 5 | C28: kéo | D28: low | E28: =60*F28*'THAM_SO_MOI'!$C$53/(2*PI()*'THAM_SO_MOI'!$C$26) -> 838.15032 | F28: ='THAM_SO_MOI'!$E$53+('THAM_SO_MOI'!$C$14-'THAM_SO_MOI'!$E$53)*22/'THAM_SO_MOI'!$C$42 -> 8.5068675 | G28: =3.6*F28 -> 30.624723 | H28: ='THAM_SO_MOI'!$D$53 -> 1.1 | I28: =IF(F28>'THAM_SO_MOI'!$C$14,'THAM_SO_MOI'!$C$13*(1+F28^2/1500),'THAM_SO_MOI'!$C$13) -> 0.015 | J28: ='THAM_SO_MOI'!$C$40*('THAM_SO_MOI'!$C$23*(E28/'THAM_SO_MOI'!$C$22)+'THAM_SO_MOI'!$C$24*(E28/'THAM_SO_MOI'!$C$22)^2-'THAM_SO_MOI'!$C$25*(E28/'THAM_SO_MOI'!$C$22)^3) -> 30.232767 | K28: ='THAM_SO_MOI'!$C$31*J28/E28 -> 344.51592 | L28: =K28*'THAM_SO_MOI'!$C$53*'THAM_SO_MOI'!$C$17/'THAM_SO_MOI'!$C$26 -> 3021.406 | M28: ='THAM_SO_MOI'!$C$15*'THAM_SO_MOI'!$C$16*F28^2 -> 211.67288 | N28: ='THAM_SO_MOI'!$C$12*I28 -> 1130.112 | O28: =M28+N28 -> 1341.7849 | P28: =(MIN(L28,'THAM_SO_MOI'!$C$41)-O28)/('THAM_SO_MOI'!$C$11*H28) -> 0.19881879 | Q28: =IF(P28>0,1/P28,NA()) -> 5.0297058 | R28: =F28-F27 -> 0.017600427 | S28: =0.5*(Q27+Q28)*R28 -> 0.088553619 | T28: =0.5*(F27*Q27+F28*Q28)*R28 -> 0.75253437 | U28: =U27+S28 -> 1.961929 | V28: =V27+T28 -> 16.309082
A29: Số V riêng | B29: 5 | C29: kéo | D29: low | E29: =60*F29*'THAM_SO_MOI'!$C$53/(2*PI()*'THAM_SO_MOI'!$C$26) -> 839.88442 | F29: ='THAM_SO_MOI'!$E$53+('THAM_SO_MOI'!$C$14-'THAM_SO_MOI'!$E$53)*23/'THAM_SO_MOI'!$C$42 -> 8.5244679 | G29: =3.6*F29 -> 30.688085 | H29: ='THAM_SO_MOI'!$D$53 -> 1.1 | I29: =IF(F29>'THAM_SO_MOI'!$C$14,'THAM_SO_MOI'!$C$13*(1+F29^2/1500),'THAM_SO_MOI'!$C$13) -> 0.015 | J29: ='THAM_SO_MOI'!$C$40*('THAM_SO_MOI'!$C$23*(E29/'THAM_SO_MOI'!$C$22)+'THAM_SO_MOI'!$C$24*(E29/'THAM_SO_MOI'!$C$22)^2-'THAM_SO_MOI'!$C$25*(E29/'THAM_SO_MOI'!$C$22)^3) -> 30.314958 | K29: ='THAM_SO_MOI'!$C$31*J29/E29 -> 344.73928 | L29: =K29*'THAM_SO_MOI'!$C$53*'THAM_SO_MOI'!$C$17/'THAM_SO_MOI'!$C$26 -> 3023.3648 | M29: ='THAM_SO_MOI'!$C$15*'THAM_SO_MOI'!$C$16*F29^2 -> 212.54967 | N29: ='THAM_SO_MOI'!$C$12*I29 -> 1130.112 | O29: =M29+N29 -> 1342.6617 | P29: =(MIN(L29,'THAM_SO_MOI'!$C$41)-O29)/('THAM_SO_MOI'!$C$11*H29) -> 0.19894687 | Q29: =IF(P29>0,1/P29,NA()) -> 5.0264676 | R29: =F29-F28 -> 0.017600427 | S29: =0.5*(Q28+Q29)*R29 -> 0.088496475 | T29: =0.5*(F28*Q28+F29*Q29)*R29 -> 0.75360633 | U29: =U28+S29 -> 2.0504255 | V29: =V28+T29 -> 17.062688
A30: Số V riêng | B30: 5 | C30: kéo | D30: low | E30: =60*F30*'THAM_SO_MOI'!$C$53/(2*PI()*'THAM_SO_MOI'!$C$26) -> 841.61853 | F30: ='THAM_SO_MOI'!$E$53+('THAM_SO_MOI'!$C$14-'THAM_SO_MOI'!$E$53)*24/'THAM_SO_MOI'!$C$42 -> 8.5420684 | G30: =3.6*F30 -> 30.751446 | H30: ='THAM_SO_MOI'!$D$53 -> 1.1 | I30: =IF(F30>'THAM_SO_MOI'!$C$14,'THAM_SO_MOI'!$C$13*(1+F30^2/1500),'THAM_SO_MOI'!$C$13) -> 0.015 | J30: ='THAM_SO_MOI'!$C$40*('THAM_SO_MOI'!$C$23*(E30/'THAM_SO_MOI'!$C$22)+'THAM_SO_MOI'!$C$24*(E30/'THAM_SO_MOI'!$C$22)^2-'THAM_SO_MOI'!$C$25*(E30/'THAM_SO_MOI'!$C$22)^3) -> 30.397205 | K30: ='THAM_SO_MOI'!$C$31*J30/E30 -> 344.96234 | L30: =K30*'THAM_SO_MOI'!$C$53*'THAM_SO_MOI'!$C$17/'THAM_SO_MOI'!$C$26 -> 3025.3211 | M30: ='THAM_SO_MOI'!$C$15*'THAM_SO_MOI'!$C$16*F30^2 -> 213.42828 | N30: ='THAM_SO_MOI'!$C$12*I30 -> 1130.112 | O30: =M30+N30 -> 1343.5403 | P30: =(MIN(L30,'THAM_SO_MOI'!$C$41)-O30)/('THAM_SO_MOI'!$C$11*H30) -> 0.19907443 | Q30: =IF(P30>0,1/P30,NA()) -> 5.0232467 | R30: =F30-F29 -> 0.017600427 | S30: =0.5*(Q29+Q30)*R30 -> 0.088439634 | T30: =0.5*(F29*Q29+F30*Q30)*R30 -> 0.75467886 | U30: =U29+S30 -> 2.1388651 | V30: =V29+T30 -> 17.817367
A31: Số V riêng | B31: 5 | C31: kéo | D31: low | E31: =60*F31*'THAM_SO_MOI'!$C$53/(2*PI()*'THAM_SO_MOI'!$C$26) -> 843.35263 | F31: ='THAM_SO_MOI'!$E$53+('THAM_SO_MOI'!$C$14-'THAM_SO_MOI'!$E$53)*25/'THAM_SO_MOI'!$C$42 -> 8.5596688 | G31: =3.6*F31 -> 30.814808 | H31: ='THAM_SO_MOI'!$D$53 -> 1.1 | I31: =IF(F31>'THAM_SO_MOI'!$C$14,'THAM_SO_MOI'!$C$13*(1+F31^2/1500),'THAM_SO_MOI'!$C$13) -> 0.015 | J31: ='THAM_SO_MOI'!$C$40*('THAM_SO_MOI'!$C$23*(E31/'THAM_SO_MOI'!$C$22)+'THAM_SO_MOI'!$C$24*(E31/'THAM_SO_MOI'!$C$22)^2-'THAM_SO_MOI'!$C$25*(E31/'THAM_SO_MOI'!$C$22)^3) -> 30.479508 | K31: ='THAM_SO_MOI'!$C$31*J31/E31 -> 345.18511 | L31: =K31*'THAM_SO_MOI'!$C$53*'THAM_SO_MOI'!$C$17/'THAM_SO_MOI'!$C$26 -> 3027.2748 | M31: ='THAM_SO_MOI'!$C$15*'THAM_SO_MOI'!$C$16*F31^2 -> 214.3087 | N31: ='THAM_SO_MOI'!$C$12*I31 -> 1130.112 | O31: =M31+N31 -> 1344.4207 | P31: =(MIN(L31,'THAM_SO_MOI'!$C$41)-O31)/('THAM_SO_MOI'!$C$11*H31) -> 0.19920148 | Q31: =IF(P31>0,1/P31,NA()) -> 5.020043 | R31: =F31-F30 -> 0.017600427 | S31: =0.5*(Q30+Q31)*R31 -> 0.088383096 | T31: =0.5*(F30*Q30+F31*Q31)*R31 -> 0.75575199 | U31: =U30+S31 -> 2.2272482 | V31: =V30+T31 -> 18.573119
A32: Số V riêng | B32: 5 | C32: kéo | D32: low | E32: =60*F32*'THAM_SO_MOI'!$C$53/(2*PI()*'THAM_SO_MOI'!$C$26) -> 845.08674 | F32: ='THAM_SO_MOI'!$E$53+('THAM_SO_MOI'!$C$14-'THAM_SO_MOI'!$E$53)*26/'THAM_SO_MOI'!$C$42 -> 8.5772692 | G32: =3.6*F32 -> 30.878169 | H32: ='THAM_SO_MOI'!$D$53 -> 1.1 | I32: =IF(F32>'THAM_SO_MOI'!$C$14,'THAM_SO_MOI'!$C$13*(1+F32^2/1500),'THAM_SO_MOI'!$C$13) -> 0.015 | J32: ='THAM_SO_MOI'!$C$40*('THAM_SO_MOI'!$C$23*(E32/'THAM_SO_MOI'!$C$22)+'THAM_SO_MOI'!$C$24*(E32/'THAM_SO_MOI'!$C$22)^2-'THAM_SO_MOI'!$C$25*(E32/'THAM_SO_MOI'!$C$22)^3) -> 30.561865 | K32: ='THAM_SO_MOI'!$C$31*J32/E32 -> 345.4076 | L32: =K32*'THAM_SO_MOI'!$C$53*'THAM_SO_MOI'!$C$17/'THAM_SO_MOI'!$C$26 -> 3029.226 | M32: ='THAM_SO_MOI'!$C$15*'THAM_SO_MOI'!$C$16*F32^2 -> 215.19093 | N32: ='THAM_SO_MOI'!$C$12*I32 -> 1130.112 | O32: =M32+N32 -> 1345.3029 | P32: =(MIN(L32,'THAM_SO_MOI'!$C$41)-O32)/('THAM_SO_MOI'!$C$11*H32) -> 0.19932801 | Q32: =IF(P32>0,1/P32,NA()) -> 5.0168564 | R32: =F32-F31 -> 0.017600427 | S32: =0.5*(Q31+Q32)*R32 -> 0.088326859 | T32: =0.5*(F31*Q31+F32*Q32)*R32 -> 0.75682571 | U32: =U31+S32 -> 2.3155751 | V32: =V31+T32 -> 19.329945
A33: Số V riêng | B33: 5 | C33: kéo | D33: low | E33: =60*F33*'THAM_SO_MOI'!$C$53/(2*PI()*'THAM_SO_MOI'!$C$26) -> 846.82084 | F33: ='THAM_SO_MOI'!$E$53+('THAM_SO_MOI'!$C$14-'THAM_SO_MOI'!$E$53)*27/'THAM_SO_MOI'!$C$42 -> 8.5948697 | G33: =3.6*F33 -> 30.941531 | H33: ='THAM_SO_MOI'!$D$53 -> 1.1 | I33: =IF(F33>'THAM_SO_MOI'!$C$14,'THAM_SO_MOI'!$C$13*(1+F33^2/1500),'THAM_SO_MOI'!$C$13) -> 0.015 | J33: ='THAM_SO_MOI'!$C$40*('THAM_SO_MOI'!$C$23*(E33/'THAM_SO_MOI'!$C$22)+'THAM_SO_MOI'!$C$24*(E33/'THAM_SO_MOI'!$C$22)^2-'THAM_SO_MOI'!$C$25*(E33/'THAM_SO_MOI'!$C$22)^3) -> 30.644277 | K33: ='THAM_SO_MOI'!$C$31*J33/E33 -> 345.62978 | L33: =K33*'THAM_SO_MOI'!$C$53*'THAM_SO_MOI'!$C$17/'THAM_SO_MOI'!$C$26 -> 3031.1746 | M33: ='THAM_SO_MOI'!$C$15*'THAM_SO_MOI'!$C$16*F33^2 -> 216.07497 | N33: ='THAM_SO_MOI'!$C$12*I33 -> 1130.112 | O33: =M33+N33 -> 1346.187 | P33: =(MIN(L33,'THAM_SO_MOI'!$C$41)-O33)/('THAM_SO_MOI'!$C$11*H33) -> 0.19945402 | Q33: =IF(P33>0,1/P33,NA()) -> 5.0136868 | R33: =F33-F32 -> 0.017600427 | S33: =0.5*(Q32+Q33)*R33 -> 0.088270923 | T33: =0.5*(F32*Q32+F33*Q33)*R33 -> 0.75790003 | U33: =U32+S33 -> 2.403846 | V33: =V32+T33 -> 20.087845
A34: Số V riêng | B34: 5 | C34: kéo | D34: low | E34: =60*F34*'THAM_SO_MOI'!$C$53/(2*PI()*'THAM_SO_MOI'!$C$26) -> 848.55495 | F34: ='THAM_SO_MOI'!$E$53+('THAM_SO_MOI'!$C$14-'THAM_SO_MOI'!$E$53)*28/'THAM_SO_MOI'!$C$42 -> 8.6124701 | G34: =3.6*F34 -> 31.004892 | H34: ='THAM_SO_MOI'!$D$53 -> 1.1 | I34: =IF(F34>'THAM_SO_MOI'!$C$14,'THAM_SO_MOI'!$C$13*(1+F34^2/1500),'THAM_SO_MOI'!$C$13) -> 0.015 | J34: ='THAM_SO_MOI'!$C$40*('THAM_SO_MOI'!$C$23*(E34/'THAM_SO_MOI'!$C$22)+'THAM_SO_MOI'!$C$24*(E34/'THAM_SO_MOI'!$C$22)^2-'THAM_SO_MOI'!$C$25*(E34/'THAM_SO_MOI'!$C$22)^3) -> 30.726744 | K34: ='THAM_SO_MOI'!$C$31*J34/E34 -> 345.85168 | L34: =K34*'THAM_SO_MOI'!$C$53*'THAM_SO_MOI'!$C$17/'THAM_SO_MOI'!$C$26 -> 3033.1206 | M34: ='THAM_SO_MOI'!$C$15*'THAM_SO_MOI'!$C$16*F34^2 -> 216.96082 | N34: ='THAM_SO_MOI'!$C$12*I34 -> 1130.112 | O34: =M34+N34 -> 1347.0728 | P34: =(MIN(L34,'THAM_SO_MOI'!$C$41)-O34)/('THAM_SO_MOI'!$C$11*H34) -> 0.19957952 | Q34: =IF(P34>0,1/P34,NA()) -> 5.0105342 | R34: =F34-F33 -> 0.017600427 | S34: =0.5*(Q33+Q34)*R34 -> 0.088215286 | T34: =0.5*(F33*Q33+F34*Q34)*R34 -> 0.75897496 | U34: =U33+S34 -> 2.4920613 | V34: =V33+T34 -> 20.84682
A35: Số V riêng | B35: 5 | C35: kéo | D35: low | E35: =60*F35*'THAM_SO_MOI'!$C$53/(2*PI()*'THAM_SO_MOI'!$C$26) -> 850.28905 | F35: ='THAM_SO_MOI'!$E$53+('THAM_SO_MOI'!$C$14-'THAM_SO_MOI'!$E$53)*29/'THAM_SO_MOI'!$C$42 -> 8.6300705 | G35: =3.6*F35 -> 31.068254 | H35: ='THAM_SO_MOI'!$D$53 -> 1.1 | I35: =IF(F35>'THAM_SO_MOI'!$C$14,'THAM_SO_MOI'!$C$13*(1+F35^2/1500),'THAM_SO_MOI'!$C$13) -> 0.015 | J35: ='THAM_SO_MOI'!$C$40*('THAM_SO_MOI'!$C$23*(E35/'THAM_SO_MOI'!$C$22)+'THAM_SO_MOI'!$C$24*(E35/'THAM_SO_MOI'!$C$22)^2-'THAM_SO_MOI'!$C$25*(E35/'THAM_SO_MOI'!$C$22)^3) -> 30.809266 | K35: ='THAM_SO_MOI'!$C$31*J35/E35 -> 346.07329 | L35: =K35*'THAM_SO_MOI'!$C$53*'THAM_SO_MOI'!$C$17/'THAM_SO_MOI'!$C$26 -> 3035.0641 | M35: ='THAM_SO_MOI'!$C$15*'THAM_SO_MOI'!$C$16*F35^2 -> 217.84849 | N35: ='THAM_SO_MOI'!$C$12*I35 -> 1130.112 | O35: =M35+N35 -> 1347.9605 | P35: =(MIN(L35,'THAM_SO_MOI'!$C$41)-O35)/('THAM_SO_MOI'!$C$11*H35) -> 0.1997045 | Q35: =IF(P35>0,1/P35,NA()) -> 5.0073985 | R35: =F35-F34 -> 0.017600427 | S35: =0.5*(Q34+Q35)*R35 -> 0.088159948 | T35: =0.5*(F34*Q34+F35*Q35)*R35 -> 0.7600505 | U35: =U34+S35 -> 2.5802213 | V35: =V34+T35 -> 21.60687
A36: Số V riêng | B36: 5 | C36: kéo | D36: low | E36: =60*F36*'THAM_SO_MOI'!$C$53/(2*PI()*'THAM_SO_MOI'!$C$26) -> 852.02316 | F36: ='THAM_SO_MOI'!$E$53+('THAM_SO_MOI'!$C$14-'THAM_SO_MOI'!$E$53)*30/'THAM_SO_MOI'!$C$42 -> 8.6476709 | G36: =3.6*F36 -> 31.131615 | H36: ='THAM_SO_MOI'!$D$53 -> 1.1 | I36: =IF(F36>'THAM_SO_MOI'!$C$14,'THAM_SO_MOI'!$C$13*(1+F36^2/1500),'THAM_SO_MOI'!$C$13) -> 0.015 | J36: ='THAM_SO_MOI'!$C$40*('THAM_SO_MOI'!$C$23*(E36/'THAM_SO_MOI'!$C$22)+'THAM_SO_MOI'!$C$24*(E36/'THAM_SO_MOI'!$C$22)^2-'THAM_SO_MOI'!$C$25*(E36/'THAM_SO_MOI'!$C$22)^3) -> 30.891842 | K36: ='THAM_SO_MOI'!$C$31*J36/E36 -> 346.2946 | L36: =K36*'THAM_SO_MOI'!$C$53*'THAM_SO_MOI'!$C$17/'THAM_SO_MOI'!$C$26 -> 3037.005 | M36: ='THAM_SO_MOI'!$C$15*'THAM_SO_MOI'!$C$16*F36^2 -> 218.73797 | N36: ='THAM_SO_MOI'!$C$12*I36 -> 1130.112 | O36: =M36+N36 -> 1348.85 | P36: =(MIN(L36,'THAM_SO_MOI'!$C$41)-O36)/('THAM_SO_MOI'!$C$11*H36) -> 0.19982896 | Q36: =IF(P36>0,1/P36,NA()) -> 5.0042797 | R36: =F36-F35 -> 0.017600427 | S36: =0.5*(Q35+Q36)*R36 -> 0.088104908 | T36: =0.5*(F35*Q35+F36*Q36)*R36 -> 0.76112667 | U36: =U35+S36 -> 2.6683262 | V36: =V35+T36 -> 22.367997
A37: Số V riêng | B37: 5 | C37: kéo | D37: low | E37: =60*F37*'THAM_SO_MOI'!$C$53/(2*PI()*'THAM_SO_MOI'!$C$26) -> 853.75726 | F37: ='THAM_SO_MOI'!$E$53+('THAM_SO_MOI'!$C$14-'THAM_SO_MOI'!$E$53)*31/'THAM_SO_MOI'!$C$42 -> 8.6652714 | G37: =3.6*F37 -> 31.194977 | H37: ='THAM_SO_MOI'!$D$53 -> 1.1 | I37: =IF(F37>'THAM_SO_MOI'!$C$14,'THAM_SO_MOI'!$C$13*(1+F37^2/1500),'THAM_SO_MOI'!$C$13) -> 0.015 | J37: ='THAM_SO_MOI'!$C$40*('THAM_SO_MOI'!$C$23*(E37/'THAM_SO_MOI'!$C$22)+'THAM_SO_MOI'!$C$24*(E37/'THAM_SO_MOI'!$C$22)^2-'THAM_SO_MOI'!$C$25*(E37/'THAM_SO_MOI'!$C$22)^3) -> 30.974472 | K37: ='THAM_SO_MOI'!$C$31*J37/E37 -> 346.51562 | L37: =K37*'THAM_SO_MOI'!$C$53*'THAM_SO_MOI'!$C$17/'THAM_SO_MOI'!$C$26 -> 3038.9434 | M37: ='THAM_SO_MOI'!$C$15*'THAM_SO_MOI'!$C$16*F37^2 -> 219.62926 | N37: ='THAM_SO_MOI'!$C$12*I37 -> 1130.112 | O37: =M37+N37 -> 1349.7413 | P37: =(MIN(L37,'THAM_SO_MOI'!$C$41)-O37)/('THAM_SO_MOI'!$C$11*H37) -> 0.1999529 | Q37: =IF(P37>0,1/P37,NA()) -> 5.0011778 | R37: =F37-F36 -> 0.017600427 | S37: =0.5*(Q36+Q37)*R37 -> 0.088050164 | T37: =0.5*(F36*Q36+F37*Q37)*R37 -> 0.76220346 | U37: =U36+S37 -> 2.7563763 | V37: =V36+T37 -> 23.1302
A38: Số V riêng | B38: 5 | C38: kéo | D38: low | E38: =60*F38*'THAM_SO_MOI'!$C$53/(2*PI()*'THAM_SO_MOI'!$C$26) -> 855.49137 | F38: ='THAM_SO_MOI'!$E$53+('THAM_SO_MOI'!$C$14-'THAM_SO_MOI'!$E$53)*32/'THAM_SO_MOI'!$C$42 -> 8.6828718 | G38: =3.6*F38 -> 31.258338 | H38: ='THAM_SO_MOI'!$D$53 -> 1.1 | I38: =IF(F38>'THAM_SO_MOI'!$C$14,'THAM_SO_MOI'!$C$13*(1+F38^2/1500),'THAM_SO_MOI'!$C$13) -> 0.015 | J38: ='THAM_SO_MOI'!$C$40*('THAM_SO_MOI'!$C$23*(E38/'THAM_SO_MOI'!$C$22)+'THAM_SO_MOI'!$C$24*(E38/'THAM_SO_MOI'!$C$22)^2-'THAM_SO_MOI'!$C$25*(E38/'THAM_SO_MOI'!$C$22)^3) -> 31.057156 | K38: ='THAM_SO_MOI'!$C$31*J38/E38 -> 346.73635 | L38: =K38*'THAM_SO_MOI'!$C$53*'THAM_SO_MOI'!$C$17/'THAM_SO_MOI'!$C$26 -> 3040.8792 | M38: ='THAM_SO_MOI'!$C$15*'THAM_SO_MOI'!$C$16*F38^2 -> 220.52237 | N38: ='THAM_SO_MOI'!$C$12*I38 -> 1130.112 | O38: =M38+N38 -> 1350.6344 | P38: =(MIN(L38,'THAM_SO_MOI'!$C$41)-O38)/('THAM_SO_MOI'!$C$11*H38) -> 0.20007633 | Q38: =IF(P38>0,1/P38,NA()) -> 4.9980926 | R38: =F38-F37 -> 0.017600427 | S38: =0.5*(Q37+Q38)*R38 -> 0.087995716 | T38: =0.5*(F37*Q37+F38*Q38)*R38 -> 0.7632809 | U38: =U37+S38 -> 2.844372 | V38: =V37+T38 -> 23.893481
A39: Số V riêng | B39: 5 | C39: kéo | D39: low | E39: =60*F39*'THAM_SO_MOI'!$C$53/(2*PI()*'THAM_SO_MOI'!$C$26) -> 857.22547 | F39: ='THAM_SO_MOI'!$E$53+('THAM_SO_MOI'!$C$14-'THAM_SO_MOI'!$E$53)*33/'THAM_SO_MOI'!$C$42 -> 8.7004722 | G39: =3.6*F39 -> 31.3217 | H39: ='THAM_SO_MOI'!$D$53 -> 1.1 | I39: =IF(F39>'THAM_SO_MOI'!$C$14,'THAM_SO_MOI'!$C$13*(1+F39^2/1500),'THAM_SO_MOI'!$C$13) -> 0.015 | J39: ='THAM_SO_MOI'!$C$40*('THAM_SO_MOI'!$C$23*(E39/'THAM_SO_MOI'!$C$22)+'THAM_SO_MOI'!$C$24*(E39/'THAM_SO_MOI'!$C$22)^2-'THAM_SO_MOI'!$C$25*(E39/'THAM_SO_MOI'!$C$22)^3) -> 31.139895 | K39: ='THAM_SO_MOI'!$C$31*J39/E39 -> 346.95679 | L39: =K39*'THAM_SO_MOI'!$C$53*'THAM_SO_MOI'!$C$17/'THAM_SO_MOI'!$C$26 -> 3042.8124 | M39: ='THAM_SO_MOI'!$C$15*'THAM_SO_MOI'!$C$16*F39^2 -> 221.41728 | N39: ='THAM_SO_MOI'!$C$12*I39 -> 1130.112 | O39: =M39+N39 -> 1351.5293 | P39: =(MIN(L39,'THAM_SO_MOI'!$C$41)-O39)/('THAM_SO_MOI'!$C$11*H39) -> 0.20019923 | Q39: =IF(P39>0,1/P39,NA()) -> 4.9950241 | R39: =F39-F38 -> 0.017600427 | S39: =0.5*(Q38+Q39)*R39 -> 0.087941562 | T39: =0.5*(F38*Q38+F39*Q39)*R39 -> 0.76435897 | U39: =U38+S39 -> 2.9323136 | V39: =V38+T39 -> 24.65784
A40: Số V riêng | B40: 5 | C40: kéo | D40: low | E40: =60*F40*'THAM_SO_MOI'!$C$53/(2*PI()*'THAM_SO_MOI'!$C$26) -> 858.95958 | F40: ='THAM_SO_MOI'!$E$53+('THAM_SO_MOI'!$C$14-'THAM_SO_MOI'!$E$53)*34/'THAM_SO_MOI'!$C$42 -> 8.7180726 | G40: =3.6*F40 -> 31.385062 | H40: ='THAM_SO_MOI'!$D$53 -> 1.1 | I40: =IF(F40>'THAM_SO_MOI'!$C$14,'THAM_SO_MOI'!$C$13*(1+F40^2/1500),'THAM_SO_MOI'!$C$13) -> 0.015 | J40: ='THAM_SO_MOI'!$C$40*('THAM_SO_MOI'!$C$23*(E40/'THAM_SO_MOI'!$C$22)+'THAM_SO_MOI'!$C$24*(E40/'THAM_SO_MOI'!$C$22)^2-'THAM_SO_MOI'!$C$25*(E40/'THAM_SO_MOI'!$C$22)^3) -> 31.222687 | K40: ='THAM_SO_MOI'!$C$31*J40/E40 -> 347.17694 | L40: =K40*'THAM_SO_MOI'!$C$53*'THAM_SO_MOI'!$C$17/'THAM_SO_MOI'!$C$26 -> 3044.7431 | M40: ='THAM_SO_MOI'!$C$15*'THAM_SO_MOI'!$C$16*F40^2 -> 222.31401 | N40: ='THAM_SO_MOI'!$C$12*I40 -> 1130.112 | O40: =M40+N40 -> 1352.426 | P40: =(MIN(L40,'THAM_SO_MOI'!$C$41)-O40)/('THAM_SO_MOI'!$C$11*H40) -> 0.20032163 | Q40: =IF(P40>0,1/P40,NA()) -> 4.9919723 | R40: =F40-F39 -> 0.017600427 | S40: =0.5*(Q39+Q40)*R40 -> 0.087887702 | T40: =0.5*(F39*Q39+F40*Q40)*R40 -> 0.7654377 | U40: =U39+S40 -> 3.0202013 | V40: =V39+T40 -> 25.423278
A41: Số V riêng | B41: 5 | C41: kéo | D41: low | E41: =60*F41*'THAM_SO_MOI'!$C$53/(2*PI()*'THAM_SO_MOI'!$C$26) -> 860.69368 | F41: ='THAM_SO_MOI'!$E$53+('THAM_SO_MOI'!$C$14-'THAM_SO_MOI'!$E$53)*35/'THAM_SO_MOI'!$C$42 -> 8.7356731 | G41: =3.6*F41 -> 31.448423 | H41: ='THAM_SO_MOI'!$D$53 -> 1.1 | I41: =IF(F41>'THAM_SO_MOI'!$C$14,'THAM_SO_MOI'!$C$13*(1+F41^2/1500),'THAM_SO_MOI'!$C$13) -> 0.015 | J41: ='THAM_SO_MOI'!$C$40*('THAM_SO_MOI'!$C$23*(E41/'THAM_SO_MOI'!$C$22)+'THAM_SO_MOI'!$C$24*(E41/'THAM_SO_MOI'!$C$22)^2-'THAM_SO_MOI'!$C$25*(E41/'THAM_SO_MOI'!$C$22)^3) -> 31.305533 | K41: ='THAM_SO_MOI'!$C$31*J41/E41 -> 347.39679 | L41: =K41*'THAM_SO_MOI'!$C$53*'THAM_SO_MOI'!$C$17/'THAM_SO_MOI'!$C$26 -> 3046.6712 | M41: ='THAM_SO_MOI'!$C$15*'THAM_SO_MOI'!$C$16*F41^2 -> 223.21255 | N41: ='THAM_SO_MOI'!$C$12*I41 -> 1130.112 | O41: =M41+N41 -> 1353.3246 | P41: =(MIN(L41,'THAM_SO_MOI'!$C$41)-O41)/('THAM_SO_MOI'!$C$11*H41) -> 0.2004435 | Q41: =IF(P41>0,1/P41,NA()) -> 4.988937 | R41: =F41-F40 -> 0.017600427 | S41: =0.5*(Q40+Q41)*R41 -> 0.087834135 | T41: =0.5*(F40*Q40+F41*Q41)*R41 -> 0.76651709 | U41: =U40+S41 -> 3.1080354 | V41: =V40+T41 -> 26.189795
A42: Số V riêng | B42: 5 | C42: kéo | D42: low | E42: =60*F42*'THAM_SO_MOI'!$C$53/(2*PI()*'THAM_SO_MOI'!$C$26) -> 862.42779 | F42: ='THAM_SO_MOI'!$E$53+('THAM_SO_MOI'!$C$14-'THAM_SO_MOI'!$E$53)*36/'THAM_SO_MOI'!$C$42 -> 8.7532735 | G42: =3.6*F42 -> 31.511785 | H42: ='THAM_SO_MOI'!$D$53 -> 1.1 | I42: =IF(F42>'THAM_SO_MOI'!$C$14,'THAM_SO_MOI'!$C$13*(1+F42^2/1500),'THAM_SO_MOI'!$C$13) -> 0.015 | J42: ='THAM_SO_MOI'!$C$40*('THAM_SO_MOI'!$C$23*(E42/'THAM_SO_MOI'!$C$22)+'THAM_SO_MOI'!$C$24*(E42/'THAM_SO_MOI'!$C$22)^2-'THAM_SO_MOI'!$C$25*(E42/'THAM_SO_MOI'!$C$22)^3) -> 31.388432 | K42: ='THAM_SO_MOI'!$C$31*J42/E42 -> 347.61636 | L42: =K42*'THAM_SO_MOI'!$C$53*'THAM_SO_MOI'!$C$17/'THAM_SO_MOI'!$C$26 -> 3048.5968 | M42: ='THAM_SO_MOI'!$C$15*'THAM_SO_MOI'!$C$16*F42^2 -> 224.11291 | N42: ='THAM_SO_MOI'!$C$12*I42 -> 1130.112 | O42: =M42+N42 -> 1354.2249 | P42: =(MIN(L42,'THAM_SO_MOI'!$C$41)-O42)/('THAM_SO_MOI'!$C$11*H42) -> 0.20056486 | Q42: =IF(P42>0,1/P42,NA()) -> 4.9859184 | R42: =F42-F41 -> 0.017600427 | S42: =0.5*(Q41+Q42)*R42 -> 0.087780859 | T42: =0.5*(F41*Q41+F42*Q42)*R42 -> 0.76759714 | U42: =U41+S42 -> 3.1958163 | V42: =V41+T42 -> 26.957392
A43: Số V riêng | B43: 5 | C43: kéo | D43: low | E43: =60*F43*'THAM_SO_MOI'!$C$53/(2*PI()*'THAM_SO_MOI'!$C$26) -> 864.16189 | F43: ='THAM_SO_MOI'!$E$53+('THAM_SO_MOI'!$C$14-'THAM_SO_MOI'!$E$53)*37/'THAM_SO_MOI'!$C$42 -> 8.7708739 | G43: =3.6*F43 -> 31.575146 | H43: ='THAM_SO_MOI'!$D$53 -> 1.1 | I43: =IF(F43>'THAM_SO_MOI'!$C$14,'THAM_SO_MOI'!$C$13*(1+F43^2/1500),'THAM_SO_MOI'!$C$13) -> 0.015 | J43: ='THAM_SO_MOI'!$C$40*('THAM_SO_MOI'!$C$23*(E43/'THAM_SO_MOI'!$C$22)+'THAM_SO_MOI'!$C$24*(E43/'THAM_SO_MOI'!$C$22)^2-'THAM_SO_MOI'!$C$25*(E43/'THAM_SO_MOI'!$C$22)^3) -> 31.471385 | K43: ='THAM_SO_MOI'!$C$31*J43/E43 -> 347.83563 | L43: =K43*'THAM_SO_MOI'!$C$53*'THAM_SO_MOI'!$C$17/'THAM_SO_MOI'!$C$26 -> 3050.5198 | M43: ='THAM_SO_MOI'!$C$15*'THAM_SO_MOI'!$C$16*F43^2 -> 225.01507 | N43: ='THAM_SO_MOI'!$C$12*I43 -> 1130.112 | O43: =M43+N43 -> 1355.1271 | P43: =(MIN(L43,'THAM_SO_MOI'!$C$41)-O43)/('THAM_SO_MOI'!$C$11*H43) -> 0.20068569 | Q43: =IF(P43>0,1/P43,NA()) -> 4.9829162 | R43: =F43-F42 -> 0.017600427 | S43: =0.5*(Q42+Q43)*R43 -> 0.087727874 | T43: =0.5*(F42*Q42+F43*Q43)*R43 -> 0.76867787 | U43: =U42+S43 -> 3.2835442 | V43: =V42+T43 -> 27.72607
A44: Số V riêng | B44: 5 | C44: kéo | D44: low | E44: =60*F44*'THAM_SO_MOI'!$C$53/(2*PI()*'THAM_SO_MOI'!$C$26) -> 865.896 | F44: ='THAM_SO_MOI'!$E$53+('THAM_SO_MOI'!$C$14-'THAM_SO_MOI'!$E$53)*38/'THAM_SO_MOI'!$C$42 -> 8.7884744 | G44: =3.6*F44 -> 31.638508 | H44: ='THAM_SO_MOI'!$D$53 -> 1.1 | I44: =IF(F44>'THAM_SO_MOI'!$C$14,'THAM_SO_MOI'!$C$13*(1+F44^2/1500),'THAM_SO_MOI'!$C$13) -> 0.015 | J44: ='THAM_SO_MOI'!$C$40*('THAM_SO_MOI'!$C$23*(E44/'THAM_SO_MOI'!$C$22)+'THAM_SO_MOI'!$C$24*(E44/'THAM_SO_MOI'!$C$22)^2-'THAM_SO_MOI'!$C$25*(E44/'THAM_SO_MOI'!$C$22)^3) -> 31.554391 | K44: ='THAM_SO_MOI'!$C$31*J44/E44 -> 348.05461 | L44: =K44*'THAM_SO_MOI'!$C$53*'THAM_SO_MOI'!$C$17/'THAM_SO_MOI'!$C$26 -> 3052.4403 | M44: ='THAM_SO_MOI'!$C$15*'THAM_SO_MOI'!$C$16*F44^2 -> 225.91905 | N44: ='THAM_SO_MOI'!$C$12*I44 -> 1130.112 | O44: =M44+N44 -> 1356.031 | P44: =(MIN(L44,'THAM_SO_MOI'!$C$41)-O44)/('THAM_SO_MOI'!$C$11*H44) -> 0.20080602 | Q44: =IF(P44>0,1/P44,NA()) -> 4.9799305 | R44: =F44-F43 -> 0.017600427 | S44: =0.5*(Q43+Q44)*R44 -> 0.08767518 | T44: =0.5*(F43*Q43+F44*Q44)*R44 -> 0.76975928 | U44: =U43+S44 -> 3.3712194 | V44: =V43+T44 -> 28.495829
A45: Số V riêng | B45: 5 | C45: kéo | D45: low | E45: =60*F45*'THAM_SO_MOI'!$C$53/(2*PI()*'THAM_SO_MOI'!$C$26) -> 867.63011 | F45: ='THAM_SO_MOI'!$E$53+('THAM_SO_MOI'!$C$14-'THAM_SO_MOI'!$E$53)*39/'THAM_SO_MOI'!$C$42 -> 8.8060748 | G45: =3.6*F45 -> 31.701869 | H45: ='THAM_SO_MOI'!$D$53 -> 1.1 | I45: =IF(F45>'THAM_SO_MOI'!$C$14,'THAM_SO_MOI'!$C$13*(1+F45^2/1500),'THAM_SO_MOI'!$C$13) -> 0.015 | J45: ='THAM_SO_MOI'!$C$40*('THAM_SO_MOI'!$C$23*(E45/'THAM_SO_MOI'!$C$22)+'THAM_SO_MOI'!$C$24*(E45/'THAM_SO_MOI'!$C$22)^2-'THAM_SO_MOI'!$C$25*(E45/'THAM_SO_MOI'!$C$22)^3) -> 31.63745 | K45: ='THAM_SO_MOI'!$C$31*J45/E45 -> 348.2733 | L45: =K45*'THAM_SO_MOI'!$C$53*'THAM_SO_MOI'!$C$17/'THAM_SO_MOI'!$C$26 -> 3054.3582 | M45: ='THAM_SO_MOI'!$C$15*'THAM_SO_MOI'!$C$16*F45^2 -> 226.82484 | N45: ='THAM_SO_MOI'!$C$12*I45 -> 1130.112 | O45: =M45+N45 -> 1356.9368 | P45: =(MIN(L45,'THAM_SO_MOI'!$C$41)-O45)/('THAM_SO_MOI'!$C$11*H45) -> 0.20092582 | Q45: =IF(P45>0,1/P45,NA()) -> 4.9769611 | R45: =F45-F44 -> 0.017600427 | S45: =0.5*(Q44+Q45)*R45 -> 0.087622774 | T45: =0.5*(F44*Q44+F45*Q45)*R45 -> 0.77084137 | U45: =U44+S45 -> 3.4588421 | V45: =V44+T45 -> 29.266671
A46: Số V riêng | B46: 5 | C46: kéo | D46: low | E46: =60*F46*'THAM_SO_MOI'!$C$53/(2*PI()*'THAM_SO_MOI'!$C$26) -> 869.36421 | F46: ='THAM_SO_MOI'!$E$53+('THAM_SO_MOI'!$C$14-'THAM_SO_MOI'!$E$53)*40/'THAM_SO_MOI'!$C$42 -> 8.8236752 | G46: =3.6*F46 -> 31.765231 | H46: ='THAM_SO_MOI'!$D$53 -> 1.1 | I46: =IF(F46>'THAM_SO_MOI'!$C$14,'THAM_SO_MOI'!$C$13*(1+F46^2/1500),'THAM_SO_MOI'!$C$13) -> 0.015 | J46: ='THAM_SO_MOI'!$C$40*('THAM_SO_MOI'!$C$23*(E46/'THAM_SO_MOI'!$C$22)+'THAM_SO_MOI'!$C$24*(E46/'THAM_SO_MOI'!$C$22)^2-'THAM_SO_MOI'!$C$25*(E46/'THAM_SO_MOI'!$C$22)^3) -> 31.720562 | K46: ='THAM_SO_MOI'!$C$31*J46/E46 -> 348.49169 | L46: =K46*'THAM_SO_MOI'!$C$53*'THAM_SO_MOI'!$C$17/'THAM_SO_MOI'!$C$26 -> 3056.2735 | M46: ='THAM_SO_MOI'!$C$15*'THAM_SO_MOI'!$C$16*F46^2 -> 227.73244 | N46: ='THAM_SO_MOI'!$C$12*I46 -> 1130.112 | O46: =M46+N46 -> 1357.8444 | P46: =(MIN(L46,'THAM_SO_MOI'!$C$41)-O46)/('THAM_SO_MOI'!$C$11*H46) -> 0.20104511 | Q46: =IF(P46>0,1/P46,NA()) -> 4.9740081 | R46: =F46-F45 -> 0.017600427 | S46: =0.5*(Q45+Q46)*R46 -> 0.087570656 | T46: =0.5*(F45*Q45+F46*Q46)*R46 -> 0.77192416 | U46: =U45+S46 -> 3.5464128 | V46: =V45+T46 -> 30.038595
A47: Số V riêng | B47: 5 | C47: kéo | D47: low | E47: =60*F47*'THAM_SO_MOI'!$C$53/(2*PI()*'THAM_SO_MOI'!$C$26) -> 871.09832 | F47: ='THAM_SO_MOI'!$E$53+('THAM_SO_MOI'!$C$14-'THAM_SO_MOI'!$E$53)*41/'THAM_SO_MOI'!$C$42 -> 8.8412756 | G47: =3.6*F47 -> 31.828592 | H47: ='THAM_SO_MOI'!$D$53 -> 1.1 | I47: =IF(F47>'THAM_SO_MOI'!$C$14,'THAM_SO_MOI'!$C$13*(1+F47^2/1500),'THAM_SO_MOI'!$C$13) -> 0.015 | J47: ='THAM_SO_MOI'!$C$40*('THAM_SO_MOI'!$C$23*(E47/'THAM_SO_MOI'!$C$22)+'THAM_SO_MOI'!$C$24*(E47/'THAM_SO_MOI'!$C$22)^2-'THAM_SO_MOI'!$C$25*(E47/'THAM_SO_MOI'!$C$22)^3) -> 31.803726 | K47: ='THAM_SO_MOI'!$C$31*J47/E47 -> 348.7098 | L47: =K47*'THAM_SO_MOI'!$C$53*'THAM_SO_MOI'!$C$17/'THAM_SO_MOI'!$C$26 -> 3058.1863 | M47: ='THAM_SO_MOI'!$C$15*'THAM_SO_MOI'!$C$16*F47^2 -> 228.64185 | N47: ='THAM_SO_MOI'!$C$12*I47 -> 1130.112 | O47: =M47+N47 -> 1358.7539 | P47: =(MIN(L47,'THAM_SO_MOI'!$C$41)-O47)/('THAM_SO_MOI'!$C$11*H47) -> 0.20116388 | Q47: =IF(P47>0,1/P47,NA()) -> 4.9710714 | R47: =F47-F46 -> 0.017600427 | S47: =0.5*(Q46+Q47)*R47 -> 0.087518825 | T47: =0.5*(F46*Q46+F47*Q47)*R47 -> 0.77300765 | U47: =U46+S47 -> 3.6339316 | V47: =V46+T47 -> 30.811603
A48: Số V riêng | B48: 5 | C48: kéo | D48: low | E48: =60*F48*'THAM_SO_MOI'!$C$53/(2*PI()*'THAM_SO_MOI'!$C$26) -> 872.83242 | F48: ='THAM_SO_MOI'!$E$53+('THAM_SO_MOI'!$C$14-'THAM_SO_MOI'!$E$53)*42/'THAM_SO_MOI'!$C$42 -> 8.8588761 | G48: =3.6*F48 -> 31.891954 | H48: ='THAM_SO_MOI'!$D$53 -> 1.1 | I48: =IF(F48>'THAM_SO_MOI'!$C$14,'THAM_SO_MOI'!$C$13*(1+F48^2/1500),'THAM_SO_MOI'!$C$13) -> 0.015 | J48: ='THAM_SO_MOI'!$C$40*('THAM_SO_MOI'!$C$23*(E48/'THAM_SO_MOI'!$C$22)+'THAM_SO_MOI'!$C$24*(E48/'THAM_SO_MOI'!$C$22)^2-'THAM_SO_MOI'!$C$25*(E48/'THAM_SO_MOI'!$C$22)^3) -> 31.886943 | K48: ='THAM_SO_MOI'!$C$31*J48/E48 -> 348.92761 | L48: =K48*'THAM_SO_MOI'!$C$53*'THAM_SO_MOI'!$C$17/'THAM_SO_MOI'!$C$26 -> 3060.0965 | M48: ='THAM_SO_MOI'!$C$15*'THAM_SO_MOI'!$C$16*F48^2 -> 229.55308 | N48: ='THAM_SO_MOI'!$C$12*I48 -> 1130.112 | O48: =M48+N48 -> 1359.6651 | P48: =(MIN(L48,'THAM_SO_MOI'!$C$41)-O48)/('THAM_SO_MOI'!$C$11*H48) -> 0.20128213 | Q48: =IF(P48>0,1/P48,NA()) -> 4.9681509 | R48: =F48-F47 -> 0.017600427 | S48: =0.5*(Q47+Q48)*R48 -> 0.087467281 | T48: =0.5*(F47*Q47+F48*Q48)*R48 -> 0.77409184 | U48: =U47+S48 -> 3.7213989 | V48: =V47+T48 -> 31.585694
A49: Số V riêng | B49: 5 | C49: kéo | D49: low | E49: =60*F49*'THAM_SO_MOI'!$C$53/(2*PI()*'THAM_SO_MOI'!$C$26) -> 874.56653 | F49: ='THAM_SO_MOI'!$E$53+('THAM_SO_MOI'!$C$14-'THAM_SO_MOI'!$E$53)*43/'THAM_SO_MOI'!$C$42 -> 8.8764765 | G49: =3.6*F49 -> 31.955315 | H49: ='THAM_SO_MOI'!$D$53 -> 1.1 | I49: =IF(F49>'THAM_SO_MOI'!$C$14,'THAM_SO_MOI'!$C$13*(1+F49^2/1500),'THAM_SO_MOI'!$C$13) -> 0.015 | J49: ='THAM_SO_MOI'!$C$40*('THAM_SO_MOI'!$C$23*(E49/'THAM_SO_MOI'!$C$22)+'THAM_SO_MOI'!$C$24*(E49/'THAM_SO_MOI'!$C$22)^2-'THAM_SO_MOI'!$C$25*(E49/'THAM_SO_MOI'!$C$22)^3) -> 31.970212 | K49: ='THAM_SO_MOI'!$C$31*J49/E49 -> 349.14513 | L49: =K49*'THAM_SO_MOI'!$C$53*'THAM_SO_MOI'!$C$17/'THAM_SO_MOI'!$C$26 -> 3062.0042 | M49: ='THAM_SO_MOI'!$C$15*'THAM_SO_MOI'!$C$16*F49^2 -> 230.46612 | N49: ='THAM_SO_MOI'!$C$12*I49 -> 1130.112 | O49: =M49+N49 -> 1360.5781 | P49: =(MIN(L49,'THAM_SO_MOI'!$C$41)-O49)/('THAM_SO_MOI'!$C$11*H49) -> 0.20139986 | Q49: =IF(P49>0,1/P49,NA()) -> 4.9652467 | R49: =F49-F48 -> 0.017600427 | S49: =0.5*(Q48+Q49)*R49 -> 0.087416021 | T49: =0.5*(F48*Q48+F49*Q49)*R49 -> 0.77517676 | U49: =U48+S49 -> 3.8088149 | V49: =V48+T49 -> 32.360871
A50: Số V riêng | B50: 5 | C50: kéo | D50: low | E50: =60*F50*'THAM_SO_MOI'!$C$53/(2*PI()*'THAM_SO_MOI'!$C$26) -> 876.30063 | F50: ='THAM_SO_MOI'!$E$53+('THAM_SO_MOI'!$C$14-'THAM_SO_MOI'!$E$53)*44/'THAM_SO_MOI'!$C$42 -> 8.8940769 | G50: =3.6*F50 -> 32.018677 | H50: ='THAM_SO_MOI'!$D$53 -> 1.1 | I50: =IF(F50>'THAM_SO_MOI'!$C$14,'THAM_SO_MOI'!$C$13*(1+F50^2/1500),'THAM_SO_MOI'!$C$13) -> 0.015 | J50: ='THAM_SO_MOI'!$C$40*('THAM_SO_MOI'!$C$23*(E50/'THAM_SO_MOI'!$C$22)+'THAM_SO_MOI'!$C$24*(E50/'THAM_SO_MOI'!$C$22)^2-'THAM_SO_MOI'!$C$25*(E50/'THAM_SO_MOI'!$C$22)^3) -> 32.053534 | K50: ='THAM_SO_MOI'!$C$31*J50/E50 -> 349.36236 | L50: =K50*'THAM_SO_MOI'!$C$53*'THAM_SO_MOI'!$C$17/'THAM_SO_MOI'!$C$26 -> 3063.9093 | M50: ='THAM_SO_MOI'!$C$15*'THAM_SO_MOI'!$C$16*F50^2 -> 231.38097 | N50: ='THAM_SO_MOI'!$C$12*I50 -> 1130.112 | O50: =M50+N50 -> 1361.493 | P50: =(MIN(L50,'THAM_SO_MOI'!$C$41)-O50)/('THAM_SO_MOI'!$C$11*H50) -> 0.20151708 | Q50: =IF(P50>0,1/P50,NA()) -> 4.9623585 | R50: =F50-F49 -> 0.017600427 | S50: =0.5*(Q49+Q50)*R50 -> 0.087365047 | T50: =0.5*(F49*Q49+F50*Q50)*R50 -> 0.77626239 | U50: =U49+S50 -> 3.89618 | V50: =V49+T50 -> 33.137134
A51: Số V riêng | B51: 5 | C51: kéo | D51: low | E51: =60*F51*'THAM_SO_MOI'!$C$53/(2*PI()*'THAM_SO_MOI'!$C$26) -> 878.03474 | F51: ='THAM_SO_MOI'!$E$53+('THAM_SO_MOI'!$C$14-'THAM_SO_MOI'!$E$53)*45/'THAM_SO_MOI'!$C$42 -> 8.9116774 | G51: =3.6*F51 -> 32.082038 | H51: ='THAM_SO_MOI'!$D$53 -> 1.1 | I51: =IF(F51>'THAM_SO_MOI'!$C$14,'THAM_SO_MOI'!$C$13*(1+F51^2/1500),'THAM_SO_MOI'!$C$13) -> 0.015 | J51: ='THAM_SO_MOI'!$C$40*('THAM_SO_MOI'!$C$23*(E51/'THAM_SO_MOI'!$C$22)+'THAM_SO_MOI'!$C$24*(E51/'THAM_SO_MOI'!$C$22)^2-'THAM_SO_MOI'!$C$25*(E51/'THAM_SO_MOI'!$C$22)^3) -> 32.136908 | K51: ='THAM_SO_MOI'!$C$31*J51/E51 -> 349.5793 | L51: =K51*'THAM_SO_MOI'!$C$53*'THAM_SO_MOI'!$C$17/'THAM_SO_MOI'!$C$26 -> 3065.8118 | M51: ='THAM_SO_MOI'!$C$15*'THAM_SO_MOI'!$C$16*F51^2 -> 232.29763 | N51: ='THAM_SO_MOI'!$C$12*I51 -> 1130.112 | O51: =M51+N51 -> 1362.4096 | P51: =(MIN(L51,'THAM_SO_MOI'!$C$41)-O51)/('THAM_SO_MOI'!$C$11*H51) -> 0.20163378 | Q51: =IF(P51>0,1/P51,NA()) -> 4.9594864 | R51: =F51-F50 -> 0.017600427 | S51: =0.5*(Q50+Q51)*R51 -> 0.087314355 | T51: =0.5*(F50*Q50+F51*Q51)*R51 -> 0.77734876 | U51: =U50+S51 -> 3.9834943 | V51: =V50+T51 -> 33.914482
A52: Số V riêng | B52: 5 | C52: kéo | D52: low | E52: =60*F52*'THAM_SO_MOI'!$C$53/(2*PI()*'THAM_SO_MOI'!$C$26) -> 879.76884 | F52: ='THAM_SO_MOI'!$E$53+('THAM_SO_MOI'!$C$14-'THAM_SO_MOI'!$E$53)*46/'THAM_SO_MOI'!$C$42 -> 8.9292778 | G52: =3.6*F52 -> 32.1454 | H52: ='THAM_SO_MOI'!$D$53 -> 1.1 | I52: =IF(F52>'THAM_SO_MOI'!$C$14,'THAM_SO_MOI'!$C$13*(1+F52^2/1500),'THAM_SO_MOI'!$C$13) -> 0.015 | J52: ='THAM_SO_MOI'!$C$40*('THAM_SO_MOI'!$C$23*(E52/'THAM_SO_MOI'!$C$22)+'THAM_SO_MOI'!$C$24*(E52/'THAM_SO_MOI'!$C$22)^2-'THAM_SO_MOI'!$C$25*(E52/'THAM_SO_MOI'!$C$22)^3) -> 32.220333 | K52: ='THAM_SO_MOI'!$C$31*J52/E52 -> 349.79594 | L52: =K52*'THAM_SO_MOI'!$C$53*'THAM_SO_MOI'!$C$17/'THAM_SO_MOI'!$C$26 -> 3067.7118 | M52: ='THAM_SO_MOI'!$C$15*'THAM_SO_MOI'!$C$16*F52^2 -> 233.2161 | N52: ='THAM_SO_MOI'!$C$12*I52 -> 1130.112 | O52: =M52+N52 -> 1363.3281 | P52: =(MIN(L52,'THAM_SO_MOI'!$C$41)-O52)/('THAM_SO_MOI'!$C$11*H52) -> 0.20174996 | Q52: =IF(P52>0,1/P52,NA()) -> 4.9566304 | R52: =F52-F51 -> 0.017600427 | S52: =0.5*(Q51+Q52)*R52 -> 0.087263947 | T52: =0.5*(F51*Q51+F52*Q52)*R52 -> 0.77843586 | U52: =U51+S52 -> 4.0707583 | V52: =V51+T52 -> 34.692918
A53: Số V riêng | B53: 5 | C53: kéo | D53: low | E53: =60*F53*'THAM_SO_MOI'!$C$53/(2*PI()*'THAM_SO_MOI'!$C$26) -> 881.50295 | F53: ='THAM_SO_MOI'!$E$53+('THAM_SO_MOI'!$C$14-'THAM_SO_MOI'!$E$53)*47/'THAM_SO_MOI'!$C$42 -> 8.9468782 | G53: =3.6*F53 -> 32.208762 | H53: ='THAM_SO_MOI'!$D$53 -> 1.1 | I53: =IF(F53>'THAM_SO_MOI'!$C$14,'THAM_SO_MOI'!$C$13*(1+F53^2/1500),'THAM_SO_MOI'!$C$13) -> 0.015 | J53: ='THAM_SO_MOI'!$C$40*('THAM_SO_MOI'!$C$23*(E53/'THAM_SO_MOI'!$C$22)+'THAM_SO_MOI'!$C$24*(E53/'THAM_SO_MOI'!$C$22)^2-'THAM_SO_MOI'!$C$25*(E53/'THAM_SO_MOI'!$C$22)^3) -> 32.303811 | K53: ='THAM_SO_MOI'!$C$31*J53/E53 -> 350.0123 | L53: =K53*'THAM_SO_MOI'!$C$53*'THAM_SO_MOI'!$C$17/'THAM_SO_MOI'!$C$26 -> 3069.6092 | M53: ='THAM_SO_MOI'!$C$15*'THAM_SO_MOI'!$C$16*F53^2 -> 234.13639 | N53: ='THAM_SO_MOI'!$C$12*I53 -> 1130.112 | O53: =M53+N53 -> 1364.2484 | P53: =(MIN(L53,'THAM_SO_MOI'!$C$41)-O53)/('THAM_SO_MOI'!$C$11*H53) -> 0.20186563 | Q53: =IF(P53>0,1/P53,NA()) -> 4.9537903 | R53: =F53-F52 -> 0.017600427 | S53: =0.5*(Q52+Q53)*R53 -> 0.08721382 | T53: =0.5*(F52*Q52+F53*Q53)*R53 -> 0.7795237 | U53: =U52+S53 -> 4.1579721 | V53: =V52+T53 -> 35.472442
A54: Số V riêng | B54: 5 | C54: kéo | D54: low | E54: =60*F54*'THAM_SO_MOI'!$C$53/(2*PI()*'THAM_SO_MOI'!$C$26) -> 883.23705 | F54: ='THAM_SO_MOI'!$E$53+('THAM_SO_MOI'!$C$14-'THAM_SO_MOI'!$E$53)*48/'THAM_SO_MOI'!$C$42 -> 8.9644786 | G54: =3.6*F54 -> 32.272123 | H54: ='THAM_SO_MOI'!$D$53 -> 1.1 | I54: =IF(F54>'THAM_SO_MOI'!$C$14,'THAM_SO_MOI'!$C$13*(1+F54^2/1500),'THAM_SO_MOI'!$C$13) -> 0.015 | J54: ='THAM_SO_MOI'!$C$40*('THAM_SO_MOI'!$C$23*(E54/'THAM_SO_MOI'!$C$22)+'THAM_SO_MOI'!$C$24*(E54/'THAM_SO_MOI'!$C$22)^2-'THAM_SO_MOI'!$C$25*(E54/'THAM_SO_MOI'!$C$22)^3) -> 32.387339 | K54: ='THAM_SO_MOI'!$C$31*J54/E54 -> 350.22836 | L54: =K54*'THAM_SO_MOI'!$C$53*'THAM_SO_MOI'!$C$17/'THAM_SO_MOI'!$C$26 -> 3071.5041 | M54: ='THAM_SO_MOI'!$C$15*'THAM_SO_MOI'!$C$16*F54^2 -> 235.05849 | N54: ='THAM_SO_MOI'!$C$12*I54 -> 1130.112 | O54: =M54+N54 -> 1365.1705 | P54: =(MIN(L54,'THAM_SO_MOI'!$C$41)-O54)/('THAM_SO_MOI'!$C$11*H54) -> 0.20198078 | Q54: =IF(P54>0,1/P54,NA()) -> 4.9509662 | R54: =F54-F53 -> 0.017600427 | S54: =0.5*(Q53+Q54)*R54 -> 0.087163974 | T54: =0.5*(F53*Q53+F54*Q54)*R54 -> 0.7806123 | U54: =U53+S54 -> 4.2451361 | V54: =V53+T54 -> 36.253054
A55: Số V riêng | B55: 5 | C55: kéo | D55: low | E55: =60*F55*'THAM_SO_MOI'!$C$53/(2*PI()*'THAM_SO_MOI'!$C$26) -> 884.97116 | F55: ='THAM_SO_MOI'!$E$53+('THAM_SO_MOI'!$C$14-'THAM_SO_MOI'!$E$53)*49/'THAM_SO_MOI'!$C$42 -> 8.9820791 | G55: =3.6*F55 -> 32.335485 | H55: ='THAM_SO_MOI'!$D$53 -> 1.1 | I55: =IF(F55>'THAM_SO_MOI'!$C$14,'THAM_SO_MOI'!$C$13*(1+F55^2/1500),'THAM_SO_MOI'!$C$13) -> 0.015 | J55: ='THAM_SO_MOI'!$C$40*('THAM_SO_MOI'!$C$23*(E55/'THAM_SO_MOI'!$C$22)+'THAM_SO_MOI'!$C$24*(E55/'THAM_SO_MOI'!$C$22)^2-'THAM_SO_MOI'!$C$25*(E55/'THAM_SO_MOI'!$C$22)^3) -> 32.47092 | K55: ='THAM_SO_MOI'!$C$31*J55/E55 -> 350.44413 | L55: =K55*'THAM_SO_MOI'!$C$53*'THAM_SO_MOI'!$C$17/'THAM_SO_MOI'!$C$26 -> 3073.3964 | M55: ='THAM_SO_MOI'!$C$15*'THAM_SO_MOI'!$C$16*F55^2 -> 235.9824 | N55: ='THAM_SO_MOI'!$C$12*I55 -> 1130.112 | O55: =M55+N55 -> 1366.0944 | P55: =(MIN(L55,'THAM_SO_MOI'!$C$41)-O55)/('THAM_SO_MOI'!$C$11*H55) -> 0.20209541 | Q55: =IF(P55>0,1/P55,NA()) -> 4.948158 | R55: =F55-F54 -> 0.017600427 | S55: =0.5*(Q54+Q55)*R55 -> 0.087114408 | T55: =0.5*(F54*Q54+F55*Q55)*R55 -> 0.78170166 | U55: =U54+S55 -> 4.3322505 | V55: =V54+T55 -> 37.034756
A56: Số V riêng | B56: 5 | C56: kéo | D56: low | E56: =60*F56*'THAM_SO_MOI'!$C$53/(2*PI()*'THAM_SO_MOI'!$C$26) -> 886.70526 | F56: ='THAM_SO_MOI'!$E$53+('THAM_SO_MOI'!$C$14-'THAM_SO_MOI'!$E$53)*50/'THAM_SO_MOI'!$C$42 -> 8.9996795 | G56: =3.6*F56 -> 32.398846 | H56: ='THAM_SO_MOI'!$D$53 -> 1.1 | I56: =IF(F56>'THAM_SO_MOI'!$C$14,'THAM_SO_MOI'!$C$13*(1+F56^2/1500),'THAM_SO_MOI'!$C$13) -> 0.015 | J56: ='THAM_SO_MOI'!$C$40*('THAM_SO_MOI'!$C$23*(E56/'THAM_SO_MOI'!$C$22)+'THAM_SO_MOI'!$C$24*(E56/'THAM_SO_MOI'!$C$22)^2-'THAM_SO_MOI'!$C$25*(E56/'THAM_SO_MOI'!$C$22)^3) -> 32.554551 | K56: ='THAM_SO_MOI'!$C$31*J56/E56 -> 350.65961 | L56: =K56*'THAM_SO_MOI'!$C$53*'THAM_SO_MOI'!$C$17/'THAM_SO_MOI'!$C$26 -> 3075.2862 | M56: ='THAM_SO_MOI'!$C$15*'THAM_SO_MOI'!$C$16*F56^2 -> 236.90813 | N56: ='THAM_SO_MOI'!$C$12*I56 -> 1130.112 | O56: =M56+N56 -> 1367.0201 | P56: =(MIN(L56,'THAM_SO_MOI'!$C$41)-O56)/('THAM_SO_MOI'!$C$11*H56) -> 0.20220952 | Q56: =IF(P56>0,1/P56,NA()) -> 4.9453656 | R56: =F56-F55 -> 0.017600427 | S56: =0.5*(Q55+Q56)*R56 -> 0.087065121 | T56: =0.5*(F55*Q55+F56*Q56)*R56 -> 0.78279178 | U56: =U55+S56 -> 4.4193156 | V56: =V55+T56 -> 37.817548
A57: Số V riêng | B57: 5 | C57: kéo | D57: low | E57: =60*F57*'THAM_SO_MOI'!$C$53/(2*PI()*'THAM_SO_MOI'!$C$26) -> 888.43937 | F57: ='THAM_SO_MOI'!$E$53+('THAM_SO_MOI'!$C$14-'THAM_SO_MOI'!$E$53)*51/'THAM_SO_MOI'!$C$42 -> 9.0172799 | G57: =3.6*F57 -> 32.462208 | H57: ='THAM_SO_MOI'!$D$53 -> 1.1 | I57: =IF(F57>'THAM_SO_MOI'!$C$14,'THAM_SO_MOI'!$C$13*(1+F57^2/1500),'THAM_SO_MOI'!$C$13) -> 0.015 | J57: ='THAM_SO_MOI'!$C$40*('THAM_SO_MOI'!$C$23*(E57/'THAM_SO_MOI'!$C$22)+'THAM_SO_MOI'!$C$24*(E57/'THAM_SO_MOI'!$C$22)^2-'THAM_SO_MOI'!$C$25*(E57/'THAM_SO_MOI'!$C$22)^3) -> 32.638234 | K57: ='THAM_SO_MOI'!$C$31*J57/E57 -> 350.8748 | L57: =K57*'THAM_SO_MOI'!$C$53*'THAM_SO_MOI'!$C$17/'THAM_SO_MOI'!$C$26 -> 3077.1734 | M57: ='THAM_SO_MOI'!$C$15*'THAM_SO_MOI'!$C$16*F57^2 -> 237.83566 | N57: ='THAM_SO_MOI'!$C$12*I57 -> 1130.112 | O57: =M57+N57 -> 1367.9477 | P57: =(MIN(L57,'THAM_SO_MOI'!$C$41)-O57)/('THAM_SO_MOI'!$C$11*H57) -> 0.20232312 | Q57: =IF(P57>0,1/P57,NA()) -> 4.9425889 | R57: =F57-F56 -> 0.017600427 | S57: =0.5*(Q56+Q57)*R57 -> 0.087016112 | T57: =0.5*(F56*Q56+F57*Q57)*R57 -> 0.78388267 | U57: =U56+S57 -> 4.5063317 | V57: =V56+T57 -> 38.60143
A58: Số V riêng | B58: 5 | C58: kéo | D58: low | E58: =60*F58*'THAM_SO_MOI'!$C$53/(2*PI()*'THAM_SO_MOI'!$C$26) -> 890.17347 | F58: ='THAM_SO_MOI'!$E$53+('THAM_SO_MOI'!$C$14-'THAM_SO_MOI'!$E$53)*52/'THAM_SO_MOI'!$C$42 -> 9.0348803 | G58: =3.6*F58 -> 32.525569 | H58: ='THAM_SO_MOI'!$D$53 -> 1.1 | I58: =IF(F58>'THAM_SO_MOI'!$C$14,'THAM_SO_MOI'!$C$13*(1+F58^2/1500),'THAM_SO_MOI'!$C$13) -> 0.015 | J58: ='THAM_SO_MOI'!$C$40*('THAM_SO_MOI'!$C$23*(E58/'THAM_SO_MOI'!$C$22)+'THAM_SO_MOI'!$C$24*(E58/'THAM_SO_MOI'!$C$22)^2-'THAM_SO_MOI'!$C$25*(E58/'THAM_SO_MOI'!$C$22)^3) -> 32.721968 | K58: ='THAM_SO_MOI'!$C$31*J58/E58 -> 351.08969 | L58: =K58*'THAM_SO_MOI'!$C$53*'THAM_SO_MOI'!$C$17/'THAM_SO_MOI'!$C$26 -> 3079.058 | M58: ='THAM_SO_MOI'!$C$15*'THAM_SO_MOI'!$C$16*F58^2 -> 238.76501 | N58: ='THAM_SO_MOI'!$C$12*I58 -> 1130.112 | O58: =M58+N58 -> 1368.877 | P58: =(MIN(L58,'THAM_SO_MOI'!$C$41)-O58)/('THAM_SO_MOI'!$C$11*H58) -> 0.2024362 | Q58: =IF(P58>0,1/P58,NA()) -> 4.9398281 | R58: =F58-F57 -> 0.017600427 | S58: =0.5*(Q57+Q58)*R58 -> 0.086967381 | T58: =0.5*(F57*Q57+F58*Q58)*R58 -> 0.78497434 | U58: =U57+S58 -> 4.5932991 | V58: =V57+T58 -> 39.386405
A59: Số V riêng | B59: 5 | C59: kéo | D59: low | E59: =60*F59*'THAM_SO_MOI'!$C$53/(2*PI()*'THAM_SO_MOI'!$C$26) -> 891.90758 | F59: ='THAM_SO_MOI'!$E$53+('THAM_SO_MOI'!$C$14-'THAM_SO_MOI'!$E$53)*53/'THAM_SO_MOI'!$C$42 -> 9.0524808 | G59: =3.6*F59 -> 32.588931 | H59: ='THAM_SO_MOI'!$D$53 -> 1.1 | I59: =IF(F59>'THAM_SO_MOI'!$C$14,'THAM_SO_MOI'!$C$13*(1+F59^2/1500),'THAM_SO_MOI'!$C$13) -> 0.015 | J59: ='THAM_SO_MOI'!$C$40*('THAM_SO_MOI'!$C$23*(E59/'THAM_SO_MOI'!$C$22)+'THAM_SO_MOI'!$C$24*(E59/'THAM_SO_MOI'!$C$22)^2-'THAM_SO_MOI'!$C$25*(E59/'THAM_SO_MOI'!$C$22)^3) -> 32.805752 | K59: ='THAM_SO_MOI'!$C$31*J59/E59 -> 351.3043 | L59: =K59*'THAM_SO_MOI'!$C$53*'THAM_SO_MOI'!$C$17/'THAM_SO_MOI'!$C$26 -> 3080.9401 | M59: ='THAM_SO_MOI'!$C$15*'THAM_SO_MOI'!$C$16*F59^2 -> 239.69617 | N59: ='THAM_SO_MOI'!$C$12*I59 -> 1130.112 | O59: =M59+N59 -> 1369.8082 | P59: =(MIN(L59,'THAM_SO_MOI'!$C$41)-O59)/('THAM_SO_MOI'!$C$11*H59) -> 0.20254876 | Q59: =IF(P59>0,1/P59,NA()) -> 4.9370829 | R59: =F59-F58 -> 0.017600427 | S59: =0.5*(Q58+Q59)*R59 -> 0.086918927 | T59: =0.5*(F58*Q58+F59*Q59)*R59 -> 0.7860668 | U59: =U58+S59 -> 4.680218 | V59: =V58+T59 -> 40.172471
A60: Số V riêng | B60: 5 | C60: kéo | D60: low | E60: =60*F60*'THAM_SO_MOI'!$C$53/(2*PI()*'THAM_SO_MOI'!$C$26) -> 893.64168 | F60: ='THAM_SO_MOI'!$E$53+('THAM_SO_MOI'!$C$14-'THAM_SO_MOI'!$E$53)*54/'THAM_SO_MOI'!$C$42 -> 9.0700812 | G60: =3.6*F60 -> 32.652292 | H60: ='THAM_SO_MOI'!$D$53 -> 1.1 | I60: =IF(F60>'THAM_SO_MOI'!$C$14,'THAM_SO_MOI'!$C$13*(1+F60^2/1500),'THAM_SO_MOI'!$C$13) -> 0.015 | J60: ='THAM_SO_MOI'!$C$40*('THAM_SO_MOI'!$C$23*(E60/'THAM_SO_MOI'!$C$22)+'THAM_SO_MOI'!$C$24*(E60/'THAM_SO_MOI'!$C$22)^2-'THAM_SO_MOI'!$C$25*(E60/'THAM_SO_MOI'!$C$22)^3) -> 32.889587 | K60: ='THAM_SO_MOI'!$C$31*J60/E60 -> 351.51861 | L60: =K60*'THAM_SO_MOI'!$C$53*'THAM_SO_MOI'!$C$17/'THAM_SO_MOI'!$C$26 -> 3082.8196 | M60: ='THAM_SO_MOI'!$C$15*'THAM_SO_MOI'!$C$16*F60^2 -> 240.62914 | N60: ='THAM_SO_MOI'!$C$12*I60 -> 1130.112 | O60: =M60+N60 -> 1370.7411 | P60: =(MIN(L60,'THAM_SO_MOI'!$C$41)-O60)/('THAM_SO_MOI'!$C$11*H60) -> 0.2026608 | Q60: =IF(P60>0,1/P60,NA()) -> 4.9343534 | R60: =F60-F59 -> 0.017600427 | S60: =0.5*(Q59+Q60)*R60 -> 0.086870748 | T60: =0.5*(F59*Q59+F60*Q60)*R60 -> 0.78716005 | U60: =U59+S60 -> 4.7670888 | V60: =V59+T60 -> 40.959631
A61: Số V riêng | B61: 5 | C61: kéo | D61: low | E61: =60*F61*'THAM_SO_MOI'!$C$53/(2*PI()*'THAM_SO_MOI'!$C$26) -> 895.37579 | F61: ='THAM_SO_MOI'!$E$53+('THAM_SO_MOI'!$C$14-'THAM_SO_MOI'!$E$53)*55/'THAM_SO_MOI'!$C$42 -> 9.0876816 | G61: =3.6*F61 -> 32.715654 | H61: ='THAM_SO_MOI'!$D$53 -> 1.1 | I61: =IF(F61>'THAM_SO_MOI'!$C$14,'THAM_SO_MOI'!$C$13*(1+F61^2/1500),'THAM_SO_MOI'!$C$13) -> 0.015 | J61: ='THAM_SO_MOI'!$C$40*('THAM_SO_MOI'!$C$23*(E61/'THAM_SO_MOI'!$C$22)+'THAM_SO_MOI'!$C$24*(E61/'THAM_SO_MOI'!$C$22)^2-'THAM_SO_MOI'!$C$25*(E61/'THAM_SO_MOI'!$C$22)^3) -> 32.973473 | K61: ='THAM_SO_MOI'!$C$31*J61/E61 -> 351.73263 | L61: =K61*'THAM_SO_MOI'!$C$53*'THAM_SO_MOI'!$C$17/'THAM_SO_MOI'!$C$26 -> 3084.6965 | M61: ='THAM_SO_MOI'!$C$15*'THAM_SO_MOI'!$C$16*F61^2 -> 241.56393 | N61: ='THAM_SO_MOI'!$C$12*I61 -> 1130.112 | O61: =M61+N61 -> 1371.6759 | P61: =(MIN(L61,'THAM_SO_MOI'!$C$41)-O61)/('THAM_SO_MOI'!$C$11*H61) -> 0.20277233 | Q61: =IF(P61>0,1/P61,NA()) -> 4.9316394 | R61: =F61-F60 -> 0.017600427 | S61: =0.5*(Q60+Q61)*R61 -> 0.086822845 | T61: =0.5*(F60*Q60+F61*Q61)*R61 -> 0.7882541 | U61: =U60+S61 -> 4.8539116 | V61: =V60+T61 -> 41.747886
A62: Số V riêng | B62: 5 | C62: kéo | D62: low | E62: =60*F62*'THAM_SO_MOI'!$C$53/(2*PI()*'THAM_SO_MOI'!$C$26) -> 897.10989 | F62: ='THAM_SO_MOI'!$E$53+('THAM_SO_MOI'!$C$14-'THAM_SO_MOI'!$E$53)*56/'THAM_SO_MOI'!$C$42 -> 9.1052821 | G62: =3.6*F62 -> 32.779015 | H62: ='THAM_SO_MOI'!$D$53 -> 1.1 | I62: =IF(F62>'THAM_SO_MOI'!$C$14,'THAM_SO_MOI'!$C$13*(1+F62^2/1500),'THAM_SO_MOI'!$C$13) -> 0.015 | J62: ='THAM_SO_MOI'!$C$40*('THAM_SO_MOI'!$C$23*(E62/'THAM_SO_MOI'!$C$22)+'THAM_SO_MOI'!$C$24*(E62/'THAM_SO_MOI'!$C$22)^2-'THAM_SO_MOI'!$C$25*(E62/'THAM_SO_MOI'!$C$22)^3) -> 33.057408 | K62: ='THAM_SO_MOI'!$C$31*J62/E62 -> 351.94636 | L62: =K62*'THAM_SO_MOI'!$C$53*'THAM_SO_MOI'!$C$17/'THAM_SO_MOI'!$C$26 -> 3086.5709 | M62: ='THAM_SO_MOI'!$C$15*'THAM_SO_MOI'!$C$16*F62^2 -> 242.50052 | N62: ='THAM_SO_MOI'!$C$12*I62 -> 1130.112 | O62: =M62+N62 -> 1372.6125 | P62: =(MIN(L62,'THAM_SO_MOI'!$C$41)-O62)/('THAM_SO_MOI'!$C$11*H62) -> 0.20288334 | Q62: =IF(P62>0,1/P62,NA()) -> 4.928941 | R62: =F62-F61 -> 0.017600427 | S62: =0.5*(Q61+Q62)*R62 -> 0.086775215 | T62: =0.5*(F61*Q61+F62*Q62)*R62 -> 0.78934896 | U62: =U61+S62 -> 4.9406868 | V62: =V61+T62 -> 42.537234
A63: Số V riêng | B63: 5 | C63: kéo | D63: low | E63: =60*F63*'THAM_SO_MOI'!$C$53/(2*PI()*'THAM_SO_MOI'!$C$26) -> 898.844 | F63: ='THAM_SO_MOI'!$E$53+('THAM_SO_MOI'!$C$14-'THAM_SO_MOI'!$E$53)*57/'THAM_SO_MOI'!$C$42 -> 9.1228825 | G63: =3.6*F63 -> 32.842377 | H63: ='THAM_SO_MOI'!$D$53 -> 1.1 | I63: =IF(F63>'THAM_SO_MOI'!$C$14,'THAM_SO_MOI'!$C$13*(1+F63^2/1500),'THAM_SO_MOI'!$C$13) -> 0.015 | J63: ='THAM_SO_MOI'!$C$40*('THAM_SO_MOI'!$C$23*(E63/'THAM_SO_MOI'!$C$22)+'THAM_SO_MOI'!$C$24*(E63/'THAM_SO_MOI'!$C$22)^2-'THAM_SO_MOI'!$C$25*(E63/'THAM_SO_MOI'!$C$22)^3) -> 33.141394 | K63: ='THAM_SO_MOI'!$C$31*J63/E63 -> 352.1598 | L63: =K63*'THAM_SO_MOI'!$C$53*'THAM_SO_MOI'!$C$17/'THAM_SO_MOI'!$C$26 -> 3088.4428 | M63: ='THAM_SO_MOI'!$C$15*'THAM_SO_MOI'!$C$16*F63^2 -> 243.43893 | N63: ='THAM_SO_MOI'!$C$12*I63 -> 1130.112 | O63: =M63+N63 -> 1373.5509 | P63: =(MIN(L63,'THAM_SO_MOI'!$C$41)-O63)/('THAM_SO_MOI'!$C$11*H63) -> 0.20299383 | Q63: =IF(P63>0,1/P63,NA()) -> 4.9262582 | R63: =F63-F62 -> 0.017600427 | S63: =0.5*(Q62+Q63)*R63 -> 0.086727859 | T63: =0.5*(F62*Q62+F63*Q63)*R63 -> 0.79044463 | U63: =U62+S63 -> 5.0274147 | V63: =V62+T63 -> 43.327679
A64: Số V riêng | B64: 5 | C64: kéo | D64: low | E64: =60*F64*'THAM_SO_MOI'!$C$53/(2*PI()*'THAM_SO_MOI'!$C$26) -> 900.57811 | F64: ='THAM_SO_MOI'!$E$53+('THAM_SO_MOI'!$C$14-'THAM_SO_MOI'!$E$53)*58/'THAM_SO_MOI'!$C$42 -> 9.1404829 | G64: =3.6*F64 -> 32.905738 | H64: ='THAM_SO_MOI'!$D$53 -> 1.1 | I64: =IF(F64>'THAM_SO_MOI'!$C$14,'THAM_SO_MOI'!$C$13*(1+F64^2/1500),'THAM_SO_MOI'!$C$13) -> 0.015 | J64: ='THAM_SO_MOI'!$C$40*('THAM_SO_MOI'!$C$23*(E64/'THAM_SO_MOI'!$C$22)+'THAM_SO_MOI'!$C$24*(E64/'THAM_SO_MOI'!$C$22)^2-'THAM_SO_MOI'!$C$25*(E64/'THAM_SO_MOI'!$C$22)^3) -> 33.22543 | K64: ='THAM_SO_MOI'!$C$31*J64/E64 -> 352.37294 | L64: =K64*'THAM_SO_MOI'!$C$53*'THAM_SO_MOI'!$C$17/'THAM_SO_MOI'!$C$26 -> 3090.3121 | M64: ='THAM_SO_MOI'!$C$15*'THAM_SO_MOI'!$C$16*F64^2 -> 244.37915 | N64: ='THAM_SO_MOI'!$C$12*I64 -> 1130.112 | O64: =M64+N64 -> 1374.4912 | P64: =(MIN(L64,'THAM_SO_MOI'!$C$41)-O64)/('THAM_SO_MOI'!$C$11*H64) -> 0.2031038 | Q64: =IF(P64>0,1/P64,NA()) -> 4.9235908 | R64: =F64-F63 -> 0.017600427 | S64: =0.5*(Q63+Q64)*R64 -> 0.086680775 | T64: =0.5*(F63*Q63+F64*Q64)*R64 -> 0.79154113 | U64: =U63+S64 -> 5.1140954 | V64: =V63+T64 -> 44.11922
A65: Số V riêng | B65: 5 | C65: kéo | D65: low | E65: =60*F65*'THAM_SO_MOI'!$C$53/(2*PI()*'THAM_SO_MOI'!$C$26) -> 902.31221 | F65: ='THAM_SO_MOI'!$E$53+('THAM_SO_MOI'!$C$14-'THAM_SO_MOI'!$E$53)*59/'THAM_SO_MOI'!$C$42 -> 9.1580833 | G65: =3.6*F65 -> 32.9691 | H65: ='THAM_SO_MOI'!$D$53 -> 1.1 | I65: =IF(F65>'THAM_SO_MOI'!$C$14,'THAM_SO_MOI'!$C$13*(1+F65^2/1500),'THAM_SO_MOI'!$C$13) -> 0.015 | J65: ='THAM_SO_MOI'!$C$40*('THAM_SO_MOI'!$C$23*(E65/'THAM_SO_MOI'!$C$22)+'THAM_SO_MOI'!$C$24*(E65/'THAM_SO_MOI'!$C$22)^2-'THAM_SO_MOI'!$C$25*(E65/'THAM_SO_MOI'!$C$22)^3) -> 33.309516 | K65: ='THAM_SO_MOI'!$C$31*J65/E65 -> 352.58579 | L65: =K65*'THAM_SO_MOI'!$C$53*'THAM_SO_MOI'!$C$17/'THAM_SO_MOI'!$C$26 -> 3092.1788 | M65: ='THAM_SO_MOI'!$C$15*'THAM_SO_MOI'!$C$16*F65^2 -> 245.32118 | N65: ='THAM_SO_MOI'!$C$12*I65 -> 1130.112 | O65: =M65+N65 -> 1375.4332 | P65: =(MIN(L65,'THAM_SO_MOI'!$C$41)-O65)/('THAM_SO_MOI'!$C$11*H65) -> 0.20321326 | Q65: =IF(P65>0,1/P65,NA()) -> 4.9209388 | R65: =F65-F64 -> 0.017600427 | S65: =0.5*(Q64+Q65)*R65 -> 0.086633963 | T65: =0.5*(F64*Q64+F65*Q65)*R65 -> 0.79263845 | U65: =U64+S65 -> 5.2007294 | V65: =V64+T65 -> 44.911859
A66: Số V riêng | B66: 5 | C66: kéo | D66: low | E66: =60*F66*'THAM_SO_MOI'!$C$53/(2*PI()*'THAM_SO_MOI'!$C$26) -> 904.04632 | F66: ='THAM_SO_MOI'!$E$53+('THAM_SO_MOI'!$C$14-'THAM_SO_MOI'!$E$53)*60/'THAM_SO_MOI'!$C$42 -> 9.1756838 | G66: =3.6*F66 -> 33.032462 | H66: ='THAM_SO_MOI'!$D$53 -> 1.1 | I66: =IF(F66>'THAM_SO_MOI'!$C$14,'THAM_SO_MOI'!$C$13*(1+F66^2/1500),'THAM_SO_MOI'!$C$13) -> 0.015 | J66: ='THAM_SO_MOI'!$C$40*('THAM_SO_MOI'!$C$23*(E66/'THAM_SO_MOI'!$C$22)+'THAM_SO_MOI'!$C$24*(E66/'THAM_SO_MOI'!$C$22)^2-'THAM_SO_MOI'!$C$25*(E66/'THAM_SO_MOI'!$C$22)^3) -> 33.393652 | K66: ='THAM_SO_MOI'!$C$31*J66/E66 -> 352.79836 | L66: =K66*'THAM_SO_MOI'!$C$53*'THAM_SO_MOI'!$C$17/'THAM_SO_MOI'!$C$26 -> 3094.043 | M66: ='THAM_SO_MOI'!$C$15*'THAM_SO_MOI'!$C$16*F66^2 -> 246.26503 | N66: ='THAM_SO_MOI'!$C$12*I66 -> 1130.112 | O66: =M66+N66 -> 1376.377 | P66: =(MIN(L66,'THAM_SO_MOI'!$C$41)-O66)/('THAM_SO_MOI'!$C$11*H66) -> 0.2033222 | Q66: =IF(P66>0,1/P66,NA()) -> 4.9183021 | R66: =F66-F65 -> 0.017600427 | S66: =0.5*(Q65+Q66)*R66 -> 0.086587422 | T66: =0.5*(F65*Q65+F66*Q66)*R66 -> 0.79373661 | U66: =U65+S66 -> 5.2873168 | V66: =V65+T66 -> 45.705595
A67: Số V riêng | B67: 5 | C67: kéo | D67: low | E67: =60*F67*'THAM_SO_MOI'!$C$53/(2*PI()*'THAM_SO_MOI'!$C$26) -> 905.78042 | F67: ='THAM_SO_MOI'!$E$53+('THAM_SO_MOI'!$C$14-'THAM_SO_MOI'!$E$53)*61/'THAM_SO_MOI'!$C$42 -> 9.1932842 | G67: =3.6*F67 -> 33.095823 | H67: ='THAM_SO_MOI'!$D$53 -> 1.1 | I67: =IF(F67>'THAM_SO_MOI'!$C$14,'THAM_SO_MOI'!$C$13*(1+F67^2/1500),'THAM_SO_MOI'!$C$13) -> 0.015 | J67: ='THAM_SO_MOI'!$C$40*('THAM_SO_MOI'!$C$23*(E67/'THAM_SO_MOI'!$C$22)+'THAM_SO_MOI'!$C$24*(E67/'THAM_SO_MOI'!$C$22)^2-'THAM_SO_MOI'!$C$25*(E67/'THAM_SO_MOI'!$C$22)^3) -> 33.477837 | K67: ='THAM_SO_MOI'!$C$31*J67/E67 -> 353.01063 | L67: =K67*'THAM_SO_MOI'!$C$53*'THAM_SO_MOI'!$C$17/'THAM_SO_MOI'!$C$26 -> 3095.9046 | M67: ='THAM_SO_MOI'!$C$15*'THAM_SO_MOI'!$C$16*F67^2 -> 247.21069 | N67: ='THAM_SO_MOI'!$C$12*I67 -> 1130.112 | O67: =M67+N67 -> 1377.3227 | P67: =(MIN(L67,'THAM_SO_MOI'!$C$41)-O67)/('THAM_SO_MOI'!$C$11*H67) -> 0.20343062 | Q67: =IF(P67>0,1/P67,NA()) -> 4.9156808 | R67: =F67-F66 -> 0.017600427 | S67: =0.5*(Q66+Q67)*R67 -> 0.086541151 | T67: =0.5*(F66*Q66+F67*Q67)*R67 -> 0.79483562 | U67: =U66+S67 -> 5.373858 | V67: =V66+T67 -> 46.500431
A68: Số V riêng | B68: 5 | C68: kéo | D68: low | E68: =60*F68*'THAM_SO_MOI'!$C$53/(2*PI()*'THAM_SO_MOI'!$C$26) -> 907.51453 | F68: ='THAM_SO_MOI'!$E$53+('THAM_SO_MOI'!$C$14-'THAM_SO_MOI'!$E$53)*62/'THAM_SO_MOI'!$C$42 -> 9.2108846 | G68: =3.6*F68 -> 33.159185 | H68: ='THAM_SO_MOI'!$D$53 -> 1.1 | I68: =IF(F68>'THAM_SO_MOI'!$C$14,'THAM_SO_MOI'!$C$13*(1+F68^2/1500),'THAM_SO_MOI'!$C$13) -> 0.015 | J68: ='THAM_SO_MOI'!$C$40*('THAM_SO_MOI'!$C$23*(E68/'THAM_SO_MOI'!$C$22)+'THAM_SO_MOI'!$C$24*(E68/'THAM_SO_MOI'!$C$22)^2-'THAM_SO_MOI'!$C$25*(E68/'THAM_SO_MOI'!$C$22)^3) -> 33.562071 | K68: ='THAM_SO_MOI'!$C$31*J68/E68 -> 353.2226 | L68: =K68*'THAM_SO_MOI'!$C$53*'THAM_SO_MOI'!$C$17/'THAM_SO_MOI'!$C$26 -> 3097.7636 | M68: ='THAM_SO_MOI'!$C$15*'THAM_SO_MOI'!$C$16*F68^2 -> 248.15816 | N68: ='THAM_SO_MOI'!$C$12*I68 -> 1130.112 | O68: =M68+N68 -> 1378.2702 | P68: =(MIN(L68,'THAM_SO_MOI'!$C$41)-O68)/('THAM_SO_MOI'!$C$11*H68) -> 0.20353852 | Q68: =IF(P68>0,1/P68,NA()) -> 4.9130748 | R68: =F68-F67 -> 0.017600427 | S68: =0.5*(Q67+Q68)*R68 -> 0.08649515 | T68: =0.5*(F67*Q67+F68*Q68)*R68 -> 0.79593547 | U68: =U67+S68 -> 5.4603531 | V68: =V67+T68 -> 47.296366
A69: Số V riêng | B69: 5 | C69: kéo | D69: low | E69: =60*F69*'THAM_SO_MOI'!$C$53/(2*PI()*'THAM_SO_MOI'!$C$26) -> 909.24863 | F69: ='THAM_SO_MOI'!$E$53+('THAM_SO_MOI'!$C$14-'THAM_SO_MOI'!$E$53)*63/'THAM_SO_MOI'!$C$42 -> 9.228485 | G69: =3.6*F69 -> 33.222546 | H69: ='THAM_SO_MOI'!$D$53 -> 1.1 | I69: =IF(F69>'THAM_SO_MOI'!$C$14,'THAM_SO_MOI'!$C$13*(1+F69^2/1500),'THAM_SO_MOI'!$C$13) -> 0.015 | J69: ='THAM_SO_MOI'!$C$40*('THAM_SO_MOI'!$C$23*(E69/'THAM_SO_MOI'!$C$22)+'THAM_SO_MOI'!$C$24*(E69/'THAM_SO_MOI'!$C$22)^2-'THAM_SO_MOI'!$C$25*(E69/'THAM_SO_MOI'!$C$22)^3) -> 33.646355 | K69: ='THAM_SO_MOI'!$C$31*J69/E69 -> 353.43429 | L69: =K69*'THAM_SO_MOI'!$C$53*'THAM_SO_MOI'!$C$17/'THAM_SO_MOI'!$C$26 -> 3099.6201 | M69: ='THAM_SO_MOI'!$C$15*'THAM_SO_MOI'!$C$16*F69^2 -> 249.10744 | N69: ='THAM_SO_MOI'!$C$12*I69 -> 1130.112 | O69: =M69+N69 -> 1379.2194 | P69: =(MIN(L69,'THAM_SO_MOI'!$C$41)-O69)/('THAM_SO_MOI'!$C$11*H69) -> 0.20364591 | Q69: =IF(P69>0,1/P69,NA()) -> 4.910484 | R69: =F69-F68 -> 0.017600427 | S69: =0.5*(Q68+Q69)*R69 -> 0.086449417 | T69: =0.5*(F68*Q68+F69*Q69)*R69 -> 0.79703618 | U69: =U68+S69 -> 5.5468026 | V69: =V68+T69 -> 48.093403
A70: Số V riêng | B70: 5 | C70: kéo | D70: low | E70: =60*F70*'THAM_SO_MOI'!$C$53/(2*PI()*'THAM_SO_MOI'!$C$26) -> 910.98274 | F70: ='THAM_SO_MOI'!$E$53+('THAM_SO_MOI'!$C$14-'THAM_SO_MOI'!$E$53)*64/'THAM_SO_MOI'!$C$42 -> 9.2460855 | G70: =3.6*F70 -> 33.285908 | H70: ='THAM_SO_MOI'!$D$53 -> 1.1 | I70: =IF(F70>'THAM_SO_MOI'!$C$14,'THAM_SO_MOI'!$C$13*(1+F70^2/1500),'THAM_SO_MOI'!$C$13) -> 0.015 | J70: ='THAM_SO_MOI'!$C$40*('THAM_SO_MOI'!$C$23*(E70/'THAM_SO_MOI'!$C$22)+'THAM_SO_MOI'!$C$24*(E70/'THAM_SO_MOI'!$C$22)^2-'THAM_SO_MOI'!$C$25*(E70/'THAM_SO_MOI'!$C$22)^3) -> 33.730687 | K70: ='THAM_SO_MOI'!$C$31*J70/E70 -> 353.64568 | L70: =K70*'THAM_SO_MOI'!$C$53*'THAM_SO_MOI'!$C$17/'THAM_SO_MOI'!$C$26 -> 3101.474 | M70: ='THAM_SO_MOI'!$C$15*'THAM_SO_MOI'!$C$16*F70^2 -> 250.05853 | N70: ='THAM_SO_MOI'!$C$12*I70 -> 1130.112 | O70: =M70+N70 -> 1380.1705 | P70: =(MIN(L70,'THAM_SO_MOI'!$C$41)-O70)/('THAM_SO_MOI'!$C$11*H70) -> 0.20375278 | Q70: =IF(P70>0,1/P70,NA()) -> 4.9079084 | R70: =F70-F69 -> 0.017600427 | S70: =0.5*(Q69+Q70)*R70 -> 0.086403952 | T70: =0.5*(F69*Q69+F70*Q70)*R70 -> 0.79813775 | U70: =U69+S70 -> 5.6332065 | V70: =V69+T70 -> 48.89154
A71: Số V riêng | B71: 5 | C71: kéo | D71: low | E71: =60*F71*'THAM_SO_MOI'!$C$53/(2*PI()*'THAM_SO_MOI'!$C$26) -> 912.71684 | F71: ='THAM_SO_MOI'!$E$53+('THAM_SO_MOI'!$C$14-'THAM_SO_MOI'!$E$53)*65/'THAM_SO_MOI'!$C$42 -> 9.2636859 | G71: =3.6*F71 -> 33.349269 | H71: ='THAM_SO_MOI'!$D$53 -> 1.1 | I71: =IF(F71>'THAM_SO_MOI'!$C$14,'THAM_SO_MOI'!$C$13*(1+F71^2/1500),'THAM_SO_MOI'!$C$13) -> 0.015 | J71: ='THAM_SO_MOI'!$C$40*('THAM_SO_MOI'!$C$23*(E71/'THAM_SO_MOI'!$C$22)+'THAM_SO_MOI'!$C$24*(E71/'THAM_SO_MOI'!$C$22)^2-'THAM_SO_MOI'!$C$25*(E71/'THAM_SO_MOI'!$C$22)^3) -> 33.815069 | K71: ='THAM_SO_MOI'!$C$31*J71/E71 -> 353.85679 | L71: =K71*'THAM_SO_MOI'!$C$53*'THAM_SO_MOI'!$C$17/'THAM_SO_MOI'!$C$26 -> 3103.3254 | M71: ='THAM_SO_MOI'!$C$15*'THAM_SO_MOI'!$C$16*F71^2 -> 251.01144 | N71: ='THAM_SO_MOI'!$C$12*I71 -> 1130.112 | O71: =M71+N71 -> 1381.1234 | P71: =(MIN(L71,'THAM_SO_MOI'!$C$41)-O71)/('THAM_SO_MOI'!$C$11*H71) -> 0.20385914 | Q71: =IF(P71>0,1/P71,NA()) -> 4.905348 | R71: =F71-F70 -> 0.017600427 | S71: =0.5*(Q70+Q71)*R71 -> 0.086358753 | T71: =0.5*(F70*Q70+F71*Q71)*R71 -> 0.79924019 | U71: =U70+S71 -> 5.7195653 | V71: =V70+T71 -> 49.69078
A72: Số V riêng | B72: 5 | C72: kéo | D72: low | E72: =60*F72*'THAM_SO_MOI'!$C$53/(2*PI()*'THAM_SO_MOI'!$C$26) -> 914.45095 | F72: ='THAM_SO_MOI'!$E$53+('THAM_SO_MOI'!$C$14-'THAM_SO_MOI'!$E$53)*66/'THAM_SO_MOI'!$C$42 -> 9.2812863 | G72: =3.6*F72 -> 33.412631 | H72: ='THAM_SO_MOI'!$D$53 -> 1.1 | I72: =IF(F72>'THAM_SO_MOI'!$C$14,'THAM_SO_MOI'!$C$13*(1+F72^2/1500),'THAM_SO_MOI'!$C$13) -> 0.015 | J72: ='THAM_SO_MOI'!$C$40*('THAM_SO_MOI'!$C$23*(E72/'THAM_SO_MOI'!$C$22)+'THAM_SO_MOI'!$C$24*(E72/'THAM_SO_MOI'!$C$22)^2-'THAM_SO_MOI'!$C$25*(E72/'THAM_SO_MOI'!$C$22)^3) -> 33.899499 | K72: ='THAM_SO_MOI'!$C$31*J72/E72 -> 354.0676 | L72: =K72*'THAM_SO_MOI'!$C$53*'THAM_SO_MOI'!$C$17/'THAM_SO_MOI'!$C$26 -> 3105.1742 | M72: ='THAM_SO_MOI'!$C$15*'THAM_SO_MOI'!$C$16*F72^2 -> 251.96616 | N72: ='THAM_SO_MOI'!$C$12*I72 -> 1130.112 | O72: =M72+N72 -> 1382.0782 | P72: =(MIN(L72,'THAM_SO_MOI'!$C$41)-O72)/('THAM_SO_MOI'!$C$11*H72) -> 0.20396497 | Q72: =IF(P72>0,1/P72,NA()) -> 4.9028027 | R72: =F72-F71 -> 0.017600427 | S72: =0.5*(Q71+Q72)*R72 -> 0.086313822 | T72: =0.5*(F71*Q71+F72*Q72)*R72 -> 0.80034351 | U72: =U71+S72 -> 5.8058791 | V72: =V71+T72 -> 50.491124
A73: Số V riêng | B73: 5 | C73: kéo | D73: low | E73: =60*F73*'THAM_SO_MOI'!$C$53/(2*PI()*'THAM_SO_MOI'!$C$26) -> 916.18505 | F73: ='THAM_SO_MOI'!$E$53+('THAM_SO_MOI'!$C$14-'THAM_SO_MOI'!$E$53)*67/'THAM_SO_MOI'!$C$42 -> 9.2988868 | G73: =3.6*F73 -> 33.475992 | H73: ='THAM_SO_MOI'!$D$53 -> 1.1 | I73: =IF(F73>'THAM_SO_MOI'!$C$14,'THAM_SO_MOI'!$C$13*(1+F73^2/1500),'THAM_SO_MOI'!$C$13) -> 0.015 | J73: ='THAM_SO_MOI'!$C$40*('THAM_SO_MOI'!$C$23*(E73/'THAM_SO_MOI'!$C$22)+'THAM_SO_MOI'!$C$24*(E73/'THAM_SO_MOI'!$C$22)^2-'THAM_SO_MOI'!$C$25*(E73/'THAM_SO_MOI'!$C$22)^3) -> 33.983978 | K73: ='THAM_SO_MOI'!$C$31*J73/E73 -> 354.27812 | L73: =K73*'THAM_SO_MOI'!$C$53*'THAM_SO_MOI'!$C$17/'THAM_SO_MOI'!$C$26 -> 3107.0205 | M73: ='THAM_SO_MOI'!$C$15*'THAM_SO_MOI'!$C$16*F73^2 -> 252.92269 | N73: ='THAM_SO_MOI'!$C$12*I73 -> 1130.112 | O73: =M73+N73 -> 1383.0347 | P73: =(MIN(L73,'THAM_SO_MOI'!$C$41)-O73)/('THAM_SO_MOI'!$C$11*H73) -> 0.20407029 | Q73: =IF(P73>0,1/P73,NA()) -> 4.9002724 | R73: =F73-F72 -> 0.017600427 | S73: =0.5*(Q72+Q73)*R73 -> 0.086269155 | T73: =0.5*(F72*Q72+F73*Q73)*R73 -> 0.80144772 | U73: =U72+S73 -> 5.8921482 | V73: =V72+T73 -> 51.292572
A74: Số V riêng | B74: 5 | C74: kéo | D74: low | E74: =60*F74*'THAM_SO_MOI'!$C$53/(2*PI()*'THAM_SO_MOI'!$C$26) -> 917.91916 | F74: ='THAM_SO_MOI'!$E$53+('THAM_SO_MOI'!$C$14-'THAM_SO_MOI'!$E$53)*68/'THAM_SO_MOI'!$C$42 -> 9.3164872 | G74: =3.6*F74 -> 33.539354 | H74: ='THAM_SO_MOI'!$D$53 -> 1.1 | I74: =IF(F74>'THAM_SO_MOI'!$C$14,'THAM_SO_MOI'!$C$13*(1+F74^2/1500),'THAM_SO_MOI'!$C$13) -> 0.015 | J74: ='THAM_SO_MOI'!$C$40*('THAM_SO_MOI'!$C$23*(E74/'THAM_SO_MOI'!$C$22)+'THAM_SO_MOI'!$C$24*(E74/'THAM_SO_MOI'!$C$22)^2-'THAM_SO_MOI'!$C$25*(E74/'THAM_SO_MOI'!$C$22)^3) -> 34.068505 | K74: ='THAM_SO_MOI'!$C$31*J74/E74 -> 354.48835 | L74: =K74*'THAM_SO_MOI'!$C$53*'THAM_SO_MOI'!$C$17/'THAM_SO_MOI'!$C$26 -> 3108.8642 | M74: ='THAM_SO_MOI'!$C$15*'THAM_SO_MOI'!$C$16*F74^2 -> 253.88103 | N74: ='THAM_SO_MOI'!$C$12*I74 -> 1130.112 | O74: =M74+N74 -> 1383.993 | P74: =(MIN(L74,'THAM_SO_MOI'!$C$41)-O74)/('THAM_SO_MOI'!$C$11*H74) -> 0.20417509 | Q74: =IF(P74>0,1/P74,NA()) -> 4.8977571 | R74: =F74-F73 -> 0.017600427 | S74: =0.5*(Q73+Q74)*R74 -> 0.086224753 | T74: =0.5*(F73*Q73+F74*Q74)*R74 -> 0.80255282 | U74: =U73+S74 -> 5.978373 | V74: =V73+T74 -> 52.095125
A75: Số V riêng | B75: 5 | C75: kéo | D75: low | E75: =60*F75*'THAM_SO_MOI'!$C$53/(2*PI()*'THAM_SO_MOI'!$C$26) -> 919.65326 | F75: ='THAM_SO_MOI'!$E$53+('THAM_SO_MOI'!$C$14-'THAM_SO_MOI'!$E$53)*69/'THAM_SO_MOI'!$C$42 -> 9.3340876 | G75: =3.6*F75 -> 33.602715 | H75: ='THAM_SO_MOI'!$D$53 -> 1.1 | I75: =IF(F75>'THAM_SO_MOI'!$C$14,'THAM_SO_MOI'!$C$13*(1+F75^2/1500),'THAM_SO_MOI'!$C$13) -> 0.015 | J75: ='THAM_SO_MOI'!$C$40*('THAM_SO_MOI'!$C$23*(E75/'THAM_SO_MOI'!$C$22)+'THAM_SO_MOI'!$C$24*(E75/'THAM_SO_MOI'!$C$22)^2-'THAM_SO_MOI'!$C$25*(E75/'THAM_SO_MOI'!$C$22)^3) -> 34.153081 | K75: ='THAM_SO_MOI'!$C$31*J75/E75 -> 354.69828 | L75: =K75*'THAM_SO_MOI'!$C$53*'THAM_SO_MOI'!$C$17/'THAM_SO_MOI'!$C$26 -> 3110.7053 | M75: ='THAM_SO_MOI'!$C$15*'THAM_SO_MOI'!$C$16*F75^2 -> 254.84118 | N75: ='THAM_SO_MOI'!$C$12*I75 -> 1130.112 | O75: =M75+N75 -> 1384.9532 | P75: =(MIN(L75,'THAM_SO_MOI'!$C$41)-O75)/('THAM_SO_MOI'!$C$11*H75) -> 0.20427937 | Q75: =IF(P75>0,1/P75,NA()) -> 4.8952569 | R75: =F75-F74 -> 0.017600427 | S75: =0.5*(Q74+Q75)*R75 -> 0.086180616 | T75: =0.5*(F74*Q74+F75*Q75)*R75 -> 0.80365882 | U75: =U74+S75 -> 6.0645536 | V75: =V74+T75 -> 52.898783
A76: Số V riêng | B76: 5 | C76: kéo | D76: low | E76: =60*F76*'THAM_SO_MOI'!$C$53/(2*PI()*'THAM_SO_MOI'!$C$26) -> 921.38737 | F76: ='THAM_SO_MOI'!$E$53+('THAM_SO_MOI'!$C$14-'THAM_SO_MOI'!$E$53)*70/'THAM_SO_MOI'!$C$42 -> 9.351688 | G76: =3.6*F76 -> 33.666077 | H76: ='THAM_SO_MOI'!$D$53 -> 1.1 | I76: =IF(F76>'THAM_SO_MOI'!$C$14,'THAM_SO_MOI'!$C$13*(1+F76^2/1500),'THAM_SO_MOI'!$C$13) -> 0.015 | J76: ='THAM_SO_MOI'!$C$40*('THAM_SO_MOI'!$C$23*(E76/'THAM_SO_MOI'!$C$22)+'THAM_SO_MOI'!$C$24*(E76/'THAM_SO_MOI'!$C$22)^2-'THAM_SO_MOI'!$C$25*(E76/'THAM_SO_MOI'!$C$22)^3) -> 34.237704 | K76: ='THAM_SO_MOI'!$C$31*J76/E76 -> 354.90793 | L76: =K76*'THAM_SO_MOI'!$C$53*'THAM_SO_MOI'!$C$17/'THAM_SO_MOI'!$C$26 -> 3112.5439 | M76: ='THAM_SO_MOI'!$C$15*'THAM_SO_MOI'!$C$16*F76^2 -> 255.80315 | N76: ='THAM_SO_MOI'!$C$12*I76 -> 1130.112 | O76: =M76+N76 -> 1385.9152 | P76: =(MIN(L76,'THAM_SO_MOI'!$C$41)-O76)/('THAM_SO_MOI'!$C$11*H76) -> 0.20438314 | Q76: =IF(P76>0,1/P76,NA()) -> 4.8927715 | R76: =F76-F75 -> 0.017600427 | S76: =0.5*(Q75+Q76)*R76 -> 0.086136741 | T76: =0.5*(F75*Q75+F76*Q76)*R76 -> 0.80476572 | U76: =U75+S76 -> 6.1506903 | V76: =V75+T76 -> 53.703549
A77: Số V riêng | B77: 5 | C77: kéo | D77: low | E77: =60*F77*'THAM_SO_MOI'!$C$53/(2*PI()*'THAM_SO_MOI'!$C$26) -> 923.12147 | F77: ='THAM_SO_MOI'!$E$53+('THAM_SO_MOI'!$C$14-'THAM_SO_MOI'!$E$53)*71/'THAM_SO_MOI'!$C$42 -> 9.3692885 | G77: =3.6*F77 -> 33.729438 | H77: ='THAM_SO_MOI'!$D$53 -> 1.1 | I77: =IF(F77>'THAM_SO_MOI'!$C$14,'THAM_SO_MOI'!$C$13*(1+F77^2/1500),'THAM_SO_MOI'!$C$13) -> 0.015 | J77: ='THAM_SO_MOI'!$C$40*('THAM_SO_MOI'!$C$23*(E77/'THAM_SO_MOI'!$C$22)+'THAM_SO_MOI'!$C$24*(E77/'THAM_SO_MOI'!$C$22)^2-'THAM_SO_MOI'!$C$25*(E77/'THAM_SO_MOI'!$C$22)^3) -> 34.322376 | K77: ='THAM_SO_MOI'!$C$31*J77/E77 -> 355.11728 | L77: =K77*'THAM_SO_MOI'!$C$53*'THAM_SO_MOI'!$C$17/'THAM_SO_MOI'!$C$26 -> 3114.3799 | M77: ='THAM_SO_MOI'!$C$15*'THAM_SO_MOI'!$C$16*F77^2 -> 256.76693 | N77: ='THAM_SO_MOI'!$C$12*I77 -> 1130.112 | O77: =M77+N77 -> 1386.8789 | P77: =(MIN(L77,'THAM_SO_MOI'!$C$41)-O77)/('THAM_SO_MOI'!$C$11*H77) -> 0.20448639 | Q77: =IF(P77>0,1/P77,NA()) -> 4.8903011 | R77: =F77-F76 -> 0.017600427 | S77: =0.5*(Q76+Q77)*R77 -> 0.086093129 | T77: =0.5*(F76*Q76+F77*Q77)*R77 -> 0.80587354 | U77: =U76+S77 -> 6.2367835 | V77: =V76+T77 -> 54.509423
A78: Số V riêng | B78: 5 | C78: kéo | D78: low | E78: =60*F78*'THAM_SO_MOI'!$C$53/(2*PI()*'THAM_SO_MOI'!$C$26) -> 924.85558 | F78: ='THAM_SO_MOI'!$E$53+('THAM_SO_MOI'!$C$14-'THAM_SO_MOI'!$E$53)*72/'THAM_SO_MOI'!$C$42 -> 9.3868889 | G78: =3.6*F78 -> 33.7928 | H78: ='THAM_SO_MOI'!$D$53 -> 1.1 | I78: =IF(F78>'THAM_SO_MOI'!$C$14,'THAM_SO_MOI'!$C$13*(1+F78^2/1500),'THAM_SO_MOI'!$C$13) -> 0.015 | J78: ='THAM_SO_MOI'!$C$40*('THAM_SO_MOI'!$C$23*(E78/'THAM_SO_MOI'!$C$22)+'THAM_SO_MOI'!$C$24*(E78/'THAM_SO_MOI'!$C$22)^2-'THAM_SO_MOI'!$C$25*(E78/'THAM_SO_MOI'!$C$22)^3) -> 34.407095 | K78: ='THAM_SO_MOI'!$C$31*J78/E78 -> 355.32634 | L78: =K78*'THAM_SO_MOI'!$C$53*'THAM_SO_MOI'!$C$17/'THAM_SO_MOI'!$C$26 -> 3116.2134 | M78: ='THAM_SO_MOI'!$C$15*'THAM_SO_MOI'!$C$16*F78^2 -> 257.73252 | N78: ='THAM_SO_MOI'!$C$12*I78 -> 1130.112 | O78: =M78+N78 -> 1387.8445 | P78: =(MIN(L78,'THAM_SO_MOI'!$C$41)-O78)/('THAM_SO_MOI'!$C$11*H78) -> 0.20458912 | Q78: =IF(P78>0,1/P78,NA()) -> 4.8878455 | R78: =F78-F77 -> 0.017600427 | S78: =0.5*(Q77+Q78)*R78 -> 0.086049779 | T78: =0.5*(F77*Q77+F78*Q78)*R78 -> 0.80698227 | U78: =U77+S78 -> 6.3228333 | V78: =V77+T78 -> 55.316405
A79: Số V riêng | B79: 5 | C79: kéo | D79: low | E79: =60*F79*'THAM_SO_MOI'!$C$53/(2*PI()*'THAM_SO_MOI'!$C$26) -> 926.58968 | F79: ='THAM_SO_MOI'!$E$53+('THAM_SO_MOI'!$C$14-'THAM_SO_MOI'!$E$53)*73/'THAM_SO_MOI'!$C$42 -> 9.4044893 | G79: =3.6*F79 -> 33.856162 | H79: ='THAM_SO_MOI'!$D$53 -> 1.1 | I79: =IF(F79>'THAM_SO_MOI'!$C$14,'THAM_SO_MOI'!$C$13*(1+F79^2/1500),'THAM_SO_MOI'!$C$13) -> 0.015 | J79: ='THAM_SO_MOI'!$C$40*('THAM_SO_MOI'!$C$23*(E79/'THAM_SO_MOI'!$C$22)+'THAM_SO_MOI'!$C$24*(E79/'THAM_SO_MOI'!$C$22)^2-'THAM_SO_MOI'!$C$25*(E79/'THAM_SO_MOI'!$C$22)^3) -> 34.491862 | K79: ='THAM_SO_MOI'!$C$31*J79/E79 -> 355.53511 | L79: =K79*'THAM_SO_MOI'!$C$53*'THAM_SO_MOI'!$C$17/'THAM_SO_MOI'!$C$26 -> 3118.0443 | M79: ='THAM_SO_MOI'!$C$15*'THAM_SO_MOI'!$C$16*F79^2 -> 258.69993 | N79: ='THAM_SO_MOI'!$C$12*I79 -> 1130.112 | O79: =M79+N79 -> 1388.8119 | P79: =(MIN(L79,'THAM_SO_MOI'!$C$41)-O79)/('THAM_SO_MOI'!$C$11*H79) -> 0.20469133 | Q79: =IF(P79>0,1/P79,NA()) -> 4.8854047 | R79: =F79-F78 -> 0.017600427 | S79: =0.5*(Q78+Q79)*R79 -> 0.08600669 | T79: =0.5*(F78*Q78+F79*Q79)*R79 -> 0.80809193 | U79: =U78+S79 -> 6.4088399 | V79: =V78+T79 -> 56.124497
A80: Số V riêng | B80: 5 | C80: kéo | D80: low | E80: =60*F80*'THAM_SO_MOI'!$C$53/(2*PI()*'THAM_SO_MOI'!$C$26) -> 928.32379 | F80: ='THAM_SO_MOI'!$E$53+('THAM_SO_MOI'!$C$14-'THAM_SO_MOI'!$E$53)*74/'THAM_SO_MOI'!$C$42 -> 9.4220897 | G80: =3.6*F80 -> 33.919523 | H80: ='THAM_SO_MOI'!$D$53 -> 1.1 | I80: =IF(F80>'THAM_SO_MOI'!$C$14,'THAM_SO_MOI'!$C$13*(1+F80^2/1500),'THAM_SO_MOI'!$C$13) -> 0.015 | J80: ='THAM_SO_MOI'!$C$40*('THAM_SO_MOI'!$C$23*(E80/'THAM_SO_MOI'!$C$22)+'THAM_SO_MOI'!$C$24*(E80/'THAM_SO_MOI'!$C$22)^2-'THAM_SO_MOI'!$C$25*(E80/'THAM_SO_MOI'!$C$22)^3) -> 34.576676 | K80: ='THAM_SO_MOI'!$C$31*J80/E80 -> 355.74359 | L80: =K80*'THAM_SO_MOI'!$C$53*'THAM_SO_MOI'!$C$17/'THAM_SO_MOI'!$C$26 -> 3119.8726 | M80: ='THAM_SO_MOI'!$C$15*'THAM_SO_MOI'!$C$16*F80^2 -> 259.66914 | N80: ='THAM_SO_MOI'!$C$12*I80 -> 1130.112 | O80: =M80+N80 -> 1389.7811 | P80: =(MIN(L80,'THAM_SO_MOI'!$C$41)-O80)/('THAM_SO_MOI'!$C$11*H80) -> 0.20479303 | Q80: =IF(P80>0,1/P80,NA()) -> 4.8829787 | R80: =F80-F79 -> 0.017600427 | S80: =0.5*(Q79+Q80)*R80 -> 0.085963862 | T80: =0.5*(F79*Q79+F80*Q80)*R80 -> 0.80920253 | U80: =U79+S80 -> 6.4948038 | V80: =V79+T80 -> 56.933699
A81: Số V riêng | B81: 5 | C81: kéo | D81: low | E81: =60*F81*'THAM_SO_MOI'!$C$53/(2*PI()*'THAM_SO_MOI'!$C$26) -> 930.05789 | F81: ='THAM_SO_MOI'!$E$53+('THAM_SO_MOI'!$C$14-'THAM_SO_MOI'!$E$53)*75/'THAM_SO_MOI'!$C$42 -> 9.4396902 | G81: =3.6*F81 -> 33.982885 | H81: ='THAM_SO_MOI'!$D$53 -> 1.1 | I81: =IF(F81>'THAM_SO_MOI'!$C$14,'THAM_SO_MOI'!$C$13*(1+F81^2/1500),'THAM_SO_MOI'!$C$13) -> 0.015 | J81: ='THAM_SO_MOI'!$C$40*('THAM_SO_MOI'!$C$23*(E81/'THAM_SO_MOI'!$C$22)+'THAM_SO_MOI'!$C$24*(E81/'THAM_SO_MOI'!$C$22)^2-'THAM_SO_MOI'!$C$25*(E81/'THAM_SO_MOI'!$C$22)^3) -> 34.661538 | K81: ='THAM_SO_MOI'!$C$31*J81/E81 -> 355.95177 | L81: =K81*'THAM_SO_MOI'!$C$53*'THAM_SO_MOI'!$C$17/'THAM_SO_MOI'!$C$26 -> 3121.6984 | M81: ='THAM_SO_MOI'!$C$15*'THAM_SO_MOI'!$C$16*F81^2 -> 260.64017 | N81: ='THAM_SO_MOI'!$C$12*I81 -> 1130.112 | O81: =M81+N81 -> 1390.7522 | P81: =(MIN(L81,'THAM_SO_MOI'!$C$41)-O81)/('THAM_SO_MOI'!$C$11*H81) -> 0.20489421 | Q81: =IF(P81>0,1/P81,NA()) -> 4.8805675 | R81: =F81-F80 -> 0.017600427 | S81: =0.5*(Q80+Q81)*R81 -> 0.085921293 | T81: =0.5*(F80*Q80+F81*Q81)*R81 -> 0.81031407 | U81: =U80+S81 -> 6.5807251 | V81: =V80+T81 -> 57.744013
A82: Số V riêng | B82: 5 | C82: kéo | D82: low | E82: =60*F82*'THAM_SO_MOI'!$C$53/(2*PI()*'THAM_SO_MOI'!$C$26) -> 931.792 | F82: ='THAM_SO_MOI'!$E$53+('THAM_SO_MOI'!$C$14-'THAM_SO_MOI'!$E$53)*76/'THAM_SO_MOI'!$C$42 -> 9.4572906 | G82: =3.6*F82 -> 34.046246 | H82: ='THAM_SO_MOI'!$D$53 -> 1.1 | I82: =IF(F82>'THAM_SO_MOI'!$C$14,'THAM_SO_MOI'!$C$13*(1+F82^2/1500),'THAM_SO_MOI'!$C$13) -> 0.015 | J82: ='THAM_SO_MOI'!$C$40*('THAM_SO_MOI'!$C$23*(E82/'THAM_SO_MOI'!$C$22)+'THAM_SO_MOI'!$C$24*(E82/'THAM_SO_MOI'!$C$22)^2-'THAM_SO_MOI'!$C$25*(E82/'THAM_SO_MOI'!$C$22)^3) -> 34.746446 | K82: ='THAM_SO_MOI'!$C$31*J82/E82 -> 356.15967 | L82: =K82*'THAM_SO_MOI'!$C$53*'THAM_SO_MOI'!$C$17/'THAM_SO_MOI'!$C$26 -> 3123.5217 | M82: ='THAM_SO_MOI'!$C$15*'THAM_SO_MOI'!$C$16*F82^2 -> 261.61301 | N82: ='THAM_SO_MOI'!$C$12*I82 -> 1130.112 | O82: =M82+N82 -> 1391.725 | P82: =(MIN(L82,'THAM_SO_MOI'!$C$41)-O82)/('THAM_SO_MOI'!$C$11*H82) -> 0.20499487 | Q82: =IF(P82>0,1/P82,NA()) -> 4.8781709 | R82: =F82-F81 -> 0.017600427 | S82: =0.5*(Q81+Q82)*R82 -> 0.085878983 | T82: =0.5*(F81*Q81+F82*Q82)*R82 -> 0.81142656 | U82: =U81+S82 -> 6.6666041 | V82: =V81+T82 -> 58.55544
A83: Số V riêng | B83: 5 | C83: kéo | D83: low | E83: =60*F83*'THAM_SO_MOI'!$C$53/(2*PI()*'THAM_SO_MOI'!$C$26) -> 933.52611 | F83: ='THAM_SO_MOI'!$E$53+('THAM_SO_MOI'!$C$14-'THAM_SO_MOI'!$E$53)*77/'THAM_SO_MOI'!$C$42 -> 9.474891 | G83: =3.6*F83 -> 34.109608 | H83: ='THAM_SO_MOI'!$D$53 -> 1.1 | I83: =IF(F83>'THAM_SO_MOI'!$C$14,'THAM_SO_MOI'!$C$13*(1+F83^2/1500),'THAM_SO_MOI'!$C$13) -> 0.015 | J83: ='THAM_SO_MOI'!$C$40*('THAM_SO_MOI'!$C$23*(E83/'THAM_SO_MOI'!$C$22)+'THAM_SO_MOI'!$C$24*(E83/'THAM_SO_MOI'!$C$22)^2-'THAM_SO_MOI'!$C$25*(E83/'THAM_SO_MOI'!$C$22)^3) -> 34.831402 | K83: ='THAM_SO_MOI'!$C$31*J83/E83 -> 356.36727 | L83: =K83*'THAM_SO_MOI'!$C$53*'THAM_SO_MOI'!$C$17/'THAM_SO_MOI'!$C$26 -> 3125.3423 | M83: ='THAM_SO_MOI'!$C$15*'THAM_SO_MOI'!$C$16*F83^2 -> 262.58766 | N83: ='THAM_SO_MOI'!$C$12*I83 -> 1130.112 | O83: =M83+N83 -> 1392.6997 | P83: =(MIN(L83,'THAM_SO_MOI'!$C$41)-O83)/('THAM_SO_MOI'!$C$11*H83) -> 0.20509501 | Q83: =IF(P83>0,1/P83,NA()) -> 4.875789 | R83: =F83-F82 -> 0.017600427 | S83: =0.5*(Q82+Q83)*R83 -> 0.085836931 | T83: =0.5*(F82*Q82+F83*Q83)*R83 -> 0.81254 | U83: =U82+S83 -> 6.752441 | V83: =V82+T83 -> 59.36798
A84: Số V riêng | B84: 5 | C84: kéo | D84: low | E84: =60*F84*'THAM_SO_MOI'!$C$53/(2*PI()*'THAM_SO_MOI'!$C$26) -> 935.26021 | F84: ='THAM_SO_MOI'!$E$53+('THAM_SO_MOI'!$C$14-'THAM_SO_MOI'!$E$53)*78/'THAM_SO_MOI'!$C$42 -> 9.4924915 | G84: =3.6*F84 -> 34.172969 | H84: ='THAM_SO_MOI'!$D$53 -> 1.1 | I84: =IF(F84>'THAM_SO_MOI'!$C$14,'THAM_SO_MOI'!$C$13*(1+F84^2/1500),'THAM_SO_MOI'!$C$13) -> 0.015 | J84: ='THAM_SO_MOI'!$C$40*('THAM_SO_MOI'!$C$23*(E84/'THAM_SO_MOI'!$C$22)+'THAM_SO_MOI'!$C$24*(E84/'THAM_SO_MOI'!$C$22)^2-'THAM_SO_MOI'!$C$25*(E84/'THAM_SO_MOI'!$C$22)^3) -> 34.916405 | K84: ='THAM_SO_MOI'!$C$31*J84/E84 -> 356.57458 | L84: =K84*'THAM_SO_MOI'!$C$53*'THAM_SO_MOI'!$C$17/'THAM_SO_MOI'!$C$26 -> 3127.1604 | M84: ='THAM_SO_MOI'!$C$15*'THAM_SO_MOI'!$C$16*F84^2 -> 263.56413 | N84: ='THAM_SO_MOI'!$C$12*I84 -> 1130.112 | O84: =M84+N84 -> 1393.6761 | P84: =(MIN(L84,'THAM_SO_MOI'!$C$41)-O84)/('THAM_SO_MOI'!$C$11*H84) -> 0.20519464 | Q84: =IF(P84>0,1/P84,NA()) -> 4.8734216 | R84: =F84-F83 -> 0.017600427 | S84: =0.5*(Q83+Q84)*R84 -> 0.085795136 | T84: =0.5*(F83*Q83+F84*Q84)*R84 -> 0.8136544 | U84: =U83+S84 -> 6.8382361 | V84: =V83+T84 -> 60.181634
A85: Số V riêng | B85: 5 | C85: kéo | D85: low | E85: =60*F85*'THAM_SO_MOI'!$C$53/(2*PI()*'THAM_SO_MOI'!$C$26) -> 936.99432 | F85: ='THAM_SO_MOI'!$E$53+('THAM_SO_MOI'!$C$14-'THAM_SO_MOI'!$E$53)*79/'THAM_SO_MOI'!$C$42 -> 9.5100919 | G85: =3.6*F85 -> 34.236331 | H85: ='THAM_SO_MOI'!$D$53 -> 1.1 | I85: =IF(F85>'THAM_SO_MOI'!$C$14,'THAM_SO_MOI'!$C$13*(1+F85^2/1500),'THAM_SO_MOI'!$C$13) -> 0.015 | J85: ='THAM_SO_MOI'!$C$40*('THAM_SO_MOI'!$C$23*(E85/'THAM_SO_MOI'!$C$22)+'THAM_SO_MOI'!$C$24*(E85/'THAM_SO_MOI'!$C$22)^2-'THAM_SO_MOI'!$C$25*(E85/'THAM_SO_MOI'!$C$22)^3) -> 35.001454 | K85: ='THAM_SO_MOI'!$C$31*J85/E85 -> 356.7816 | L85: =K85*'THAM_SO_MOI'!$C$53*'THAM_SO_MOI'!$C$17/'THAM_SO_MOI'!$C$26 -> 3128.976 | M85: ='THAM_SO_MOI'!$C$15*'THAM_SO_MOI'!$C$16*F85^2 -> 264.5424 | N85: ='THAM_SO_MOI'!$C$12*I85 -> 1130.112 | O85: =M85+N85 -> 1394.6544 | P85: =(MIN(L85,'THAM_SO_MOI'!$C$41)-O85)/('THAM_SO_MOI'!$C$11*H85) -> 0.20529375 | Q85: =IF(P85>0,1/P85,NA()) -> 4.8710689 | R85: =F85-F84 -> 0.017600427 | S85: =0.5*(Q84+Q85)*R85 -> 0.085753599 | T85: =0.5*(F84*Q84+F85*Q85)*R85 -> 0.81476977 | U85: =U84+S85 -> 6.9239897 | V85: =V84+T85 -> 60.996404
A86: Số V riêng | B86: 5 | C86: kéo | D86: low | E86: =60*F86*'THAM_SO_MOI'!$C$53/(2*PI()*'THAM_SO_MOI'!$C$26) -> 938.72842 | F86: ='THAM_SO_MOI'!$E$53+('THAM_SO_MOI'!$C$14-'THAM_SO_MOI'!$E$53)*80/'THAM_SO_MOI'!$C$42 -> 9.5276923 | G86: =3.6*F86 -> 34.299692 | H86: ='THAM_SO_MOI'!$D$53 -> 1.1 | I86: =IF(F86>'THAM_SO_MOI'!$C$14,'THAM_SO_MOI'!$C$13*(1+F86^2/1500),'THAM_SO_MOI'!$C$13) -> 0.015 | J86: ='THAM_SO_MOI'!$C$40*('THAM_SO_MOI'!$C$23*(E86/'THAM_SO_MOI'!$C$22)+'THAM_SO_MOI'!$C$24*(E86/'THAM_SO_MOI'!$C$22)^2-'THAM_SO_MOI'!$C$25*(E86/'THAM_SO_MOI'!$C$22)^3) -> 35.086549 | K86: ='THAM_SO_MOI'!$C$31*J86/E86 -> 356.98832 | L86: =K86*'THAM_SO_MOI'!$C$53*'THAM_SO_MOI'!$C$17/'THAM_SO_MOI'!$C$26 -> 3130.789 | M86: ='THAM_SO_MOI'!$C$15*'THAM_SO_MOI'!$C$16*F86^2 -> 265.52249 | N86: ='THAM_SO_MOI'!$C$12*I86 -> 1130.112 | O86: =M86+N86 -> 1395.6345 | P86: =(MIN(L86,'THAM_SO_MOI'!$C$41)-O86)/('THAM_SO_MOI'!$C$11*H86) -> 0.20539234 | Q86: =IF(P86>0,1/P86,NA()) -> 4.8687307 | R86: =F86-F85 -> 0.017600427 | S86: =0.5*(Q85+Q86)*R86 -> 0.085712318 | T86: =0.5*(F85*Q85+F86*Q86)*R86 -> 0.81588612 | U86: =U85+S86 -> 7.0097021 | V86: =V85+T86 -> 61.81229
A87: Số V riêng | B87: 5 | C87: kéo | D87: low | E87: =60*F87*'THAM_SO_MOI'!$C$53/(2*PI()*'THAM_SO_MOI'!$C$26) -> 940.46253 | F87: ='THAM_SO_MOI'!$E$53+('THAM_SO_MOI'!$C$14-'THAM_SO_MOI'!$E$53)*81/'THAM_SO_MOI'!$C$42 -> 9.5452927 | G87: =3.6*F87 -> 34.363054 | H87: ='THAM_SO_MOI'!$D$53 -> 1.1 | I87: =IF(F87>'THAM_SO_MOI'!$C$14,'THAM_SO_MOI'!$C$13*(1+F87^2/1500),'THAM_SO_MOI'!$C$13) -> 0.015 | J87: ='THAM_SO_MOI'!$C$40*('THAM_SO_MOI'!$C$23*(E87/'THAM_SO_MOI'!$C$22)+'THAM_SO_MOI'!$C$24*(E87/'THAM_SO_MOI'!$C$22)^2-'THAM_SO_MOI'!$C$25*(E87/'THAM_SO_MOI'!$C$22)^3) -> 35.171692 | K87: ='THAM_SO_MOI'!$C$31*J87/E87 -> 357.19476 | L87: =K87*'THAM_SO_MOI'!$C$53*'THAM_SO_MOI'!$C$17/'THAM_SO_MOI'!$C$26 -> 3132.5994 | M87: ='THAM_SO_MOI'!$C$15*'THAM_SO_MOI'!$C$16*F87^2 -> 266.50439 | N87: ='THAM_SO_MOI'!$C$12*I87 -> 1130.112 | O87: =M87+N87 -> 1396.6164 | P87: =(MIN(L87,'THAM_SO_MOI'!$C$41)-O87)/('THAM_SO_MOI'!$C$11*H87) -> 0.20549042 | Q87: =IF(P87>0,1/P87,NA()) -> 4.866407 | R87: =F87-F86 -> 0.017600427 | S87: =0.5*(Q86+Q87)*R87 -> 0.085671292 | T87: =0.5*(F86*Q86+F87*Q87)*R87 -> 0.81700345 | U87: =U86+S87 -> 7.0953734 | V87: =V86+T87 -> 62.629294
A88: Số V riêng | B88: 5 | C88: kéo | D88: low | E88: =60*F88*'THAM_SO_MOI'!$C$53/(2*PI()*'THAM_SO_MOI'!$C$26) -> 942.19663 | F88: ='THAM_SO_MOI'!$E$53+('THAM_SO_MOI'!$C$14-'THAM_SO_MOI'!$E$53)*82/'THAM_SO_MOI'!$C$42 -> 9.5628932 | G88: =3.6*F88 -> 34.426415 | H88: ='THAM_SO_MOI'!$D$53 -> 1.1 | I88: =IF(F88>'THAM_SO_MOI'!$C$14,'THAM_SO_MOI'!$C$13*(1+F88^2/1500),'THAM_SO_MOI'!$C$13) -> 0.015 | J88: ='THAM_SO_MOI'!$C$40*('THAM_SO_MOI'!$C$23*(E88/'THAM_SO_MOI'!$C$22)+'THAM_SO_MOI'!$C$24*(E88/'THAM_SO_MOI'!$C$22)^2-'THAM_SO_MOI'!$C$25*(E88/'THAM_SO_MOI'!$C$22)^3) -> 35.25688 | K88: ='THAM_SO_MOI'!$C$31*J88/E88 -> 357.4009 | L88: =K88*'THAM_SO_MOI'!$C$53*'THAM_SO_MOI'!$C$17/'THAM_SO_MOI'!$C$26 -> 3134.4073 | M88: ='THAM_SO_MOI'!$C$15*'THAM_SO_MOI'!$C$16*F88^2 -> 267.48811 | N88: ='THAM_SO_MOI'!$C$12*I88 -> 1130.112 | O88: =M88+N88 -> 1397.6001 | P88: =(MIN(L88,'THAM_SO_MOI'!$C$41)-O88)/('THAM_SO_MOI'!$C$11*H88) -> 0.20558797 | Q88: =IF(P88>0,1/P88,NA()) -> 4.8640977 | R88: =F88-F87 -> 0.017600427 | S88: =0.5*(Q87+Q88)*R88 -> 0.085630521 | T88: =0.5*(F87*Q87+F88*Q88)*R88 -> 0.81812178 | U88: =U87+S88 -> 7.1810039 | V88: =V87+T88 -> 63.447415
A89: Số V riêng | B89: 5 | C89: kéo | D89: low | E89: =60*F89*'THAM_SO_MOI'!$C$53/(2*PI()*'THAM_SO_MOI'!$C$26) -> 943.93074 | F89: ='THAM_SO_MOI'!$E$53+('THAM_SO_MOI'!$C$14-'THAM_SO_MOI'!$E$53)*83/'THAM_SO_MOI'!$C$42 -> 9.5804936 | G89: =3.6*F89 -> 34.489777 | H89: ='THAM_SO_MOI'!$D$53 -> 1.1 | I89: =IF(F89>'THAM_SO_MOI'!$C$14,'THAM_SO_MOI'!$C$13*(1+F89^2/1500),'THAM_SO_MOI'!$C$13) -> 0.015 | J89: ='THAM_SO_MOI'!$C$40*('THAM_SO_MOI'!$C$23*(E89/'THAM_SO_MOI'!$C$22)+'THAM_SO_MOI'!$C$24*(E89/'THAM_SO_MOI'!$C$22)^2-'THAM_SO_MOI'!$C$25*(E89/'THAM_SO_MOI'!$C$22)^3) -> 35.342114 | K89: ='THAM_SO_MOI'!$C$31*J89/E89 -> 357.60675 | L89: =K89*'THAM_SO_MOI'!$C$53*'THAM_SO_MOI'!$C$17/'THAM_SO_MOI'!$C$26 -> 3136.2126 | M89: ='THAM_SO_MOI'!$C$15*'THAM_SO_MOI'!$C$16*F89^2 -> 268.47363 | N89: ='THAM_SO_MOI'!$C$12*I89 -> 1130.112 | O89: =M89+N89 -> 1398.5856 | P89: =(MIN(L89,'THAM_SO_MOI'!$C$41)-O89)/('THAM_SO_MOI'!$C$11*H89) -> 0.20568501 | Q89: =IF(P89>0,1/P89,NA()) -> 4.8618029 | R89: =F89-F88 -> 0.017600427 | S89: =0.5*(Q88+Q89)*R89 -> 0.085590004 | T89: =0.5*(F88*Q88+F89*Q89)*R89 -> 0.81924109 | U89: =U88+S89 -> 7.2665939 | V89: =V88+T89 -> 64.266657
A90: Số V riêng | B90: 5 | C90: kéo | D90: low | E90: =60*F90*'THAM_SO_MOI'!$C$53/(2*PI()*'THAM_SO_MOI'!$C$26) -> 945.66484 | F90: ='THAM_SO_MOI'!$E$53+('THAM_SO_MOI'!$C$14-'THAM_SO_MOI'!$E$53)*84/'THAM_SO_MOI'!$C$42 -> 9.598094 | G90: =3.6*F90 -> 34.553138 | H90: ='THAM_SO_MOI'!$D$53 -> 1.1 | I90: =IF(F90>'THAM_SO_MOI'!$C$14,'THAM_SO_MOI'!$C$13*(1+F90^2/1500),'THAM_SO_MOI'!$C$13) -> 0.015 | J90: ='THAM_SO_MOI'!$C$40*('THAM_SO_MOI'!$C$23*(E90/'THAM_SO_MOI'!$C$22)+'THAM_SO_MOI'!$C$24*(E90/'THAM_SO_MOI'!$C$22)^2-'THAM_SO_MOI'!$C$25*(E90/'THAM_SO_MOI'!$C$22)^3) -> 35.427394 | K90: ='THAM_SO_MOI'!$C$31*J90/E90 -> 357.81231 | L90: =K90*'THAM_SO_MOI'!$C$53*'THAM_SO_MOI'!$C$17/'THAM_SO_MOI'!$C$26 -> 3138.0154 | M90: ='THAM_SO_MOI'!$C$15*'THAM_SO_MOI'!$C$16*F90^2 -> 269.46097 | N90: ='THAM_SO_MOI'!$C$12*I90 -> 1130.112 | O90: =M90+N90 -> 1399.573 | P90: =(MIN(L90,'THAM_SO_MOI'!$C$41)-O90)/('THAM_SO_MOI'!$C$11*H90) -> 0.20578154 | Q90: =IF(P90>0,1/P90,NA()) -> 4.8595224 | R90: =F90-F89 -> 0.017600427 | S90: =0.5*(Q89+Q90)*R90 -> 0.08554974 | T90: =0.5*(F89*Q89+F90*Q90)*R90 -> 0.82036142 | U90: =U89+S90 -> 7.3521436 | V90: =V89+T90 -> 65.087018
A91: Số V riêng | B91: 5 | C91: kéo | D91: low | E91: =60*F91*'THAM_SO_MOI'!$C$53/(2*PI()*'THAM_SO_MOI'!$C$26) -> 947.39895 | F91: ='THAM_SO_MOI'!$E$53+('THAM_SO_MOI'!$C$14-'THAM_SO_MOI'!$E$53)*85/'THAM_SO_MOI'!$C$42 -> 9.6156944 | G91: =3.6*F91 -> 34.6165 | H91: ='THAM_SO_MOI'!$D$53 -> 1.1 | I91: =IF(F91>'THAM_SO_MOI'!$C$14,'THAM_SO_MOI'!$C$13*(1+F91^2/1500),'THAM_SO_MOI'!$C$13) -> 0.015 | J91: ='THAM_SO_MOI'!$C$40*('THAM_SO_MOI'!$C$23*(E91/'THAM_SO_MOI'!$C$22)+'THAM_SO_MOI'!$C$24*(E91/'THAM_SO_MOI'!$C$22)^2-'THAM_SO_MOI'!$C$25*(E91/'THAM_SO_MOI'!$C$22)^3) -> 35.51272 | K91: ='THAM_SO_MOI'!$C$31*J91/E91 -> 358.01758 | L91: =K91*'THAM_SO_MOI'!$C$53*'THAM_SO_MOI'!$C$17/'THAM_SO_MOI'!$C$26 -> 3139.8156 | M91: ='THAM_SO_MOI'!$C$15*'THAM_SO_MOI'!$C$16*F91^2 -> 270.45012 | N91: ='THAM_SO_MOI'!$C$12*I91 -> 1130.112 | O91: =M91+N91 -> 1400.5621 | P91: =(MIN(L91,'THAM_SO_MOI'!$C$41)-O91)/('THAM_SO_MOI'!$C$11*H91) -> 0.20587754 | Q91: =IF(P91>0,1/P91,NA()) -> 4.8572563 | R91: =F91-F90 -> 0.017600427 | S91: =0.5*(Q90+Q91)*R91 -> 0.08550973 | T91: =0.5*(F90*Q90+F91*Q91)*R91 -> 0.82148275 | U91: =U90+S91 -> 7.4376533 | V91: =V90+T91 -> 65.908501
A92: Số V riêng | B92: 5 | C92: kéo | D92: low | E92: =60*F92*'THAM_SO_MOI'!$C$53/(2*PI()*'THAM_SO_MOI'!$C$26) -> 949.13305 | F92: ='THAM_SO_MOI'!$E$53+('THAM_SO_MOI'!$C$14-'THAM_SO_MOI'!$E$53)*86/'THAM_SO_MOI'!$C$42 -> 9.6332949 | G92: =3.6*F92 -> 34.679862 | H92: ='THAM_SO_MOI'!$D$53 -> 1.1 | I92: =IF(F92>'THAM_SO_MOI'!$C$14,'THAM_SO_MOI'!$C$13*(1+F92^2/1500),'THAM_SO_MOI'!$C$13) -> 0.015 | J92: ='THAM_SO_MOI'!$C$40*('THAM_SO_MOI'!$C$23*(E92/'THAM_SO_MOI'!$C$22)+'THAM_SO_MOI'!$C$24*(E92/'THAM_SO_MOI'!$C$22)^2-'THAM_SO_MOI'!$C$25*(E92/'THAM_SO_MOI'!$C$22)^3) -> 35.598091 | K92: ='THAM_SO_MOI'!$C$31*J92/E92 -> 358.22256 | L92: =K92*'THAM_SO_MOI'!$C$53*'THAM_SO_MOI'!$C$17/'THAM_SO_MOI'!$C$26 -> 3141.6132 | M92: ='THAM_SO_MOI'!$C$15*'THAM_SO_MOI'!$C$16*F92^2 -> 271.44108 | N92: ='THAM_SO_MOI'!$C$12*I92 -> 1130.112 | O92: =M92+N92 -> 1401.5531 | P92: =(MIN(L92,'THAM_SO_MOI'!$C$41)-O92)/('THAM_SO_MOI'!$C$11*H92) -> 0.20597303 | Q92: =IF(P92>0,1/P92,NA()) -> 4.8550045 | R92: =F92-F91 -> 0.017600427 | S92: =0.5*(Q91+Q92)*R92 -> 0.085469971 | T92: =0.5*(F91*Q91+F92*Q92)*R92 -> 0.82260511 | U92: =U91+S92 -> 7.5231233 | V92: =V91+T92 -> 66.731106
A93: Số V riêng | B93: 5 | C93: kéo | D93: low | E93: =60*F93*'THAM_SO_MOI'!$C$53/(2*PI()*'THAM_SO_MOI'!$C$26) -> 950.86716 | F93: ='THAM_SO_MOI'!$E$53+('THAM_SO_MOI'!$C$14-'THAM_SO_MOI'!$E$53)*87/'THAM_SO_MOI'!$C$42 -> 9.6508953 | G93: =3.6*F93 -> 34.743223 | H93: ='THAM_SO_MOI'!$D$53 -> 1.1 | I93: =IF(F93>'THAM_SO_MOI'!$C$14,'THAM_SO_MOI'!$C$13*(1+F93^2/1500),'THAM_SO_MOI'!$C$13) -> 0.015 | J93: ='THAM_SO_MOI'!$C$40*('THAM_SO_MOI'!$C$23*(E93/'THAM_SO_MOI'!$C$22)+'THAM_SO_MOI'!$C$24*(E93/'THAM_SO_MOI'!$C$22)^2-'THAM_SO_MOI'!$C$25*(E93/'THAM_SO_MOI'!$C$22)^3) -> 35.683508 | K93: ='THAM_SO_MOI'!$C$31*J93/E93 -> 358.42724 | L93: =K93*'THAM_SO_MOI'!$C$53*'THAM_SO_MOI'!$C$17/'THAM_SO_MOI'!$C$26 -> 3143.4083 | M93: ='THAM_SO_MOI'!$C$15*'THAM_SO_MOI'!$C$16*F93^2 -> 272.43386 | N93: ='THAM_SO_MOI'!$C$12*I93 -> 1130.112 | O93: =M93+N93 -> 1402.5459 | P93: =(MIN(L93,'THAM_SO_MOI'!$C$41)-O93)/('THAM_SO_MOI'!$C$11*H93) -> 0.206068 | Q93: =IF(P93>0,1/P93,NA()) -> 4.852767 | R93: =F93-F92 -> 0.017600427 | S93: =0.5*(Q92+Q93)*R93 -> 0.085430464 | T93: =0.5*(F92*Q92+F93*Q93)*R93 -> 0.82372848 | U93: =U92+S93 -> 7.6085538 | V93: =V92+T93 -> 67.554834
A94: Số V riêng | B94: 5 | C94: kéo | D94: low | E94: =60*F94*'THAM_SO_MOI'!$C$53/(2*PI()*'THAM_SO_MOI'!$C$26) -> 952.60126 | F94: ='THAM_SO_MOI'!$E$53+('THAM_SO_MOI'!$C$14-'THAM_SO_MOI'!$E$53)*88/'THAM_SO_MOI'!$C$42 -> 9.6684957 | G94: =3.6*F94 -> 34.806585 | H94: ='THAM_SO_MOI'!$D$53 -> 1.1 | I94: =IF(F94>'THAM_SO_MOI'!$C$14,'THAM_SO_MOI'!$C$13*(1+F94^2/1500),'THAM_SO_MOI'!$C$13) -> 0.015 | J94: ='THAM_SO_MOI'!$C$40*('THAM_SO_MOI'!$C$23*(E94/'THAM_SO_MOI'!$C$22)+'THAM_SO_MOI'!$C$24*(E94/'THAM_SO_MOI'!$C$22)^2-'THAM_SO_MOI'!$C$25*(E94/'THAM_SO_MOI'!$C$22)^3) -> 35.76897 | K94: ='THAM_SO_MOI'!$C$31*J94/E94 -> 358.63164 | L94: =K94*'THAM_SO_MOI'!$C$53*'THAM_SO_MOI'!$C$17/'THAM_SO_MOI'!$C$26 -> 3145.2009 | M94: ='THAM_SO_MOI'!$C$15*'THAM_SO_MOI'!$C$16*F94^2 -> 273.42844 | N94: ='THAM_SO_MOI'!$C$12*I94 -> 1130.112 | O94: =M94+N94 -> 1403.5404 | P94: =(MIN(L94,'THAM_SO_MOI'!$C$41)-O94)/('THAM_SO_MOI'!$C$11*H94) -> 0.20616245 | Q94: =IF(P94>0,1/P94,NA()) -> 4.8505437 | R94: =F94-F93 -> 0.017600427 | S94: =0.5*(Q93+Q94)*R94 -> 0.085391208 | T94: =0.5*(F93*Q93+F94*Q94)*R94 -> 0.8248529 | U94: =U93+S94 -> 7.693945 | V94: =V93+T94 -> 68.379687
A95: Số V riêng | B95: 5 | C95: kéo | D95: low | E95: =60*F95*'THAM_SO_MOI'!$C$53/(2*PI()*'THAM_SO_MOI'!$C$26) -> 954.33537 | F95: ='THAM_SO_MOI'!$E$53+('THAM_SO_MOI'!$C$14-'THAM_SO_MOI'!$E$53)*89/'THAM_SO_MOI'!$C$42 -> 9.6860962 | G95: =3.6*F95 -> 34.869946 | H95: ='THAM_SO_MOI'!$D$53 -> 1.1 | I95: =IF(F95>'THAM_SO_MOI'!$C$14,'THAM_SO_MOI'!$C$13*(1+F95^2/1500),'THAM_SO_MOI'!$C$13) -> 0.015 | J95: ='THAM_SO_MOI'!$C$40*('THAM_SO_MOI'!$C$23*(E95/'THAM_SO_MOI'!$C$22)+'THAM_SO_MOI'!$C$24*(E95/'THAM_SO_MOI'!$C$22)^2-'THAM_SO_MOI'!$C$25*(E95/'THAM_SO_MOI'!$C$22)^3) -> 35.854477 | K95: ='THAM_SO_MOI'!$C$31*J95/E95 -> 358.83574 | L95: =K95*'THAM_SO_MOI'!$C$53*'THAM_SO_MOI'!$C$17/'THAM_SO_MOI'!$C$26 -> 3146.9908 | M95: ='THAM_SO_MOI'!$C$15*'THAM_SO_MOI'!$C$16*F95^2 -> 274.42484 | N95: ='THAM_SO_MOI'!$C$12*I95 -> 1130.112 | O95: =M95+N95 -> 1404.5368 | P95: =(MIN(L95,'THAM_SO_MOI'!$C$41)-O95)/('THAM_SO_MOI'!$C$11*H95) -> 0.20625639 | Q95: =IF(P95>0,1/P95,NA()) -> 4.8483346 | R95: =F95-F94 -> 0.017600427 | S95: =0.5*(Q94+Q95)*R95 -> 0.085352202 | T95: =0.5*(F94*Q94+F95*Q95)*R95 -> 0.82597835 | U95: =U94+S95 -> 7.7792972 | V95: =V94+T95 -> 69.205666
A96: Số V riêng | B96: 5 | C96: kéo | D96: low | E96: =60*F96*'THAM_SO_MOI'!$C$53/(2*PI()*'THAM_SO_MOI'!$C$26) -> 956.06947 | F96: ='THAM_SO_MOI'!$E$53+('THAM_SO_MOI'!$C$14-'THAM_SO_MOI'!$E$53)*90/'THAM_SO_MOI'!$C$42 -> 9.7036966 | G96: =3.6*F96 -> 34.933308 | H96: ='THAM_SO_MOI'!$D$53 -> 1.1 | I96: =IF(F96>'THAM_SO_MOI'!$C$14,'THAM_SO_MOI'!$C$13*(1+F96^2/1500),'THAM_SO_MOI'!$C$13) -> 0.015 | J96: ='THAM_SO_MOI'!$C$40*('THAM_SO_MOI'!$C$23*(E96/'THAM_SO_MOI'!$C$22)+'THAM_SO_MOI'!$C$24*(E96/'THAM_SO_MOI'!$C$22)^2-'THAM_SO_MOI'!$C$25*(E96/'THAM_SO_MOI'!$C$22)^3) -> 35.940029 | K96: ='THAM_SO_MOI'!$C$31*J96/E96 -> 359.03955 | L96: =K96*'THAM_SO_MOI'!$C$53*'THAM_SO_MOI'!$C$17/'THAM_SO_MOI'!$C$26 -> 3148.7782 | M96: ='THAM_SO_MOI'!$C$15*'THAM_SO_MOI'!$C$16*F96^2 -> 275.42305 | N96: ='THAM_SO_MOI'!$C$12*I96 -> 1130.112 | O96: =M96+N96 -> 1405.5351 | P96: =(MIN(L96,'THAM_SO_MOI'!$C$41)-O96)/('THAM_SO_MOI'!$C$11*H96) -> 0.20634981 | Q96: =IF(P96>0,1/P96,NA()) -> 4.8461397 | R96: =F96-F95 -> 0.017600427 | S96: =0.5*(Q95+Q96)*R96 -> 0.085313445 | T96: =0.5*(F95*Q95+F96*Q96)*R96 -> 0.82710484 | U96: =U95+S96 -> 7.8646106 | V96: =V95+T96 -> 70.03277
A97: Số V riêng | B97: 5 | C97: kéo | D97: low | E97: =60*F97*'THAM_SO_MOI'!$C$53/(2*PI()*'THAM_SO_MOI'!$C$26) -> 957.80358 | F97: ='THAM_SO_MOI'!$E$53+('THAM_SO_MOI'!$C$14-'THAM_SO_MOI'!$E$53)*91/'THAM_SO_MOI'!$C$42 -> 9.721297 | G97: =3.6*F97 -> 34.996669 | H97: ='THAM_SO_MOI'!$D$53 -> 1.1 | I97: =IF(F97>'THAM_SO_MOI'!$C$14,'THAM_SO_MOI'!$C$13*(1+F97^2/1500),'THAM_SO_MOI'!$C$13) -> 0.015 | J97: ='THAM_SO_MOI'!$C$40*('THAM_SO_MOI'!$C$23*(E97/'THAM_SO_MOI'!$C$22)+'THAM_SO_MOI'!$C$24*(E97/'THAM_SO_MOI'!$C$22)^2-'THAM_SO_MOI'!$C$25*(E97/'THAM_SO_MOI'!$C$22)^3) -> 36.025626 | K97: ='THAM_SO_MOI'!$C$31*J97/E97 -> 359.24307 | L97: =K97*'THAM_SO_MOI'!$C$53*'THAM_SO_MOI'!$C$17/'THAM_SO_MOI'!$C$26 -> 3150.5631 | M97: ='THAM_SO_MOI'!$C$15*'THAM_SO_MOI'!$C$16*F97^2 -> 276.42308 | N97: ='THAM_SO_MOI'!$C$12*I97 -> 1130.112 | O97: =M97+N97 -> 1406.5351 | P97: =(MIN(L97,'THAM_SO_MOI'!$C$41)-O97)/('THAM_SO_MOI'!$C$11*H97) -> 0.20644271 | Q97: =IF(P97>0,1/P97,NA()) -> 4.8439589 | R97: =F97-F96 -> 0.017600427 | S97: =0.5*(Q96+Q97)*R97 -> 0.085274938 | T97: =0.5*(F96*Q96+F97*Q97)*R97 -> 0.82823239 | U97: =U96+S97 -> 7.9498856 | V97: =V96+T97 -> 70.861003
A98: Số V riêng | B98: 5 | C98: kéo | D98: low | E98: =60*F98*'THAM_SO_MOI'!$C$53/(2*PI()*'THAM_SO_MOI'!$C$26) -> 959.53768 | F98: ='THAM_SO_MOI'!$E$53+('THAM_SO_MOI'!$C$14-'THAM_SO_MOI'!$E$53)*92/'THAM_SO_MOI'!$C$42 -> 9.7388974 | G98: =3.6*F98 -> 35.060031 | H98: ='THAM_SO_MOI'!$D$53 -> 1.1 | I98: =IF(F98>'THAM_SO_MOI'!$C$14,'THAM_SO_MOI'!$C$13*(1+F98^2/1500),'THAM_SO_MOI'!$C$13) -> 0.015 | J98: ='THAM_SO_MOI'!$C$40*('THAM_SO_MOI'!$C$23*(E98/'THAM_SO_MOI'!$C$22)+'THAM_SO_MOI'!$C$24*(E98/'THAM_SO_MOI'!$C$22)^2-'THAM_SO_MOI'!$C$25*(E98/'THAM_SO_MOI'!$C$22)^3) -> 36.111267 | K98: ='THAM_SO_MOI'!$C$31*J98/E98 -> 359.44629 | L98: =K98*'THAM_SO_MOI'!$C$53*'THAM_SO_MOI'!$C$17/'THAM_SO_MOI'!$C$26 -> 3152.3454 | M98: ='THAM_SO_MOI'!$C$15*'THAM_SO_MOI'!$C$16*F98^2 -> 277.42491 | N98: ='THAM_SO_MOI'!$C$12*I98 -> 1130.112 | O98: =M98+N98 -> 1407.5369 | P98: =(MIN(L98,'THAM_SO_MOI'!$C$41)-O98)/('THAM_SO_MOI'!$C$11*H98) -> 0.20653509 | Q98: =IF(P98>0,1/P98,NA()) -> 4.8417922 | R98: =F98-F97 -> 0.017600427 | S98: =0.5*(Q97+Q98)*R98 -> 0.085236679 | T98: =0.5*(F97*Q97+F98*Q98)*R98 -> 0.829361 | U98: =U97+S98 -> 8.0351223 | V98: =V97+T98 -> 71.690364
A99: Số V riêng | B99: 5 | C99: kéo | D99: low | E99: =60*F99*'THAM_SO_MOI'!$C$53/(2*PI()*'THAM_SO_MOI'!$C$26) -> 961.27179 | F99: ='THAM_SO_MOI'!$E$53+('THAM_SO_MOI'!$C$14-'THAM_SO_MOI'!$E$53)*93/'THAM_SO_MOI'!$C$42 -> 9.7564979 | G99: =3.6*F99 -> 35.123392 | H99: ='THAM_SO_MOI'!$D$53 -> 1.1 | I99: =IF(F99>'THAM_SO_MOI'!$C$14,'THAM_SO_MOI'!$C$13*(1+F99^2/1500),'THAM_SO_MOI'!$C$13) -> 0.015 | J99: ='THAM_SO_MOI'!$C$40*('THAM_SO_MOI'!$C$23*(E99/'THAM_SO_MOI'!$C$22)+'THAM_SO_MOI'!$C$24*(E99/'THAM_SO_MOI'!$C$22)^2-'THAM_SO_MOI'!$C$25*(E99/'THAM_SO_MOI'!$C$22)^3) -> 36.196953 | K99: ='THAM_SO_MOI'!$C$31*J99/E99 -> 359.64923 | L99: =K99*'THAM_SO_MOI'!$C$53*'THAM_SO_MOI'!$C$17/'THAM_SO_MOI'!$C$26 -> 3154.1251 | M99: ='THAM_SO_MOI'!$C$15*'THAM_SO_MOI'!$C$16*F99^2 -> 278.42856 | N99: ='THAM_SO_MOI'!$C$12*I99 -> 1130.112 | O99: =M99+N99 -> 1408.5406 | P99: =(MIN(L99,'THAM_SO_MOI'!$C$41)-O99)/('THAM_SO_MOI'!$C$11*H99) -> 0.20662696 | Q99: =IF(P99>0,1/P99,NA()) -> 4.8396395 | R99: =F99-F98 -> 0.017600427 | S99: =0.5*(Q98+Q99)*R99 -> 0.085198667 | T99: =0.5*(F98*Q98+F99*Q99)*R99 -> 0.83049068 | U99: =U98+S99 -> 8.1203209 | V99: =V98+T99 -> 72.520855
A100: Số V riêng | B100: 5 | C100: kéo | D100: low | E100: =60*F100*'THAM_SO_MOI'!$C$53/(2*PI()*'THAM_SO_MOI'!$C$26) -> 963.00589 | F100: ='THAM_SO_MOI'!$E$53+('THAM_SO_MOI'!$C$14-'THAM_SO_MOI'!$E$53)*94/'THAM_SO_MOI'!$C$42 -> 9.7740983 | G100: =3.6*F100 -> 35.186754 | H100: ='THAM_SO_MOI'!$D$53 -> 1.1 | I100: =IF(F100>'THAM_SO_MOI'!$C$14,'THAM_SO_MOI'!$C$13*(1+F100^2/1500),'THAM_SO_MOI'!$C$13) -> 0.015 | J100: ='THAM_SO_MOI'!$C$40*('THAM_SO_MOI'!$C$23*(E100/'THAM_SO_MOI'!$C$22)+'THAM_SO_MOI'!$C$24*(E100/'THAM_SO_MOI'!$C$22)^2-'THAM_SO_MOI'!$C$25*(E100/'THAM_SO_MOI'!$C$22)^3) -> 36.282683 | K100: ='THAM_SO_MOI'!$C$31*J100/E100 -> 359.85187 | L100: =K100*'THAM_SO_MOI'!$C$53*'THAM_SO_MOI'!$C$17/'THAM_SO_MOI'!$C$26 -> 3155.9023 | M100: ='THAM_SO_MOI'!$C$15*'THAM_SO_MOI'!$C$16*F100^2 -> 279.43402 | N100: ='THAM_SO_MOI'!$C$12*I100 -> 1130.112 | O100: =M100+N100 -> 1409.546 | P100: =(MIN(L100,'THAM_SO_MOI'!$C$41)-O100)/('THAM_SO_MOI'!$C$11*H100) -> 0.20671831 | Q100: =IF(P100>0,1/P100,NA()) -> 4.8375009 | R100: =F100-F99 -> 0.017600427 | S100: =0.5*(Q99+Q100)*R100 -> 0.085160903 | T100: =0.5*(F99*Q99+F100*Q100)*R100 -> 0.83162144 | U100: =U99+S100 -> 8.2054818 | V100: =V99+T100 -> 73.352476
A101: Số V riêng | B101: 5 | C101: kéo | D101: low | E101: =60*F101*'THAM_SO_MOI'!$C$53/(2*PI()*'THAM_SO_MOI'!$C$26) -> 964.74 | F101: ='THAM_SO_MOI'!$E$53+('THAM_SO_MOI'!$C$14-'THAM_SO_MOI'!$E$53)*95/'THAM_SO_MOI'!$C$42 -> 9.7916987 | G101: =3.6*F101 -> 35.250115 | H101: ='THAM_SO_MOI'!$D$53 -> 1.1 | I101: =IF(F101>'THAM_SO_MOI'!$C$14,'THAM_SO_MOI'!$C$13*(1+F101^2/1500),'THAM_SO_MOI'!$C$13) -> 0.015 | J101: ='THAM_SO_MOI'!$C$40*('THAM_SO_MOI'!$C$23*(E101/'THAM_SO_MOI'!$C$22)+'THAM_SO_MOI'!$C$24*(E101/'THAM_SO_MOI'!$C$22)^2-'THAM_SO_MOI'!$C$25*(E101/'THAM_SO_MOI'!$C$22)^3) -> 36.368457 | K101: ='THAM_SO_MOI'!$C$31*J101/E101 -> 360.05422 | L101: =K101*'THAM_SO_MOI'!$C$53*'THAM_SO_MOI'!$C$17/'THAM_SO_MOI'!$C$26 -> 3157.6769 | M101: ='THAM_SO_MOI'!$C$15*'THAM_SO_MOI'!$C$16*F101^2 -> 280.44129 | N101: ='THAM_SO_MOI'!$C$12*I101 -> 1130.112 | O101: =M101+N101 -> 1410.5533 | P101: =(MIN(L101,'THAM_SO_MOI'!$C$41)-O101)/('THAM_SO_MOI'!$C$11*H101) -> 0.20680914 | Q101: =IF(P101>0,1/P101,NA()) -> 4.8353762 | R101: =F101-F100 -> 0.017600427 | S101: =0.5*(Q100+Q101)*R101 -> 0.085123385 | T101: =0.5*(F100*Q100+F101*Q101)*R101 -> 0.83275327 | U101: =U100+S101 -> 8.2906052 | V101: =V100+T101 -> 74.185229
A102: Số V riêng | B102: 5 | C102: kéo | D102: low | E102: =60*F102*'THAM_SO_MOI'!$C$53/(2*PI()*'THAM_SO_MOI'!$C$26) -> 966.47411 | F102: ='THAM_SO_MOI'!$E$53+('THAM_SO_MOI'!$C$14-'THAM_SO_MOI'!$E$53)*96/'THAM_SO_MOI'!$C$42 -> 9.8092991 | G102: =3.6*F102 -> 35.313477 | H102: ='THAM_SO_MOI'!$D$53 -> 1.1 | I102: =IF(F102>'THAM_SO_MOI'!$C$14,'THAM_SO_MOI'!$C$13*(1+F102^2/1500),'THAM_SO_MOI'!$C$13) -> 0.015 | J102: ='THAM_SO_MOI'!$C$40*('THAM_SO_MOI'!$C$23*(E102/'THAM_SO_MOI'!$C$22)+'THAM_SO_MOI'!$C$24*(E102/'THAM_SO_MOI'!$C$22)^2-'THAM_SO_MOI'!$C$25*(E102/'THAM_SO_MOI'!$C$22)^3) -> 36.454275 | K102: ='THAM_SO_MOI'!$C$31*J102/E102 -> 360.25628 | L102: =K102*'THAM_SO_MOI'!$C$53*'THAM_SO_MOI'!$C$17/'THAM_SO_MOI'!$C$26 -> 3159.449 | M102: ='THAM_SO_MOI'!$C$15*'THAM_SO_MOI'!$C$16*F102^2 -> 281.45037 | N102: ='THAM_SO_MOI'!$C$12*I102 -> 1130.112 | O102: =M102+N102 -> 1411.5624 | P102: =(MIN(L102,'THAM_SO_MOI'!$C$41)-O102)/('THAM_SO_MOI'!$C$11*H102) -> 0.20689946 | Q102: =IF(P102>0,1/P102,NA()) -> 4.8332655 | R102: =F102-F101 -> 0.017600427 | S102: =0.5*(Q101+Q102)*R102 -> 0.085086113 | T102: =0.5*(F101*Q101+F102*Q102)*R102 -> 0.83388619 | U102: =U101+S102 -> 8.3756913 | V102: =V101+T102 -> 75.019115
...

Sheet HANH_TRINH
A1: HÀNH TRÌNH LIÊN TỤC QUA NĂM TAY SỐ
A2: Giả thiết tham khảo: chuyển số ở 2.600 vòng/phút, ngắt 1 giây/lần, δcoast=1,05. t và S không đặt lại về 0 khi vào số mới. Chưa gồm khởi hành ly hợp trượt; chưa tối ưu lịch chuyển số.
A5: Pha | B5: Số | C5: Loại | D5: Nhánh f | E5: n (v/ph) | F5: v (m/s) | G5: v (km/h) | H5: δ | I5: f(v) | J5: Ne (kW) | K5: Me (N·m) | L5: Pk (N) | M5: Pw (N) | N5: Pf (N) | O5: Pc (N) | P5: j (m/s²) | Q5: 1/j (s²/m) | R5: Δv (m/s) | S5: Δt (s) | T5: ΔS (m) | U5: t tích lũy (s) | V5: S tích lũy (m) | W5: k1 (m/s²) | X5: v2 RK4 | Y5: k2 (m/s²) | Z5: v3 RK4 | AA5: k3 (m/s²) | AB5: v4 RK4 | AC5: k4 (m/s²)
A6: Kéo 1 | B6: 1 | C6: kéo | D6: low | E6: =60*F6*'THAM_SO_MOI'!$C$49/(2*PI()*'THAM_SO_MOI'!$C$26) -> 800 | F6: ='THAM_SO_MOI'!$E$49+('THAM_SO_MOI'!$F$49-'THAM_SO_MOI'!$E$49)*0/'THAM_SO_MOI'!$C$42 -> 1.2491782 | G6: =3.6*F6 -> 4.4970414 | H6: ='THAM_SO_MOI'!$D$49 -> 3.1625 | I6: =IF(F6>'THAM_SO_MOI'!$C$14,'THAM_SO_MOI'!$C$13*(1+F6^2/1500),'THAM_SO_MOI'!$C$13) -> 0.015 | J6: ='THAM_SO_MOI'!$C$40*('THAM_SO_MOI'!$C$23*(E6/'THAM_SO_MOI'!$C$22)+'THAM_SO_MOI'!$C$24*(E6/'THAM_SO_MOI'!$C$22)^2-'THAM_SO_MOI'!$C$25*(E6/'THAM_SO_MOI'!$C$22)^3) -> 28.438889 | K6: ='THAM_SO_MOI'!$C$31*J6/E6 -> 339.52828 | L6: =K6*'THAM_SO_MOI'!$C$49*'THAM_SO_MOI'!$C$17/'THAM_SO_MOI'!$C$26 -> 19354.818 | M6: ='THAM_SO_MOI'!$C$15*'THAM_SO_MOI'!$C$16*F6^2 -> 4.5643049 | N6: ='THAM_SO_MOI'!$C$12*I6 -> 1130.112 | O6: =M6+N6 -> 1134.6763 | P6: =(MIN(L6,'THAM_SO_MOI'!$C$41)-O6)/('THAM_SO_MOI'!$C$11*H6) -> 0.75017054 | Q6: =IF(P6>0,1/P6,NA()) -> 1.3330302 | R6: =0 -> 0 | S6: =0 -> 0 | T6: =0 -> 0 | U6: =S6 -> 0 | V6: =T6 -> 0
A7: Kéo 1 | B7: 1 | C7: kéo | D7: low | E7: =60*F7*'THAM_SO_MOI'!$C$49/(2*PI()*'THAM_SO_MOI'!$C$26) -> 802.25 | F7: ='THAM_SO_MOI'!$E$49+('THAM_SO_MOI'!$F$49-'THAM_SO_MOI'!$E$49)*1/'THAM_SO_MOI'!$C$42 -> 1.2526915 | G7: =3.6*F7 -> 4.5096893 | H7: ='THAM_SO_MOI'!$D$49 -> 3.1625 | I7: =IF(F7>'THAM_SO_MOI'!$C$14,'THAM_SO_MOI'!$C$13*(1+F7^2/1500),'THAM_SO_MOI'!$C$13) -> 0.015 | J7: ='THAM_SO_MOI'!$C$40*('THAM_SO_MOI'!$C$23*(E7/'THAM_SO_MOI'!$C$22)+'THAM_SO_MOI'!$C$24*(E7/'THAM_SO_MOI'!$C$22)^2-'THAM_SO_MOI'!$C$25*(E7/'THAM_SO_MOI'!$C$22)^3) -> 28.54391 | K7: ='THAM_SO_MOI'!$C$31*J7/E7 -> 339.82636 | L7: =K7*'THAM_SO_MOI'!$C$49*'THAM_SO_MOI'!$C$17/'THAM_SO_MOI'!$C$26 -> 19371.81 | M7: ='THAM_SO_MOI'!$C$15*'THAM_SO_MOI'!$C$16*F7^2 -> 4.5900152 | N7: ='THAM_SO_MOI'!$C$12*I7 -> 1130.112 | O7: =M7+N7 -> 1134.702 | P7: =(MIN(L7,'THAM_SO_MOI'!$C$41)-O7)/('THAM_SO_MOI'!$C$11*H7) -> 0.75086908 | Q7: =IF(P7>0,1/P7,NA()) -> 1.3317901 | R7: =F7-F6 -> 0.0035133136 | S7: =0.5*(Q6+Q7)*R7 -> 0.0046811747 | T7: =0.5*(F6*Q6+F7*Q7)*R7 -> 0.0058558407 | U7: =U6+S7 -> 0.0046811747 | V7: =V6+T7 -> 0.0058558407
A8: Kéo 1 | B8: 1 | C8: kéo | D8: low | E8: =60*F8*'THAM_SO_MOI'!$C$49/(2*PI()*'THAM_SO_MOI'!$C$26) -> 804.5 | F8: ='THAM_SO_MOI'!$E$49+('THAM_SO_MOI'!$F$49-'THAM_SO_MOI'!$E$49)*2/'THAM_SO_MOI'!$C$42 -> 1.2562048 | G8: =3.6*F8 -> 4.5223373 | H8: ='THAM_SO_MOI'!$D$49 -> 3.1625 | I8: =IF(F8>'THAM_SO_MOI'!$C$14,'THAM_SO_MOI'!$C$13*(1+F8^2/1500),'THAM_SO_MOI'!$C$13) -> 0.015 | J8: ='THAM_SO_MOI'!$C$40*('THAM_SO_MOI'!$C$23*(E8/'THAM_SO_MOI'!$C$22)+'THAM_SO_MOI'!$C$24*(E8/'THAM_SO_MOI'!$C$22)^2-'THAM_SO_MOI'!$C$25*(E8/'THAM_SO_MOI'!$C$22)^3) -> 28.649031 | K8: ='THAM_SO_MOI'!$C$31*J8/E8 -> 340.12394 | L8: =K8*'THAM_SO_MOI'!$C$49*'THAM_SO_MOI'!$C$17/'THAM_SO_MOI'!$C$26 -> 19388.774 | M8: ='THAM_SO_MOI'!$C$15*'THAM_SO_MOI'!$C$16*F8^2 -> 4.6157977 | N8: ='THAM_SO_MOI'!$C$12*I8 -> 1130.112 | O8: =M8+N8 -> 1134.7278 | P8: =(MIN(L8,'THAM_SO_MOI'!$C$41)-O8)/('THAM_SO_MOI'!$C$11*H8) -> 0.75156646 | Q8: =IF(P8>0,1/P8,NA()) -> 1.3305543 | R8: =F8-F7 -> 0.0035133136 | S8: =0.5*(Q7+Q8)*R8 -> 0.0046768254 | T8: =0.5*(F7*Q7+F8*Q8)*R8 -> 0.0058668311 | U8: =U7+S8 -> 0.0093580001 | V8: =V7+T8 -> 0.011722672
A9: Kéo 1 | B9: 1 | C9: kéo | D9: low | E9: =60*F9*'THAM_SO_MOI'!$C$49/(2*PI()*'THAM_SO_MOI'!$C$26) -> 806.75 | F9: ='THAM_SO_MOI'!$E$49+('THAM_SO_MOI'!$F$49-'THAM_SO_MOI'!$E$49)*3/'THAM_SO_MOI'!$C$42 -> 1.2597181 | G9: =3.6*F9 -> 4.5349852 | H9: ='THAM_SO_MOI'!$D$49 -> 3.1625 | I9: =IF(F9>'THAM_SO_MOI'!$C$14,'THAM_SO_MOI'!$C$13*(1+F9^2/1500),'THAM_SO_MOI'!$C$13) -> 0.015 | J9: ='THAM_SO_MOI'!$C$40*('THAM_SO_MOI'!$C$23*(E9/'THAM_SO_MOI'!$C$22)+'THAM_SO_MOI'!$C$24*(E9/'THAM_SO_MOI'!$C$22)^2-'THAM_SO_MOI'!$C$25*(E9/'THAM_SO_MOI'!$C$22)^3) -> 28.75425 | K9: ='THAM_SO_MOI'!$C$31*J9/E9 -> 340.42104 | L9: =K9*'THAM_SO_MOI'!$C$49*'THAM_SO_MOI'!$C$17/'THAM_SO_MOI'!$C$26 -> 19405.71 | M9: ='THAM_SO_MOI'!$C$15*'THAM_SO_MOI'!$C$16*F9^2 -> 4.6416524 | N9: ='THAM_SO_MOI'!$C$12*I9 -> 1130.112 | O9: =M9+N9 -> 1134.7537 | P9: =(MIN(L9,'THAM_SO_MOI'!$C$41)-O9)/('THAM_SO_MOI'!$C$11*H9) -> 0.75226269 | Q9: =IF(P9>0,1/P9,NA()) -> 1.3293229 | R9: =F9-F8 -> 0.0035133136 | S9: =0.5*(Q8+Q9)*R9 -> 0.0046724914 | T9: =0.5*(F8*Q8+F9*Q9)*R9 -> 0.0058778102 | U9: =U8+S9 -> 0.014030491 | V9: =V8+T9 -> 0.017600482
A10: Kéo 1 | B10: 1 | C10: kéo | D10: low | E10: =60*F10*'THAM_SO_MOI'!$C$49/(2*PI()*'THAM_SO_MOI'!$C$26) -> 809 | F10: ='THAM_SO_MOI'!$E$49+('THAM_SO_MOI'!$F$49-'THAM_SO_MOI'!$E$49)*4/'THAM_SO_MOI'!$C$42 -> 1.2632314 | G10: =3.6*F10 -> 4.5476331 | H10: ='THAM_SO_MOI'!$D$49 -> 3.1625 | I10: =IF(F10>'THAM_SO_MOI'!$C$14,'THAM_SO_MOI'!$C$13*(1+F10^2/1500),'THAM_SO_MOI'!$C$13) -> 0.015 | J10: ='THAM_SO_MOI'!$C$40*('THAM_SO_MOI'!$C$23*(E10/'THAM_SO_MOI'!$C$22)+'THAM_SO_MOI'!$C$24*(E10/'THAM_SO_MOI'!$C$22)^2-'THAM_SO_MOI'!$C$25*(E10/'THAM_SO_MOI'!$C$22)^3) -> 28.859568 | K10: ='THAM_SO_MOI'!$C$31*J10/E10 -> 340.71764 | L10: =K10*'THAM_SO_MOI'!$C$49*'THAM_SO_MOI'!$C$17/'THAM_SO_MOI'!$C$26 -> 19422.618 | M10: ='THAM_SO_MOI'!$C$15*'THAM_SO_MOI'!$C$16*F10^2 -> 4.6675794 | N10: ='THAM_SO_MOI'!$C$12*I10 -> 1130.112 | O10: =M10+N10 -> 1134.7796 | P10: =(MIN(L10,'THAM_SO_MOI'!$C$41)-O10)/('THAM_SO_MOI'!$C$11*H10) -> 0.75295776 | Q10: =IF(P10>0,1/P10,NA()) -> 1.3280957 | R10: =F10-F9 -> 0.0035133136 | S10: =0.5*(Q9+Q10)*R10 -> 0.0046681725 | T10: =0.5*(F9*Q9+F10*Q10)*R10 -> 0.0058887781 | U10: =U9+S10 -> 0.018698664 | V10: =V9+T10 -> 0.02348926
A11: Kéo 1 | B11: 1 | C11: kéo | D11: low | E11: =60*F11*'THAM_SO_MOI'!$C$49/(2*PI()*'THAM_SO_MOI'!$C$26) -> 811.25 | F11: ='THAM_SO_MOI'!$E$49+('THAM_SO_MOI'!$F$49-'THAM_SO_MOI'!$E$49)*5/'THAM_SO_MOI'!$C$42 -> 1.2667447 | G11: =3.6*F11 -> 4.5602811 | H11: ='THAM_SO_MOI'!$D$49 -> 3.1625 | I11: =IF(F11>'THAM_SO_MOI'!$C$14,'THAM_SO_MOI'!$C$13*(1+F11^2/1500),'THAM_SO_MOI'!$C$13) -> 0.015 | J11: ='THAM_SO_MOI'!$C$40*('THAM_SO_MOI'!$C$23*(E11/'THAM_SO_MOI'!$C$22)+'THAM_SO_MOI'!$C$24*(E11/'THAM_SO_MOI'!$C$22)^2-'THAM_SO_MOI'!$C$25*(E11/'THAM_SO_MOI'!$C$22)^3) -> 28.964983 | K11: ='THAM_SO_MOI'!$C$31*J11/E11 -> 341.01375 | L11: =K11*'THAM_SO_MOI'!$C$49*'THAM_SO_MOI'!$C$17/'THAM_SO_MOI'!$C$26 -> 19439.497 | M11: ='THAM_SO_MOI'!$C$15*'THAM_SO_MOI'!$C$16*F11^2 -> 4.6935785 | N11: ='THAM_SO_MOI'!$C$12*I11 -> 1130.112 | O11: =M11+N11 -> 1134.8056 | P11: =(MIN(L11,'THAM_SO_MOI'!$C$41)-O11)/('THAM_SO_MOI'!$C$11*H11) -> 0.75365167 | Q11: =IF(P11>0,1/P11,NA()) -> 1.3268729 | R11: =F11-F10 -> 0.0035133136 | S11: =0.5*(Q10+Q11)*R11 -> 0.0046638688 | T11: =0.5*(F10*Q10+F11*Q11)*R11 -> 0.0058997347 | U11: =U10+S11 -> 0.023362533 | V11: =V10+T11 -> 0.029388995
A12: Kéo 1 | B12: 1 | C12: kéo | D12: low | E12: =60*F12*'THAM_SO_MOI'!$C$49/(2*PI()*'THAM_SO_MOI'!$C$26) -> 813.5 | F12: ='THAM_SO_MOI'!$E$49+('THAM_SO_MOI'!$F$49-'THAM_SO_MOI'!$E$49)*6/'THAM_SO_MOI'!$C$42 -> 1.2702581 | G12: =3.6*F12 -> 4.572929 | H12: ='THAM_SO_MOI'!$D$49 -> 3.1625 | I12: =IF(F12>'THAM_SO_MOI'!$C$14,'THAM_SO_MOI'!$C$13*(1+F12^2/1500),'THAM_SO_MOI'!$C$13) -> 0.015 | J12: ='THAM_SO_MOI'!$C$40*('THAM_SO_MOI'!$C$23*(E12/'THAM_SO_MOI'!$C$22)+'THAM_SO_MOI'!$C$24*(E12/'THAM_SO_MOI'!$C$22)^2-'THAM_SO_MOI'!$C$25*(E12/'THAM_SO_MOI'!$C$22)^3) -> 29.070496 | K12: ='THAM_SO_MOI'!$C$31*J12/E12 -> 341.30937 | L12: =K12*'THAM_SO_MOI'!$C$49*'THAM_SO_MOI'!$C$17/'THAM_SO_MOI'!$C$26 -> 19456.349 | M12: ='THAM_SO_MOI'!$C$15*'THAM_SO_MOI'!$C$16*F12^2 -> 4.7196499 | N12: ='THAM_SO_MOI'!$C$12*I12 -> 1130.112 | O12: =M12+N12 -> 1134.8316 | P12: =(MIN(L12,'THAM_SO_MOI'!$C$41)-O12)/('THAM_SO_MOI'!$C$11*H12) -> 0.75434443 | Q12: =IF(P12>0,1/P12,NA()) -> 1.3256544 | R12: =F12-F11 -> 0.0035133136 | S12: =0.5*(Q11+Q12)*R12 -> 0.0046595801 | T12: =0.5*(F11*Q11+F12*Q12)*R12 -> 0.0059106801 | U12: =U11+S12 -> 0.028022113 | V12: =V11+T12 -> 0.035299675
A13: Kéo 1 | B13: 1 | C13: kéo | D13: low | E13: =60*F13*'THAM_SO_MOI'!$C$49/(2*PI()*'THAM_SO_MOI'!$C$26) -> 815.75 | F13: ='THAM_SO_MOI'!$E$49+('THAM_SO_MOI'!$F$49-'THAM_SO_MOI'!$E$49)*7/'THAM_SO_MOI'!$C$42 -> 1.2737714 | G13: =3.6*F13 -> 4.5855769 | H13: ='THAM_SO_MOI'!$D$49 -> 3.1625 | I13: =IF(F13>'THAM_SO_MOI'!$C$14,'THAM_SO_MOI'!$C$13*(1+F13^2/1500),'THAM_SO_MOI'!$C$13) -> 0.015 | J13: ='THAM_SO_MOI'!$C$40*('THAM_SO_MOI'!$C$23*(E13/'THAM_SO_MOI'!$C$22)+'THAM_SO_MOI'!$C$24*(E13/'THAM_SO_MOI'!$C$22)^2-'THAM_SO_MOI'!$C$25*(E13/'THAM_SO_MOI'!$C$22)^3) -> 29.176107 | K13: ='THAM_SO_MOI'!$C$31*J13/E13 -> 341.6045 | L13: =K13*'THAM_SO_MOI'!$C$49*'THAM_SO_MOI'!$C$17/'THAM_SO_MOI'!$C$26 -> 19473.173 | M13: ='THAM_SO_MOI'!$C$15*'THAM_SO_MOI'!$C$16*F13^2 -> 4.7457935 | N13: ='THAM_SO_MOI'!$C$12*I13 -> 1130.112 | O13: =M13+N13 -> 1134.8578 | P13: =(MIN(L13,'THAM_SO_MOI'!$C$41)-O13)/('THAM_SO_MOI'!$C$11*H13) -> 0.75503604 | Q13: =IF(P13>0,1/P13,NA()) -> 1.3244401 | R13: =F13-F12 -> 0.0035133136 | S13: =0.5*(Q12+Q13)*R13 -> 0.0046553065 | T13: =0.5*(F12*Q12+F13*Q13)*R13 -> 0.0059216146 | U13: =U12+S13 -> 0.032677419 | V13: =V12+T13 -> 0.04122129
A14: Kéo 1 | B14: 1 | C14: kéo | D14: low | E14: =60*F14*'THAM_SO_MOI'!$C$49/(2*PI()*'THAM_SO_MOI'!$C$26) -> 818 | F14: ='THAM_SO_MOI'!$E$49+('THAM_SO_MOI'!$F$49-'THAM_SO_MOI'!$E$49)*8/'THAM_SO_MOI'!$C$42 -> 1.2772847 | G14: =3.6*F14 -> 4.5982249 | H14: ='THAM_SO_MOI'!$D$49 -> 3.1625 | I14: =IF(F14>'THAM_SO_MOI'!$C$14,'THAM_SO_MOI'!$C$13*(1+F14^2/1500),'THAM_SO_MOI'!$C$13) -> 0.015 | J14: ='THAM_SO_MOI'!$C$40*('THAM_SO_MOI'!$C$23*(E14/'THAM_SO_MOI'!$C$22)+'THAM_SO_MOI'!$C$24*(E14/'THAM_SO_MOI'!$C$22)^2-'THAM_SO_MOI'!$C$25*(E14/'THAM_SO_MOI'!$C$22)^3) -> 29.281815 | K14: ='THAM_SO_MOI'!$C$31*J14/E14 -> 341.89913 | L14: =K14*'THAM_SO_MOI'!$C$49*'THAM_SO_MOI'!$C$17/'THAM_SO_MOI'!$C$26 -> 19489.969 | M14: ='THAM_SO_MOI'!$C$15*'THAM_SO_MOI'!$C$16*F14^2 -> 4.7720093 | N14: ='THAM_SO_MOI'!$C$12*I14 -> 1130.112 | O14: =M14+N14 -> 1134.884 | P14: =(MIN(L14,'THAM_SO_MOI'!$C$41)-O14)/('THAM_SO_MOI'!$C$11*H14) -> 0.75572648 | Q14: =IF(P14>0,1/P14,NA()) -> 1.3232301 | R14: =F14-F13 -> 0.0035133136 | S14: =0.5*(Q13+Q14)*R14 -> 0.0046510478 | T14: =0.5*(F13*Q13+F14*Q14)*R14 -> 0.0059325381 | U14: =U13+S14 -> 0.037328467 | V14: =V13+T14 -> 0.047153828
A15: Kéo 1 | B15: 1 | C15: kéo | D15: low | E15: =60*F15*'THAM_SO_MOI'!$C$49/(2*PI()*'THAM_SO_MOI'!$C$26) -> 820.25 | F15: ='THAM_SO_MOI'!$E$49+('THAM_SO_MOI'!$F$49-'THAM_SO_MOI'!$E$49)*9/'THAM_SO_MOI'!$C$42 -> 1.280798 | G15: =3.6*F15 -> 4.6108728 | H15: ='THAM_SO_MOI'!$D$49 -> 3.1625 | I15: =IF(F15>'THAM_SO_MOI'!$C$14,'THAM_SO_MOI'!$C$13*(1+F15^2/1500),'THAM_SO_MOI'!$C$13) -> 0.015 | J15: ='THAM_SO_MOI'!$C$40*('THAM_SO_MOI'!$C$23*(E15/'THAM_SO_MOI'!$C$22)+'THAM_SO_MOI'!$C$24*(E15/'THAM_SO_MOI'!$C$22)^2-'THAM_SO_MOI'!$C$25*(E15/'THAM_SO_MOI'!$C$22)^3) -> 29.387619 | K15: ='THAM_SO_MOI'!$C$31*J15/E15 -> 342.19328 | L15: =K15*'THAM_SO_MOI'!$C$49*'THAM_SO_MOI'!$C$17/'THAM_SO_MOI'!$C$26 -> 19506.737 | M15: ='THAM_SO_MOI'!$C$15*'THAM_SO_MOI'!$C$16*F15^2 -> 4.7982972 | N15: ='THAM_SO_MOI'!$C$12*I15 -> 1130.112 | O15: =M15+N15 -> 1134.9103 | P15: =(MIN(L15,'THAM_SO_MOI'!$C$41)-O15)/('THAM_SO_MOI'!$C$11*H15) -> 0.75641578 | Q15: =IF(P15>0,1/P15,NA()) -> 1.3220243 | R15: =F15-F14 -> 0.0035133136 | S15: =0.5*(Q14+Q15)*R15 -> 0.004646804 | T15: =0.5*(F14*Q14+F15*Q15)*R15 -> 0.0059434507 | U15: =U14+S15 -> 0.041975271 | V15: =V14+T15 -> 0.053097278
A16: Kéo 1 | B16: 1 | C16: kéo | D16: low | E16: =60*F16*'THAM_SO_MOI'!$C$49/(2*PI()*'THAM_SO_MOI'!$C$26) -> 822.5 | F16: ='THAM_SO_MOI'!$E$49+('THAM_SO_MOI'!$F$49-'THAM_SO_MOI'!$E$49)*10/'THAM_SO_MOI'!$C$42 -> 1.2843113 | G16: =3.6*F16 -> 4.6235207 | H16: ='THAM_SO_MOI'!$D$49 -> 3.1625 | I16: =IF(F16>'THAM_SO_MOI'!$C$14,'THAM_SO_MOI'!$C$13*(1+F16^2/1500),'THAM_SO_MOI'!$C$13) -> 0.015 | J16: ='THAM_SO_MOI'!$C$40*('THAM_SO_MOI'!$C$23*(E16/'THAM_SO_MOI'!$C$22)+'THAM_SO_MOI'!$C$24*(E16/'THAM_SO_MOI'!$C$22)^2-'THAM_SO_MOI'!$C$25*(E16/'THAM_SO_MOI'!$C$22)^3) -> 29.493519 | K16: ='THAM_SO_MOI'!$C$31*J16/E16 -> 342.48694 | L16: =K16*'THAM_SO_MOI'!$C$49*'THAM_SO_MOI'!$C$17/'THAM_SO_MOI'!$C$26 -> 19523.476 | M16: ='THAM_SO_MOI'!$C$15*'THAM_SO_MOI'!$C$16*F16^2 -> 4.8246574 | N16: ='THAM_SO_MOI'!$C$12*I16 -> 1130.112 | O16: =M16+N16 -> 1134.9367 | P16: =(MIN(L16,'THAM_SO_MOI'!$C$41)-O16)/('THAM_SO_MOI'!$C$11*H16) -> 0.75710391 | Q16: =IF(P16>0,1/P16,NA()) -> 1.3208227 | R16: =F16-F15 -> 0.0035133136 | S16: =0.5*(Q15+Q16)*R16 -> 0.004642575 | T16: =0.5*(F15*Q15+F16*Q16)*R16 -> 0.0059543525 | U16: =U15+S16 -> 0.046617846 | V16: =V15+T16 -> 0.059051631
A17: Kéo 1 | B17: 1 | C17: kéo | D17: low | E17: =60*F17*'THAM_SO_MOI'!$C$49/(2*PI()*'THAM_SO_MOI'!$C$26) -> 824.75 | F17: ='THAM_SO_MOI'!$E$49+('THAM_SO_MOI'!$F$49-'THAM_SO_MOI'!$E$49)*11/'THAM_SO_MOI'!$C$42 -> 1.2878246 | G17: =3.6*F17 -> 4.6361686 | H17: ='THAM_SO_MOI'!$D$49 -> 3.1625 | I17: =IF(F17>'THAM_SO_MOI'!$C$14,'THAM_SO_MOI'!$C$13*(1+F17^2/1500),'THAM_SO_MOI'!$C$13) -> 0.015 | J17: ='THAM_SO_MOI'!$C$40*('THAM_SO_MOI'!$C$23*(E17/'THAM_SO_MOI'!$C$22)+'THAM_SO_MOI'!$C$24*(E17/'THAM_SO_MOI'!$C$22)^2-'THAM_SO_MOI'!$C$25*(E17/'THAM_SO_MOI'!$C$22)^3) -> 29.599516 | K17: ='THAM_SO_MOI'!$C$31*J17/E17 -> 342.7801 | L17: =K17*'THAM_SO_MOI'!$C$49*'THAM_SO_MOI'!$C$17/'THAM_SO_MOI'!$C$26 -> 19540.188 | M17: ='THAM_SO_MOI'!$C$15*'THAM_SO_MOI'!$C$16*F17^2 -> 4.8510899 | N17: ='THAM_SO_MOI'!$C$12*I17 -> 1130.112 | O17: =M17+N17 -> 1134.9631 | P17: =(MIN(L17,'THAM_SO_MOI'!$C$41)-O17)/('THAM_SO_MOI'!$C$11*H17) -> 0.75779089 | Q17: =IF(P17>0,1/P17,NA()) -> 1.3196253 | R17: =F17-F16 -> 0.0035133136 | S17: =0.5*(Q16+Q17)*R17 -> 0.0046383608 | T17: =0.5*(F16*Q16+F17*Q17)*R17 -> 0.0059652435 | U17: =U16+S17 -> 0.051256207 | V17: =V16+T17 -> 0.065016874
A18: Kéo 1 | B18: 1 | C18: kéo | D18: low | E18: =60*F18*'THAM_SO_MOI'!$C$49/(2*PI()*'THAM_SO_MOI'!$C$26) -> 827 | F18: ='THAM_SO_MOI'!$E$49+('THAM_SO_MOI'!$F$49-'THAM_SO_MOI'!$E$49)*12/'THAM_SO_MOI'!$C$42 -> 1.2913379 | G18: =3.6*F18 -> 4.6488166 | H18: ='THAM_SO_MOI'!$D$49 -> 3.1625 | I18: =IF(F18>'THAM_SO_MOI'!$C$14,'THAM_SO_MOI'!$C$13*(1+F18^2/1500),'THAM_SO_MOI'!$C$13) -> 0.015 | J18: ='THAM_SO_MOI'!$C$40*('THAM_SO_MOI'!$C$23*(E18/'THAM_SO_MOI'!$C$22)+'THAM_SO_MOI'!$C$24*(E18/'THAM_SO_MOI'!$C$22)^2-'THAM_SO_MOI'!$C$25*(E18/'THAM_SO_MOI'!$C$22)^3) -> 29.705608 | K18: ='THAM_SO_MOI'!$C$31*J18/E18 -> 343.07277 | L18: =K18*'THAM_SO_MOI'!$C$49*'THAM_SO_MOI'!$C$17/'THAM_SO_MOI'!$C$26 -> 19556.872 | M18: ='THAM_SO_MOI'!$C$15*'THAM_SO_MOI'!$C$16*F18^2 -> 4.8775945 | N18: ='THAM_SO_MOI'!$C$12*I18 -> 1130.112 | O18: =M18+N18 -> 1134.9896 | P18: =(MIN(L18,'THAM_SO_MOI'!$C$41)-O18)/('THAM_SO_MOI'!$C$11*H18) -> 0.75847672 | Q18: =IF(P18>0,1/P18,NA()) -> 1.318432 | R18: =F18-F17 -> 0.0035133136 | S18: =0.5*(Q17+Q18)*R18 -> 0.0046341613 | T18: =0.5*(F17*Q17+F18*Q18)*R18 -> 0.0059761239 | U18: =U17+S18 -> 0.055890368 | V18: =V17+T18 -> 0.070992998
A19: Kéo 1 | B19: 1 | C19: kéo | D19: low | E19: =60*F19*'THAM_SO_MOI'!$C$49/(2*PI()*'THAM_SO_MOI'!$C$26) -> 829.25 | F19: ='THAM_SO_MOI'!$E$49+('THAM_SO_MOI'!$F$49-'THAM_SO_MOI'!$E$49)*13/'THAM_SO_MOI'!$C$42 -> 1.2948512 | G19: =3.6*F19 -> 4.6614645 | H19: ='THAM_SO_MOI'!$D$49 -> 3.1625 | I19: =IF(F19>'THAM_SO_MOI'!$C$14,'THAM_SO_MOI'!$C$13*(1+F19^2/1500),'THAM_SO_MOI'!$C$13) -> 0.015 | J19: ='THAM_SO_MOI'!$C$40*('THAM_SO_MOI'!$C$23*(E19/'THAM_SO_MOI'!$C$22)+'THAM_SO_MOI'!$C$24*(E19/'THAM_SO_MOI'!$C$22)^2-'THAM_SO_MOI'!$C$25*(E19/'THAM_SO_MOI'!$C$22)^3) -> 29.811795 | K19: ='THAM_SO_MOI'!$C$31*J19/E19 -> 343.36495 | L19: =K19*'THAM_SO_MOI'!$C$49*'THAM_SO_MOI'!$C$17/'THAM_SO_MOI'!$C$26 -> 19573.528 | M19: ='THAM_SO_MOI'!$C$15*'THAM_SO_MOI'!$C$16*F19^2 -> 4.9041713 | N19: ='THAM_SO_MOI'!$C$12*I19 -> 1130.112 | O19: =M19+N19 -> 1135.0162 | P19: =(MIN(L19,'THAM_SO_MOI'!$C$41)-O19)/('THAM_SO_MOI'!$C$11*H19) -> 0.75916139 | Q19: =IF(P19>0,1/P19,NA()) -> 1.317243 | R19: =F19-F18 -> 0.0035133136 | S19: =0.5*(Q18+Q19)*R19 -> 0.0046299764 | T19: =0.5*(F18*Q18+F19*Q19)*R19 -> 0.0059869938 | U19: =U18+S19 -> 0.060520345 | V19: =V18+T19 -> 0.076979992
A20: Kéo 1 | B20: 1 | C20: kéo | D20: low | E20: =60*F20*'THAM_SO_MOI'!$C$49/(2*PI()*'THAM_SO_MOI'!$C$26) -> 831.5 | F20: ='THAM_SO_MOI'!$E$49+('THAM_SO_MOI'!$F$49-'THAM_SO_MOI'!$E$49)*14/'THAM_SO_MOI'!$C$42 -> 1.2983646 | G20: =3.6*F20 -> 4.6741124 | H20: ='THAM_SO_MOI'!$D$49 -> 3.1625 | I20: =IF(F20>'THAM_SO_MOI'!$C$14,'THAM_SO_MOI'!$C$13*(1+F20^2/1500),'THAM_SO_MOI'!$C$13) -> 0.015 | J20: ='THAM_SO_MOI'!$C$40*('THAM_SO_MOI'!$C$23*(E20/'THAM_SO_MOI'!$C$22)+'THAM_SO_MOI'!$C$24*(E20/'THAM_SO_MOI'!$C$22)^2-'THAM_SO_MOI'!$C$25*(E20/'THAM_SO_MOI'!$C$22)^3) -> 29.918077 | K20: ='THAM_SO_MOI'!$C$31*J20/E20 -> 343.65664 | L20: =K20*'THAM_SO_MOI'!$C$49*'THAM_SO_MOI'!$C$17/'THAM_SO_MOI'!$C$26 -> 19590.156 | M20: ='THAM_SO_MOI'!$C$15*'THAM_SO_MOI'!$C$16*F20^2 -> 4.9308203 | N20: ='THAM_SO_MOI'!$C$12*I20 -> 1130.112 | O20: =M20+N20 -> 1135.0428 | P20: =(MIN(L20,'THAM_SO_MOI'!$C$41)-O20)/('THAM_SO_MOI'!$C$11*H20) -> 0.7598449 | Q20: =IF(P20>0,1/P20,NA()) -> 1.3160581 | R20: =F20-F19 -> 0.0035133136 | S20: =0.5*(Q19+Q20)*R20 -> 0.0046258062 | T20: =0.5*(F19*Q19+F20*Q20)*R20 -> 0.0059978532 | U20: =U19+S20 -> 0.065146151 | V20: =V19+T20 -> 0.082977845
A21: Kéo 1 | B21: 1 | C21: kéo | D21: low | E21: =60*F21*'THAM_SO_MOI'!$C$49/(2*PI()*'THAM_SO_MOI'!$C$26) -> 833.75 | F21: ='THAM_SO_MOI'!$E$49+('THAM_SO_MOI'!$F$49-'THAM_SO_MOI'!$E$49)*15/'THAM_SO_MOI'!$C$42 -> 1.3018779 | G21: =3.6*F21 -> 4.6867604 | H21: ='THAM_SO_MOI'!$D$49 -> 3.1625 | I21: =IF(F21>'THAM_SO_MOI'!$C$14,'THAM_SO_MOI'!$C$13*(1+F21^2/1500),'THAM_SO_MOI'!$C$13) -> 0.015 | J21: ='THAM_SO_MOI'!$C$40*('THAM_SO_MOI'!$C$23*(E21/'THAM_SO_MOI'!$C$22)+'THAM_SO_MOI'!$C$24*(E21/'THAM_SO_MOI'!$C$22)^2-'THAM_SO_MOI'!$C$25*(E21/'THAM_SO_MOI'!$C$22)^3) -> 30.024454 | K21: ='THAM_SO_MOI'!$C$31*J21/E21 -> 343.94784 | L21: =K21*'THAM_SO_MOI'!$C$49*'THAM_SO_MOI'!$C$17/'THAM_SO_MOI'!$C$26 -> 19606.756 | M21: ='THAM_SO_MOI'!$C$15*'THAM_SO_MOI'!$C$16*F21^2 -> 4.9575416 | N21: ='THAM_SO_MOI'!$C$12*I21 -> 1130.112 | O21: =M21+N21 -> 1135.0695 | P21: =(MIN(L21,'THAM_SO_MOI'!$C$41)-O21)/('THAM_SO_MOI'!$C$11*H21) -> 0.76052726 | Q21: =IF(P21>0,1/P21,NA()) -> 1.3148773 | R21: =F21-F20 -> 0.0035133136 | S21: =0.5*(Q20+Q21)*R21 -> 0.0046216504 | T21: =0.5*(F20*Q20+F21*Q21)*R21 -> 0.0060087021 | U21: =U20+S21 -> 0.069767801 | V21: =V20+T21 -> 0.088986547
A22: Kéo 1 | B22: 1 | C22: kéo | D22: low | E22: =60*F22*'THAM_SO_MOI'!$C$49/(2*PI()*'THAM_SO_MOI'!$C$26) -> 836 | F22: ='THAM_SO_MOI'!$E$49+('THAM_SO_MOI'!$F$49-'THAM_SO_MOI'!$E$49)*16/'THAM_SO_MOI'!$C$42 -> 1.3053912 | G22: =3.6*F22 -> 4.6994083 | H22: ='THAM_SO_MOI'!$D$49 -> 3.1625 | I22: =IF(F22>'THAM_SO_MOI'!$C$14,'THAM_SO_MOI'!$C$13*(1+F22^2/1500),'THAM_SO_MOI'!$C$13) -> 0.015 | J22: ='THAM_SO_MOI'!$C$40*('THAM_SO_MOI'!$C$23*(E22/'THAM_SO_MOI'!$C$22)+'THAM_SO_MOI'!$C$24*(E22/'THAM_SO_MOI'!$C$22)^2-'THAM_SO_MOI'!$C$25*(E22/'THAM_SO_MOI'!$C$22)^3) -> 30.130925 | K22: ='THAM_SO_MOI'!$C$31*J22/E22 -> 344.23855 | L22: =K22*'THAM_SO_MOI'!$C$49*'THAM_SO_MOI'!$C$17/'THAM_SO_MOI'!$C$26 -> 19623.327 | M22: ='THAM_SO_MOI'!$C$15*'THAM_SO_MOI'!$C$16*F22^2 -> 4.984335 | N22: ='THAM_SO_MOI'!$C$12*I22 -> 1130.112 | O22: =M22+N22 -> 1135.0963 | P22: =(MIN(L22,'THAM_SO_MOI'!$C$41)-O22)/('THAM_SO_MOI'!$C$11*H22) -> 0.76120846 | Q22: =IF(P22>0,1/P22,NA()) -> 1.3137006 | R22: =F22-F21 -> 0.0035133136 | S22: =0.5*(Q21+Q22)*R22 -> 0.0046175092 | T22: =0.5*(F21*Q21+F22*Q22)*R22 -> 0.0060195408 | U22: =U21+S22 -> 0.07438531 | V22: =V21+T22 -> 0.095006088
A23: Kéo 1 | B23: 1 | C23: kéo | D23: low | E23: =60*F23*'THAM_SO_MOI'!$C$49/(2*PI()*'THAM_SO_MOI'!$C$26) -> 838.25 | F23: ='THAM_SO_MOI'!$E$49+('THAM_SO_MOI'!$F$49-'THAM_SO_MOI'!$E$49)*17/'THAM_SO_MOI'!$C$42 -> 1.3089045 | G23: =3.6*F23 -> 4.7120562 | H23: ='THAM_SO_MOI'!$D$49 -> 3.1625 | I23: =IF(F23>'THAM_SO_MOI'!$C$14,'THAM_SO_MOI'!$C$13*(1+F23^2/1500),'THAM_SO_MOI'!$C$13) -> 0.015 | J23: ='THAM_SO_MOI'!$C$40*('THAM_SO_MOI'!$C$23*(E23/'THAM_SO_MOI'!$C$22)+'THAM_SO_MOI'!$C$24*(E23/'THAM_SO_MOI'!$C$22)^2-'THAM_SO_MOI'!$C$25*(E23/'THAM_SO_MOI'!$C$22)^3) -> 30.23749 | K23: ='THAM_SO_MOI'!$C$31*J23/E23 -> 344.52877 | L23: =K23*'THAM_SO_MOI'!$C$49*'THAM_SO_MOI'!$C$17/'THAM_SO_MOI'!$C$26 -> 19639.871 | M23: ='THAM_SO_MOI'!$C$15*'THAM_SO_MOI'!$C$16*F23^2 -> 5.0112007 | N23: ='THAM_SO_MOI'!$C$12*I23 -> 1130.112 | O23: =M23+N23 -> 1135.1232 | P23: =(MIN(L23,'THAM_SO_MOI'!$C$41)-O23)/('THAM_SO_MOI'!$C$11*H23) -> 0.76188851 | Q23: =IF(P23>0,1/P23,NA()) -> 1.312528 | R23: =F23-F22 -> 0.0035133136 | S23: =0.5*(Q22+Q23)*R23 -> 0.0046133823 | T23: =0.5*(F22*Q22+F23*Q23)*R23 -> 0.0060303691 | U23: =U22+S23 -> 0.078998693 | V23: =V22+T23 -> 0.10103646
A24: Kéo 1 | B24: 1 | C24: kéo | D24: low | E24: =60*F24*'THAM_SO_MOI'!$C$49/(2*PI()*'THAM_SO_MOI'!$C$26) -> 840.5 | F24: ='THAM_SO_MOI'!$E$49+('THAM_SO_MOI'!$F$49-'THAM_SO_MOI'!$E$49)*18/'THAM_SO_MOI'!$C$42 -> 1.3124178 | G24: =3.6*F24 -> 4.7247041 | H24: ='THAM_SO_MOI'!$D$49 -> 3.1625 | I24: =IF(F24>'THAM_SO_MOI'!$C$14,'THAM_SO_MOI'!$C$13*(1+F24^2/1500),'THAM_SO_MOI'!$C$13) -> 0.015 | J24: ='THAM_SO_MOI'!$C$40*('THAM_SO_MOI'!$C$23*(E24/'THAM_SO_MOI'!$C$22)+'THAM_SO_MOI'!$C$24*(E24/'THAM_SO_MOI'!$C$22)^2-'THAM_SO_MOI'!$C$25*(E24/'THAM_SO_MOI'!$C$22)^3) -> 30.344148 | K24: ='THAM_SO_MOI'!$C$31*J24/E24 -> 344.8185 | L24: =K24*'THAM_SO_MOI'!$C$49*'THAM_SO_MOI'!$C$17/'THAM_SO_MOI'!$C$26 -> 19656.387 | M24: ='THAM_SO_MOI'!$C$15*'THAM_SO_MOI'!$C$16*F24^2 -> 5.0381385 | N24: ='THAM_SO_MOI'!$C$12*I24 -> 1130.112 | O24: =M24+N24 -> 1135.1501 | P24: =(MIN(L24,'THAM_SO_MOI'!$C$41)-O24)/('THAM_SO_MOI'!$C$11*H24) -> 0.7625674 | Q24: =IF(P24>0,1/P24,NA()) -> 1.3113595 | R24: =F24-F23 -> 0.0035133136 | S24: =0.5*(Q23+Q24)*R24 -> 0.0046092698 | T24: =0.5*(F23*Q23+F24*Q24)*R24 -> 0.0060411873 | U24: =U23+S24 -> 0.083607963 | V24: =V23+T24 -> 0.10707764
A25: Kéo 1 | B25: 1 | C25: kéo | D25: low | E25: =60*F25*'THAM_SO_MOI'!$C$49/(2*PI()*'THAM_SO_MOI'!$C$26) -> 842.75 | F25: ='THAM_SO_MOI'!$E$49+('THAM_SO_MOI'!$F$49-'THAM_SO_MOI'!$E$49)*19/'THAM_SO_MOI'!$C$42 -> 1.3159311 | G25: =3.6*F25 -> 4.7373521 | H25: ='THAM_SO_MOI'!$D$49 -> 3.1625 | I25: =IF(F25>'THAM_SO_MOI'!$C$14,'THAM_SO_MOI'!$C$13*(1+F25^2/1500),'THAM_SO_MOI'!$C$13) -> 0.015 | J25: ='THAM_SO_MOI'!$C$40*('THAM_SO_MOI'!$C$23*(E25/'THAM_SO_MOI'!$C$22)+'THAM_SO_MOI'!$C$24*(E25/'THAM_SO_MOI'!$C$22)^2-'THAM_SO_MOI'!$C$25*(E25/'THAM_SO_MOI'!$C$22)^3) -> 30.4509 | K25: ='THAM_SO_MOI'!$C$31*J25/E25 -> 345.10773 | L25: =K25*'THAM_SO_MOI'!$C$49*'THAM_SO_MOI'!$C$17/'THAM_SO_MOI'!$C$26 -> 19672.875 | M25: ='THAM_SO_MOI'!$C$15*'THAM_SO_MOI'!$C$16*F25^2 -> 5.0651486 | N25: ='THAM_SO_MOI'!$C$12*I25 -> 1130.112 | O25: =M25+N25 -> 1135.1771 | P25: =(MIN(L25,'THAM_SO_MOI'!$C$41)-O25)/('THAM_SO_MOI'!$C$11*H25) -> 0.76324513 | Q25: =IF(P25>0,1/P25,NA()) -> 1.3101951 | R25: =F25-F24 -> 0.0035133136 | S25: =0.5*(Q24+Q25)*R25 -> 0.0046051716 | T25: =0.5*(F24*Q24+F25*Q25)*R25 -> 0.0060519954 | U25: =U24+S25 -> 0.088213134 | V25: =V24+T25 -> 0.11312964
A26: Kéo 1 | B26: 1 | C26: kéo | D26: low | E26: =60*F26*'THAM_SO_MOI'!$C$49/(2*PI()*'THAM_SO_MOI'!$C$26) -> 845 | F26: ='THAM_SO_MOI'!$E$49+('THAM_SO_MOI'!$F$49-'THAM_SO_MOI'!$E$49)*20/'THAM_SO_MOI'!$C$42 -> 1.3194444 | G26: =3.6*F26 -> 4.75 | H26: ='THAM_SO_MOI'!$D$49 -> 3.1625 | I26: =IF(F26>'THAM_SO_MOI'!$C$14,'THAM_SO_MOI'!$C$13*(1+F26^2/1500),'THAM_SO_MOI'!$C$13) -> 0.015 | J26: ='THAM_SO_MOI'!$C$40*('THAM_SO_MOI'!$C$23*(E26/'THAM_SO_MOI'!$C$22)+'THAM_SO_MOI'!$C$24*(E26/'THAM_SO_MOI'!$C$22)^2-'THAM_SO_MOI'!$C$25*(E26/'THAM_SO_MOI'!$C$22)^3) -> 30.557744 | K26: ='THAM_SO_MOI'!$C$31*J26/E26 -> 345.39647 | L26: =K26*'THAM_SO_MOI'!$C$49*'THAM_SO_MOI'!$C$17/'THAM_SO_MOI'!$C$26 -> 19689.335 | M26: ='THAM_SO_MOI'!$C$15*'THAM_SO_MOI'!$C$16*F26^2 -> 5.0922309 | N26: ='THAM_SO_MOI'!$C$12*I26 -> 1130.112 | O26: =M26+N26 -> 1135.2042 | P26: =(MIN(L26,'THAM_SO_MOI'!$C$41)-O26)/('THAM_SO_MOI'!$C$11*H26) -> 0.76392171 | Q26: =IF(P26>0,1/P26,NA()) -> 1.3090347 | R26: =F26-F25 -> 0.0035133136 | S26: =0.5*(Q25+Q26)*R26 -> 0.0046010877 | T26: =0.5*(F25*Q25+F26*Q26)*R26 -> 0.0060627935 | U26: =U25+S26 -> 0.092814222 | V26: =V25+T26 -> 0.11919243
A27: Kéo 1 | B27: 1 | C27: kéo | D27: low | E27: =60*F27*'THAM_SO_MOI'!$C$49/(2*PI()*'THAM_SO_MOI'!$C$26) -> 847.25 | F27: ='THAM_SO_MOI'!$E$49+('THAM_SO_MOI'!$F$49-'THAM_SO_MOI'!$E$49)*21/'THAM_SO_MOI'!$C$42 -> 1.3229578 | G27: =3.6*F27 -> 4.7626479 | H27: ='THAM_SO_MOI'!$D$49 -> 3.1625 | I27: =IF(F27>'THAM_SO_MOI'!$C$14,'THAM_SO_MOI'!$C$13*(1+F27^2/1500),'THAM_SO_MOI'!$C$13) -> 0.015 | J27: ='THAM_SO_MOI'!$C$40*('THAM_SO_MOI'!$C$23*(E27/'THAM_SO_MOI'!$C$22)+'THAM_SO_MOI'!$C$24*(E27/'THAM_SO_MOI'!$C$22)^2-'THAM_SO_MOI'!$C$25*(E27/'THAM_SO_MOI'!$C$22)^3) -> 30.664681 | K27: ='THAM_SO_MOI'!$C$31*J27/E27 -> 345.68473 | L27: =K27*'THAM_SO_MOI'!$C$49*'THAM_SO_MOI'!$C$17/'THAM_SO_MOI'!$C$26 -> 19705.767 | M27: ='THAM_SO_MOI'!$C$15*'THAM_SO_MOI'!$C$16*F27^2 -> 5.1193854 | N27: ='THAM_SO_MOI'!$C$12*I27 -> 1130.112 | O27: =M27+N27 -> 1135.2314 | P27: =(MIN(L27,'THAM_SO_MOI'!$C$41)-O27)/('THAM_SO_MOI'!$C$11*H27) -> 0.76459714 | Q27: =IF(P27>0,1/P27,NA()) -> 1.3078783 | R27: =F27-F26 -> 0.0035133136 | S27: =0.5*(Q26+Q27)*R27 -> 0.004597018 | T27: =0.5*(F26*Q26+F27*Q27)*R27 -> 0.0060735816 | U27: =U26+S27 -> 0.09741124 | V27: =V26+T27 -> 0.12526602
A28: Kéo 1 | B28: 1 | C28: kéo | D28: low | E28: =60*F28*'THAM_SO_MOI'!$C$49/(2*PI()*'THAM_SO_MOI'!$C$26) -> 849.5 | F28: ='THAM_SO_MOI'!$E$49+('THAM_SO_MOI'!$F$49-'THAM_SO_MOI'!$E$49)*22/'THAM_SO_MOI'!$C$42 -> 1.3264711 | G28: =3.6*F28 -> 4.7752959 | H28: ='THAM_SO_MOI'!$D$49 -> 3.1625 | I28: =IF(F28>'THAM_SO_MOI'!$C$14,'THAM_SO_MOI'!$C$13*(1+F28^2/1500),'THAM_SO_MOI'!$C$13) -> 0.015 | J28: ='THAM_SO_MOI'!$C$40*('THAM_SO_MOI'!$C$23*(E28/'THAM_SO_MOI'!$C$22)+'THAM_SO_MOI'!$C$24*(E28/'THAM_SO_MOI'!$C$22)^2-'THAM_SO_MOI'!$C$25*(E28/'THAM_SO_MOI'!$C$22)^3) -> 30.77171 | K28: ='THAM_SO_MOI'!$C$31*J28/E28 -> 345.97249 | L28: =K28*'THAM_SO_MOI'!$C$49*'THAM_SO_MOI'!$C$17/'THAM_SO_MOI'!$C$26 -> 19722.17 | M28: ='THAM_SO_MOI'!$C$15*'THAM_SO_MOI'!$C$16*F28^2 -> 5.1466121 | N28: ='THAM_SO_MOI'!$C$12*I28 -> 1130.112 | O28: =M28+N28 -> 1135.2586 | P28: =(MIN(L28,'THAM_SO_MOI'!$C$41)-O28)/('THAM_SO_MOI'!$C$11*H28) -> 0.7652714 | Q28: =IF(P28>0,1/P28,NA()) -> 1.3067259 | R28: =F28-F27 -> 0.0035133136 | S28: =0.5*(Q27+Q28)*R28 -> 0.0045929623 | T28: =0.5*(F27*Q27+F28*Q28)*R28 -> 0.0060843599 | U28: =U27+S28 -> 0.1020042 | V28: =V27+T28 -> 0.13135037
A29: Kéo 1 | B29: 1 | C29: kéo | D29: low | E29: =60*F29*'THAM_SO_MOI'!$C$49/(2*PI()*'THAM_SO_MOI'!$C$26) -> 851.75 | F29: ='THAM_SO_MOI'!$E$49+('THAM_SO_MOI'!$F$49-'THAM_SO_MOI'!$E$49)*23/'THAM_SO_MOI'!$C$42 -> 1.3299844 | G29: =3.6*F29 -> 4.7879438 | H29: ='THAM_SO_MOI'!$D$49 -> 3.1625 | I29: =IF(F29>'THAM_SO_MOI'!$C$14,'THAM_SO_MOI'!$C$13*(1+F29^2/1500),'THAM_SO_MOI'!$C$13) -> 0.015 | J29: ='THAM_SO_MOI'!$C$40*('THAM_SO_MOI'!$C$23*(E29/'THAM_SO_MOI'!$C$22)+'THAM_SO_MOI'!$C$24*(E29/'THAM_SO_MOI'!$C$22)^2-'THAM_SO_MOI'!$C$25*(E29/'THAM_SO_MOI'!$C$22)^3) -> 30.878831 | K29: ='THAM_SO_MOI'!$C$31*J29/E29 -> 346.25976 | L29: =K29*'THAM_SO_MOI'!$C$49*'THAM_SO_MOI'!$C$17/'THAM_SO_MOI'!$C$26 -> 19738.546 | M29: ='THAM_SO_MOI'!$C$15*'THAM_SO_MOI'!$C$16*F29^2 -> 5.173911 | N29: ='THAM_SO_MOI'!$C$12*I29 -> 1130.112 | O29: =M29+N29 -> 1135.2859 | P29: =(MIN(L29,'THAM_SO_MOI'!$C$41)-O29)/('THAM_SO_MOI'!$C$11*H29) -> 0.76594452 | Q29: =IF(P29>0,1/P29,NA()) -> 1.3055776 | R29: =F29-F28 -> 0.0035133136 | S29: =0.5*(Q28+Q29)*R29 -> 0.0045889208 | T29: =0.5*(F28*Q28+F29*Q29)*R29 -> 0.0060951283 | U29: =U28+S29 -> 0.10659312 | V29: =V28+T29 -> 0.1374455
A30: Kéo 1 | B30: 1 | C30: kéo | D30: low | E30: =60*F30*'THAM_SO_MOI'!$C$49/(2*PI()*'THAM_SO_MOI'!$C$26) -> 854 | F30: ='THAM_SO_MOI'!$E$49+('THAM_SO_MOI'!$F$49-'THAM_SO_MOI'!$E$49)*24/'THAM_SO_MOI'!$C$42 -> 1.3334977 | G30: =3.6*F30 -> 4.8005917 | H30: ='THAM_SO_MOI'!$D$49 -> 3.1625 | I30: =IF(F30>'THAM_SO_MOI'!$C$14,'THAM_SO_MOI'!$C$13*(1+F30^2/1500),'THAM_SO_MOI'!$C$13) -> 0.015 | J30: ='THAM_SO_MOI'!$C$40*('THAM_SO_MOI'!$C$23*(E30/'THAM_SO_MOI'!$C$22)+'THAM_SO_MOI'!$C$24*(E30/'THAM_SO_MOI'!$C$22)^2-'THAM_SO_MOI'!$C$25*(E30/'THAM_SO_MOI'!$C$22)^3) -> 30.986043 | K30: ='THAM_SO_MOI'!$C$31*J30/E30 -> 346.54654 | L30: =K30*'THAM_SO_MOI'!$C$49*'THAM_SO_MOI'!$C$17/'THAM_SO_MOI'!$C$26 -> 19754.894 | M30: ='THAM_SO_MOI'!$C$15*'THAM_SO_MOI'!$C$16*F30^2 -> 5.2012821 | N30: ='THAM_SO_MOI'!$C$12*I30 -> 1130.112 | O30: =M30+N30 -> 1135.3133 | P30: =(MIN(L30,'THAM_SO_MOI'!$C$41)-O30)/('THAM_SO_MOI'!$C$11*H30) -> 0.76661647 | Q30: =IF(P30>0,1/P30,NA()) -> 1.3044332 | R30: =F30-F29 -> 0.0035133136 | S30: =0.5*(Q29+Q30)*R30 -> 0.0045848933 | T30: =0.5*(F29*Q29+F30*Q30)*R30 -> 0.006105887 | U30: =U29+S30 -> 0.11117802 | V30: =V29+T30 -> 0.14355139
A31: Kéo 1 | B31: 1 | C31: kéo | D31: low | E31: =60*F31*'THAM_SO_MOI'!$C$49/(2*PI()*'THAM_SO_MOI'!$C$26) -> 856.25 | F31: ='THAM_SO_MOI'!$E$49+('THAM_SO_MOI'!$F$49-'THAM_SO_MOI'!$E$49)*25/'THAM_SO_MOI'!$C$42 -> 1.337011 | G31: =3.6*F31 -> 4.8132396 | H31: ='THAM_SO_MOI'!$D$49 -> 3.1625 | I31: =IF(F31>'THAM_SO_MOI'!$C$14,'THAM_SO_MOI'!$C$13*(1+F31^2/1500),'THAM_SO_MOI'!$C$13) -> 0.015 | J31: ='THAM_SO_MOI'!$C$40*('THAM_SO_MOI'!$C$23*(E31/'THAM_SO_MOI'!$C$22)+'THAM_SO_MOI'!$C$24*(E31/'THAM_SO_MOI'!$C$22)^2-'THAM_SO_MOI'!$C$25*(E31/'THAM_SO_MOI'!$C$22)^3) -> 31.093346 | K31: ='THAM_SO_MOI'!$C$31*J31/E31 -> 346.83283 | L31: =K31*'THAM_SO_MOI'!$C$49*'THAM_SO_MOI'!$C$17/'THAM_SO_MOI'!$C$26 -> 19771.214 | M31: ='THAM_SO_MOI'!$C$15*'THAM_SO_MOI'!$C$16*F31^2 -> 5.2287255 | N31: ='THAM_SO_MOI'!$C$12*I31 -> 1130.112 | O31: =M31+N31 -> 1135.3407 | P31: =(MIN(L31,'THAM_SO_MOI'!$C$41)-O31)/('THAM_SO_MOI'!$C$11*H31) -> 0.76728727 | Q31: =IF(P31>0,1/P31,NA()) -> 1.3032928 | R31: =F31-F30 -> 0.0035133136 | S31: =0.5*(Q30+Q31)*R31 -> 0.0045808797 | T31: =0.5*(F30*Q30+F31*Q31)*R31 -> 0.0061166361 | U31: =U30+S31 -> 0.1157589 | V31: =V30+T31 -> 0.14966803
A32: Kéo 1 | B32: 1 | C32: kéo | D32: low | E32: =60*F32*'THAM_SO_MOI'!$C$49/(2*PI()*'THAM_SO_MOI'!$C$26) -> 858.5 | F32: ='THAM_SO_MOI'!$E$49+('THAM_SO_MOI'!$F$49-'THAM_SO_MOI'!$E$49)*26/'THAM_SO_MOI'!$C$42 -> 1.3405243 | G32: =3.6*F32 -> 4.8258876 | H32: ='THAM_SO_MOI'!$D$49 -> 3.1625 | I32: =IF(F32>'THAM_SO_MOI'!$C$14,'THAM_SO_MOI'!$C$13*(1+F32^2/1500),'THAM_SO_MOI'!$C$13) -> 0.015 | J32: ='THAM_SO_MOI'!$C$40*('THAM_SO_MOI'!$C$23*(E32/'THAM_SO_MOI'!$C$22)+'THAM_SO_MOI'!$C$24*(E32/'THAM_SO_MOI'!$C$22)^2-'THAM_SO_MOI'!$C$25*(E32/'THAM_SO_MOI'!$C$22)^3) -> 31.20074 | K32: ='THAM_SO_MOI'!$C$31*J32/E32 -> 347.11862 | L32: =K32*'THAM_SO_MOI'!$C$49*'THAM_SO_MOI'!$C$17/'THAM_SO_MOI'!$C$26 -> 19787.506 | M32: ='THAM_SO_MOI'!$C$15*'THAM_SO_MOI'!$C$16*F32^2 -> 5.256241 | N32: ='THAM_SO_MOI'!$C$12*I32 -> 1130.112 | O32: =M32+N32 -> 1135.3682 | P32: =(MIN(L32,'THAM_SO_MOI'!$C$41)-O32)/('THAM_SO_MOI'!$C$11*H32) -> 0.76795692 | Q32: =IF(P32>0,1/P32,NA()) -> 1.3021564 | R32: =F32-F31 -> 0.0035133136 | S32: =0.5*(Q31+Q32)*R32 -> 0.0045768801 | T32: =0.5*(F31*Q31+F32*Q32)*R32 -> 0.0061273756 | U32: =U31+S32 -> 0.12033578 | V32: =V31+T32 -> 0.1557954
A33: Kéo 1 | B33: 1 | C33: kéo | D33: low | E33: =60*F33*'THAM_SO_MOI'!$C$49/(2*PI()*'THAM_SO_MOI'!$C$26) -> 860.75 | F33: ='THAM_SO_MOI'!$E$49+('THAM_SO_MOI'!$F$49-'THAM_SO_MOI'!$E$49)*27/'THAM_SO_MOI'!$C$42 -> 1.3440376 | G33: =3.6*F33 -> 4.8385355 | H33: ='THAM_SO_MOI'!$D$49 -> 3.1625 | I33: =IF(F33>'THAM_SO_MOI'!$C$14,'THAM_SO_MOI'!$C$13*(1+F33^2/1500),'THAM_SO_MOI'!$C$13) -> 0.015 | J33: ='THAM_SO_MOI'!$C$40*('THAM_SO_MOI'!$C$23*(E33/'THAM_SO_MOI'!$C$22)+'THAM_SO_MOI'!$C$24*(E33/'THAM_SO_MOI'!$C$22)^2-'THAM_SO_MOI'!$C$25*(E33/'THAM_SO_MOI'!$C$22)^3) -> 31.308224 | K33: ='THAM_SO_MOI'!$C$31*J33/E33 -> 347.40393 | L33: =K33*'THAM_SO_MOI'!$C$49*'THAM_SO_MOI'!$C$17/'THAM_SO_MOI'!$C$26 -> 19803.77 | M33: ='THAM_SO_MOI'!$C$15*'THAM_SO_MOI'!$C$16*F33^2 -> 5.2838287 | N33: ='THAM_SO_MOI'!$C$12*I33 -> 1130.112 | O33: =M33+N33 -> 1135.3958 | P33: =(MIN(L33,'THAM_SO_MOI'!$C$41)-O33)/('THAM_SO_MOI'!$C$11*H33) -> 0.76862541 | Q33: =IF(P33>0,1/P33,NA()) -> 1.3010239 | R33: =F33-F32 -> 0.0035133136 | S33: =0.5*(Q32+Q33)*R33 -> 0.0045728943 | T33: =0.5*(F32*Q32+F33*Q33)*R33 -> 0.0061381055 | U33: =U32+S33 -> 0.12490867 | V33: =V32+T33 -> 0.16193351
A34: Kéo 1 | B34: 1 | C34: kéo | D34: low | E34: =60*F34*'THAM_SO_MOI'!$C$49/(2*PI()*'THAM_SO_MOI'!$C$26) -> 863 | F34: ='THAM_SO_MOI'!$E$49+('THAM_SO_MOI'!$F$49-'THAM_SO_MOI'!$E$49)*28/'THAM_SO_MOI'!$C$42 -> 1.347551 | G34: =3.6*F34 -> 4.8511834 | H34: ='THAM_SO_MOI'!$D$49 -> 3.1625 | I34: =IF(F34>'THAM_SO_MOI'!$C$14,'THAM_SO_MOI'!$C$13*(1+F34^2/1500),'THAM_SO_MOI'!$C$13) -> 0.015 | J34: ='THAM_SO_MOI'!$C$40*('THAM_SO_MOI'!$C$23*(E34/'THAM_SO_MOI'!$C$22)+'THAM_SO_MOI'!$C$24*(E34/'THAM_SO_MOI'!$C$22)^2-'THAM_SO_MOI'!$C$25*(E34/'THAM_SO_MOI'!$C$22)^3) -> 31.415799 | K34: ='THAM_SO_MOI'!$C$31*J34/E34 -> 347.68874 | L34: =K34*'THAM_SO_MOI'!$C$49*'THAM_SO_MOI'!$C$17/'THAM_SO_MOI'!$C$26 -> 19820.006 | M34: ='THAM_SO_MOI'!$C$15*'THAM_SO_MOI'!$C$16*F34^2 -> 5.3114887 | N34: ='THAM_SO_MOI'!$C$12*I34 -> 1130.112 | O34: =M34+N34 -> 1135.4235 | P34: =(MIN(L34,'THAM_SO_MOI'!$C$41)-O34)/('THAM_SO_MOI'!$C$11*H34) -> 0.76929274 | Q34: =IF(P34>0,1/P34,NA()) -> 1.2998953 | R34: =F34-F33 -> 0.0035133136 | S34: =0.5*(Q33+Q34)*R34 -> 0.0045689223 | T34: =0.5*(F33*Q33+F34*Q34)*R34 -> 0.0061488261 | U34: =U33+S34 -> 0.12947759 | V34: =V33+T34 -> 0.16808233
A35: Kéo 1 | B35: 1 | C35: kéo | D35: low | E35: =60*F35*'THAM_SO_MOI'!$C$49/(2*PI()*'THAM_SO_MOI'!$C$26) -> 865.25 | F35: ='THAM_SO_MOI'!$E$49+('THAM_SO_MOI'!$F$49-'THAM_SO_MOI'!$E$49)*29/'THAM_SO_MOI'!$C$42 -> 1.3510643 | G35: =3.6*F35 -> 4.8638314 | H35: ='THAM_SO_MOI'!$D$49 -> 3.1625 | I35: =IF(F35>'THAM_SO_MOI'!$C$14,'THAM_SO_MOI'!$C$13*(1+F35^2/1500),'THAM_SO_MOI'!$C$13) -> 0.015 | J35: ='THAM_SO_MOI'!$C$40*('THAM_SO_MOI'!$C$23*(E35/'THAM_SO_MOI'!$C$22)+'THAM_SO_MOI'!$C$24*(E35/'THAM_SO_MOI'!$C$22)^2-'THAM_SO_MOI'!$C$25*(E35/'THAM_SO_MOI'!$C$22)^3) -> 31.523463 | K35: ='THAM_SO_MOI'!$C$31*J35/E35 -> 347.97307 | L35: =K35*'THAM_SO_MOI'!$C$49*'THAM_SO_MOI'!$C$17/'THAM_SO_MOI'!$C$26 -> 19836.213 | M35: ='THAM_SO_MOI'!$C$15*'THAM_SO_MOI'!$C$16*F35^2 -> 5.3392209 | N35: ='THAM_SO_MOI'!$C$12*I35 -> 1130.112 | O35: =M35+N35 -> 1135.4512 | P35: =(MIN(L35,'THAM_SO_MOI'!$C$41)-O35)/('THAM_SO_MOI'!$C$11*H35) -> 0.76995892 | Q35: =IF(P35>0,1/P35,NA()) -> 1.2987706 | R35: =F35-F34 -> 0.0035133136 | S35: =0.5*(Q34+Q35)*R35 -> 0.0045649641 | T35: =0.5*(F34*Q34+F35*Q35)*R35 -> 0.0061595373 | U35: =U34+S35 -> 0.13404256 | V35: =V34+T35 -> 0.17424187
A36: Kéo 1 | B36: 1 | C36: kéo | D36: low | E36: =60*F36*'THAM_SO_MOI'!$C$49/(2*PI()*'THAM_SO_MOI'!$C$26) -> 867.5 | F36: ='THAM_SO_MOI'!$E$49+('THAM_SO_MOI'!$F$49-'THAM_SO_MOI'!$E$49)*30/'THAM_SO_MOI'!$C$42 -> 1.3545776 | G36: =3.6*F36 -> 4.8764793 | H36: ='THAM_SO_MOI'!$D$49 -> 3.1625 | I36: =IF(F36>'THAM_SO_MOI'!$C$14,'THAM_SO_MOI'!$C$13*(1+F36^2/1500),'THAM_SO_MOI'!$C$13) -> 0.015 | J36: ='THAM_SO_MOI'!$C$40*('THAM_SO_MOI'!$C$23*(E36/'THAM_SO_MOI'!$C$22)+'THAM_SO_MOI'!$C$24*(E36/'THAM_SO_MOI'!$C$22)^2-'THAM_SO_MOI'!$C$25*(E36/'THAM_SO_MOI'!$C$22)^3) -> 31.631216 | K36: ='THAM_SO_MOI'!$C$31*J36/E36 -> 348.2569 | L36: =K36*'THAM_SO_MOI'!$C$49*'THAM_SO_MOI'!$C$17/'THAM_SO_MOI'!$C$26 -> 19852.393 | M36: ='THAM_SO_MOI'!$C$15*'THAM_SO_MOI'!$C$16*F36^2 -> 5.3670252 | N36: ='THAM_SO_MOI'!$C$12*I36 -> 1130.112 | O36: =M36+N36 -> 1135.479 | P36: =(MIN(L36,'THAM_SO_MOI'!$C$41)-O36)/('THAM_SO_MOI'!$C$11*H36) -> 0.77062394 | Q36: =IF(P36>0,1/P36,NA()) -> 1.2976498 | R36: =F36-F35 -> 0.0035133136 | S36: =0.5*(Q35+Q36)*R36 -> 0.0045610195 | T36: =0.5*(F35*Q35+F36*Q36)*R36 -> 0.0061702392 | U36: =U35+S36 -> 0.13860358 | V36: =V35+T36 -> 0.18041211
A37: Kéo 1 | B37: 1 | C37: kéo | D37: low | E37: =60*F37*'THAM_SO_MOI'!$C$49/(2*PI()*'THAM_SO_MOI'!$C$26) -> 869.75 | F37: ='THAM_SO_MOI'!$E$49+('THAM_SO_MOI'!$F$49-'THAM_SO_MOI'!$E$49)*31/'THAM_SO_MOI'!$C$42 -> 1.3580909 | G37: =3.6*F37 -> 4.8891272 | H37: ='THAM_SO_MOI'!$D$49 -> 3.1625 | I37: =IF(F37>'THAM_SO_MOI'!$C$14,'THAM_SO_MOI'!$C$13*(1+F37^2/1500),'THAM_SO_MOI'!$C$13) -> 0.015 | J37: ='THAM_SO_MOI'!$C$40*('THAM_SO_MOI'!$C$23*(E37/'THAM_SO_MOI'!$C$22)+'THAM_SO_MOI'!$C$24*(E37/'THAM_SO_MOI'!$C$22)^2-'THAM_SO_MOI'!$C$25*(E37/'THAM_SO_MOI'!$C$22)^3) -> 31.739059 | K37: ='THAM_SO_MOI'!$C$31*J37/E37 -> 348.54024 | L37: =K37*'THAM_SO_MOI'!$C$49*'THAM_SO_MOI'!$C$17/'THAM_SO_MOI'!$C$26 -> 19868.545 | M37: ='THAM_SO_MOI'!$C$15*'THAM_SO_MOI'!$C$16*F37^2 -> 5.3949018 | N37: ='THAM_SO_MOI'!$C$12*I37 -> 1130.112 | O37: =M37+N37 -> 1135.5069 | P37: =(MIN(L37,'THAM_SO_MOI'!$C$41)-O37)/('THAM_SO_MOI'!$C$11*H37) -> 0.77128781 | Q37: =IF(P37>0,1/P37,NA()) -> 1.2965329 | R37: =F37-F36 -> 0.0035133136 | S37: =0.5*(Q36+Q37)*R37 -> 0.0045570886 | T37: =0.5*(F36*Q36+F37*Q37)*R37 -> 0.0061809319 | U37: =U36+S37 -> 0.14316066 | V37: =V36+T37 -> 0.18659304
A38: Kéo 1 | B38: 1 | C38: kéo | D38: low | E38: =60*F38*'THAM_SO_MOI'!$C$49/(2*PI()*'THAM_SO_MOI'!$C$26) -> 872 | F38: ='THAM_SO_MOI'!$E$49+('THAM_SO_MOI'!$F$49-'THAM_SO_MOI'!$E$49)*32/'THAM_SO_MOI'!$C$42 -> 1.3616042 | G38: =3.6*F38 -> 4.9017751 | H38: ='THAM_SO_MOI'!$D$49 -> 3.1625 | I38: =IF(F38>'THAM_SO_MOI'!$C$14,'THAM_SO_MOI'!$C$13*(1+F38^2/1500),'THAM_SO_MOI'!$C$13) -> 0.015 | J38: ='THAM_SO_MOI'!$C$40*('THAM_SO_MOI'!$C$23*(E38/'THAM_SO_MOI'!$C$22)+'THAM_SO_MOI'!$C$24*(E38/'THAM_SO_MOI'!$C$22)^2-'THAM_SO_MOI'!$C$25*(E38/'THAM_SO_MOI'!$C$22)^3) -> 31.84699 | K38: ='THAM_SO_MOI'!$C$31*J38/E38 -> 348.82309 | L38: =K38*'THAM_SO_MOI'!$C$49*'THAM_SO_MOI'!$C$17/'THAM_SO_MOI'!$C$26 -> 19884.669 | M38: ='THAM_SO_MOI'!$C$15*'THAM_SO_MOI'!$C$16*F38^2 -> 5.4228506 | N38: ='THAM_SO_MOI'!$C$12*I38 -> 1130.112 | O38: =M38+N38 -> 1135.5349 | P38: =(MIN(L38,'THAM_SO_MOI'!$C$41)-O38)/('THAM_SO_MOI'!$C$11*H38) -> 0.77195052 | Q38: =IF(P38>0,1/P38,NA()) -> 1.2954198 | R38: =F38-F37 -> 0.0035133136 | S38: =0.5*(Q37+Q38)*R38 -> 0.0045531713 | T38: =0.5*(F37*Q37+F38*Q38)*R38 -> 0.0061916154 | U38: =U37+S38 -> 0.14771384 | V38: =V37+T38 -> 0.19278466
A39: Kéo 1 | B39: 1 | C39: kéo | D39: low | E39: =60*F39*'THAM_SO_MOI'!$C$49/(2*PI()*'THAM_SO_MOI'!$C$26) -> 874.25 | F39: ='THAM_SO_MOI'!$E$49+('THAM_SO_MOI'!$F$49-'THAM_SO_MOI'!$E$49)*33/'THAM_SO_MOI'!$C$42 -> 1.3651175 | G39: =3.6*F39 -> 4.9144231 | H39: ='THAM_SO_MOI'!$D$49 -> 3.1625 | I39: =IF(F39>'THAM_SO_MOI'!$C$14,'THAM_SO_MOI'!$C$13*(1+F39^2/1500),'THAM_SO_MOI'!$C$13) -> 0.015 | J39: ='THAM_SO_MOI'!$C$40*('THAM_SO_MOI'!$C$23*(E39/'THAM_SO_MOI'!$C$22)+'THAM_SO_MOI'!$C$24*(E39/'THAM_SO_MOI'!$C$22)^2-'THAM_SO_MOI'!$C$25*(E39/'THAM_SO_MOI'!$C$22)^3) -> 31.955009 | K39: ='THAM_SO_MOI'!$C$31*J39/E39 -> 349.10545 | L39: =K39*'THAM_SO_MOI'!$C$49*'THAM_SO_MOI'!$C$17/'THAM_SO_MOI'!$C$26 -> 19900.765 | M39: ='THAM_SO_MOI'!$C$15*'THAM_SO_MOI'!$C$16*F39^2 -> 5.4508716 | N39: ='THAM_SO_MOI'!$C$12*I39 -> 1130.112 | O39: =M39+N39 -> 1135.5629 | P39: =(MIN(L39,'THAM_SO_MOI'!$C$41)-O39)/('THAM_SO_MOI'!$C$11*H39) -> 0.77261208 | Q39: =IF(P39>0,1/P39,NA()) -> 1.2943106 | R39: =F39-F38 -> 0.0035133136 | S39: =0.5*(Q38+Q39)*R39 -> 0.0045492676 | T39: =0.5*(F38*Q38+F39*Q39)*R39 -> 0.0062022899 | U39: =U38+S39 -> 0.1522631 | V39: =V38+T39 -> 0.19898695
A40: Kéo 1 | B40: 1 | C40: kéo | D40: low | E40: =60*F40*'THAM_SO_MOI'!$C$49/(2*PI()*'THAM_SO_MOI'!$C$26) -> 876.5 | F40: ='THAM_SO_MOI'!$E$49+('THAM_SO_MOI'!$F$49-'THAM_SO_MOI'!$E$49)*34/'THAM_SO_MOI'!$C$42 -> 1.3686308 | G40: =3.6*F40 -> 4.927071 | H40: ='THAM_SO_MOI'!$D$49 -> 3.1625 | I40: =IF(F40>'THAM_SO_MOI'!$C$14,'THAM_SO_MOI'!$C$13*(1+F40^2/1500),'THAM_SO_MOI'!$C$13) -> 0.015 | J40: ='THAM_SO_MOI'!$C$40*('THAM_SO_MOI'!$C$23*(E40/'THAM_SO_MOI'!$C$22)+'THAM_SO_MOI'!$C$24*(E40/'THAM_SO_MOI'!$C$22)^2-'THAM_SO_MOI'!$C$25*(E40/'THAM_SO_MOI'!$C$22)^3) -> 32.063117 | K40: ='THAM_SO_MOI'!$C$31*J40/E40 -> 349.38732 | L40: =K40*'THAM_SO_MOI'!$C$49*'THAM_SO_MOI'!$C$17/'THAM_SO_MOI'!$C$26 -> 19916.833 | M40: ='THAM_SO_MOI'!$C$15*'THAM_SO_MOI'!$C$16*F40^2 -> 5.4789648 | N40: ='THAM_SO_MOI'!$C$12*I40 -> 1130.112 | O40: =M40+N40 -> 1135.591 | P40: =(MIN(L40,'THAM_SO_MOI'!$C$41)-O40)/('THAM_SO_MOI'!$C$11*H40) -> 0.77327248 | Q40: =IF(P40>0,1/P40,NA()) -> 1.2932052 | R40: =F40-F39 -> 0.0035133136 | S40: =0.5*(Q39+Q40)*R40 -> 0.0045453773 | T40: =0.5*(F39*Q39+F40*Q40)*R40 -> 0.0062129554 | U40: =U39+S40 -> 0.15680848 | V40: =V39+T40 -> 0.2051999
A41: Kéo 1 | B41: 1 | C41: kéo | D41: low | E41: =60*F41*'THAM_SO_MOI'!$C$49/(2*PI()*'THAM_SO_MOI'!$C$26) -> 878.75 | F41: ='THAM_SO_MOI'!$E$49+('THAM_SO_MOI'!$F$49-'THAM_SO_MOI'!$E$49)*35/'THAM_SO_MOI'!$C$42 -> 1.3721441 | G41: =3.6*F41 -> 4.9397189 | H41: ='THAM_SO_MOI'!$D$49 -> 3.1625 | I41: =IF(F41>'THAM_SO_MOI'!$C$14,'THAM_SO_MOI'!$C$13*(1+F41^2/1500),'THAM_SO_MOI'!$C$13) -> 0.015 | J41: ='THAM_SO_MOI'!$C$40*('THAM_SO_MOI'!$C$23*(E41/'THAM_SO_MOI'!$C$22)+'THAM_SO_MOI'!$C$24*(E41/'THAM_SO_MOI'!$C$22)^2-'THAM_SO_MOI'!$C$25*(E41/'THAM_SO_MOI'!$C$22)^3) -> 32.171312 | K41: ='THAM_SO_MOI'!$C$31*J41/E41 -> 349.66869 | L41: =K41*'THAM_SO_MOI'!$C$49*'THAM_SO_MOI'!$C$17/'THAM_SO_MOI'!$C$26 -> 19932.873 | M41: ='THAM_SO_MOI'!$C$15*'THAM_SO_MOI'!$C$16*F41^2 -> 5.5071302 | N41: ='THAM_SO_MOI'!$C$12*I41 -> 1130.112 | O41: =M41+N41 -> 1135.6191 | P41: =(MIN(L41,'THAM_SO_MOI'!$C$41)-O41)/('THAM_SO_MOI'!$C$11*H41) -> 0.77393172 | Q41: =IF(P41>0,1/P41,NA()) -> 1.2921036 | R41: =F41-F40 -> 0.0035133136 | S41: =0.5*(Q40+Q41)*R41 -> 0.0045415004 | T41: =0.5*(F40*Q40+F41*Q41)*R41 -> 0.006223612 | U41: =U40+S41 -> 0.16134998 | V41: =V40+T41 -> 0.21142351
A42: Kéo 1 | B42: 1 | C42: kéo | D42: low | E42: =60*F42*'THAM_SO_MOI'!$C$49/(2*PI()*'THAM_SO_MOI'!$C$26) -> 881 | F42: ='THAM_SO_MOI'!$E$49+('THAM_SO_MOI'!$F$49-'THAM_SO_MOI'!$E$49)*36/'THAM_SO_MOI'!$C$42 -> 1.3756575 | G42: =3.6*F42 -> 4.9523669 | H42: ='THAM_SO_MOI'!$D$49 -> 3.1625 | I42: =IF(F42>'THAM_SO_MOI'!$C$14,'THAM_SO_MOI'!$C$13*(1+F42^2/1500),'THAM_SO_MOI'!$C$13) -> 0.015 | J42: ='THAM_SO_MOI'!$C$40*('THAM_SO_MOI'!$C$23*(E42/'THAM_SO_MOI'!$C$22)+'THAM_SO_MOI'!$C$24*(E42/'THAM_SO_MOI'!$C$22)^2-'THAM_SO_MOI'!$C$25*(E42/'THAM_SO_MOI'!$C$22)^3) -> 32.279594 | K42: ='THAM_SO_MOI'!$C$31*J42/E42 -> 349.94958 | L42: =K42*'THAM_SO_MOI'!$C$49*'THAM_SO_MOI'!$C$17/'THAM_SO_MOI'!$C$26 -> 19948.885 | M42: ='THAM_SO_MOI'!$C$15*'THAM_SO_MOI'!$C$16*F42^2 -> 5.5353679 | N42: ='THAM_SO_MOI'!$C$12*I42 -> 1130.112 | O42: =M42+N42 -> 1135.6474 | P42: =(MIN(L42,'THAM_SO_MOI'!$C$41)-O42)/('THAM_SO_MOI'!$C$11*H42) -> 0.77458981 | Q42: =IF(P42>0,1/P42,NA()) -> 1.2910059 | R42: =F42-F41 -> 0.0035133136 | S42: =0.5*(Q41+Q42)*R42 -> 0.0045376369 | T42: =0.5*(F41*Q41+F42*Q42)*R42 -> 0.0062342597 | U42: =U41+S42 -> 0.16588762 | V42: =V41+T42 -> 0.21765777
A43: Kéo 1 | B43: 1 | C43: kéo | D43: low | E43: =60*F43*'THAM_SO_MOI'!$C$49/(2*PI()*'THAM_SO_MOI'!$C$26) -> 883.25 | F43: ='THAM_SO_MOI'!$E$49+('THAM_SO_MOI'!$F$49-'THAM_SO_MOI'!$E$49)*37/'THAM_SO_MOI'!$C$42 -> 1.3791708 | G43: =3.6*F43 -> 4.9650148 | H43: ='THAM_SO_MOI'!$D$49 -> 3.1625 | I43: =IF(F43>'THAM_SO_MOI'!$C$14,'THAM_SO_MOI'!$C$13*(1+F43^2/1500),'THAM_SO_MOI'!$C$13) -> 0.015 | J43: ='THAM_SO_MOI'!$C$40*('THAM_SO_MOI'!$C$23*(E43/'THAM_SO_MOI'!$C$22)+'THAM_SO_MOI'!$C$24*(E43/'THAM_SO_MOI'!$C$22)^2-'THAM_SO_MOI'!$C$25*(E43/'THAM_SO_MOI'!$C$22)^3) -> 32.387963 | K43: ='THAM_SO_MOI'!$C$31*J43/E43 -> 350.22997 | L43: =K43*'THAM_SO_MOI'!$C$49*'THAM_SO_MOI'!$C$17/'THAM_SO_MOI'!$C$26 -> 19964.869 | M43: ='THAM_SO_MOI'!$C$15*'THAM_SO_MOI'!$C$16*F43^2 -> 5.5636777 | N43: ='THAM_SO_MOI'!$C$12*I43 -> 1130.112 | O43: =M43+N43 -> 1135.6757 | P43: =(MIN(L43,'THAM_SO_MOI'!$C$41)-O43)/('THAM_SO_MOI'!$C$11*H43) -> 0.77524674 | Q43: =IF(P43>0,1/P43,NA()) -> 1.2899119 | R43: =F43-F42 -> 0.0035133136 | S43: =0.5*(Q42+Q43)*R43 -> 0.0045337868 | T43: =0.5*(F42*Q42+F43*Q43)*R43 -> 0.0062448986 | U43: =U42+S43 -> 0.17042141 | V43: =V42+T43 -> 0.22390267
A44: Kéo 1 | B44: 1 | C44: kéo | D44: low | E44: =60*F44*'THAM_SO_MOI'!$C$49/(2*PI()*'THAM_SO_MOI'!$C$26) -> 885.5 | F44: ='THAM_SO_MOI'!$E$49+('THAM_SO_MOI'!$F$49-'THAM_SO_MOI'!$E$49)*38/'THAM_SO_MOI'!$C$42 -> 1.3826841 | G44: =3.6*F44 -> 4.9776627 | H44: ='THAM_SO_MOI'!$D$49 -> 3.1625 | I44: =IF(F44>'THAM_SO_MOI'!$C$14,'THAM_SO_MOI'!$C$13*(1+F44^2/1500),'THAM_SO_MOI'!$C$13) -> 0.015 | J44: ='THAM_SO_MOI'!$C$40*('THAM_SO_MOI'!$C$23*(E44/'THAM_SO_MOI'!$C$22)+'THAM_SO_MOI'!$C$24*(E44/'THAM_SO_MOI'!$C$22)^2-'THAM_SO_MOI'!$C$25*(E44/'THAM_SO_MOI'!$C$22)^3) -> 32.496419 | K44: ='THAM_SO_MOI'!$C$31*J44/E44 -> 350.50988 | L44: =K44*'THAM_SO_MOI'!$C$49*'THAM_SO_MOI'!$C$17/'THAM_SO_MOI'!$C$26 -> 19980.824 | M44: ='THAM_SO_MOI'!$C$15*'THAM_SO_MOI'!$C$16*F44^2 -> 5.5920597 | N44: ='THAM_SO_MOI'!$C$12*I44 -> 1130.112 | O44: =M44+N44 -> 1135.7041 | P44: =(MIN(L44,'THAM_SO_MOI'!$C$41)-O44)/('THAM_SO_MOI'!$C$11*H44) -> 0.77590252 | Q44: =IF(P44>0,1/P44,NA()) -> 1.2888217 | R44: =F44-F43 -> 0.0035133136 | S44: =0.5*(Q43+Q44)*R44 -> 0.0045299499 | T44: =0.5*(F43*Q43+F44*Q44)*R44 -> 0.0062555288 | U44: =U43+S44 -> 0.17495136 | V44: =V43+T44 -> 0.2301582
A45: Kéo 1 | B45: 1 | C45: kéo | D45: low | E45: =60*F45*'THAM_SO_MOI'!$C$49/(2*PI()*'THAM_SO_MOI'!$C$26) -> 887.75 | F45: ='THAM_SO_MOI'!$E$49+('THAM_SO_MOI'!$F$49-'THAM_SO_MOI'!$E$49)*39/'THAM_SO_MOI'!$C$42 -> 1.3861974 | G45: =3.6*F45 -> 4.9903107 | H45: ='THAM_SO_MOI'!$D$49 -> 3.1625 | I45: =IF(F45>'THAM_SO_MOI'!$C$14,'THAM_SO_MOI'!$C$13*(1+F45^2/1500),'THAM_SO_MOI'!$C$13) -> 0.015 | J45: ='THAM_SO_MOI'!$C$40*('THAM_SO_MOI'!$C$23*(E45/'THAM_SO_MOI'!$C$22)+'THAM_SO_MOI'!$C$24*(E45/'THAM_SO_MOI'!$C$22)^2-'THAM_SO_MOI'!$C$25*(E45/'THAM_SO_MOI'!$C$22)^3) -> 32.604961 | K45: ='THAM_SO_MOI'!$C$31*J45/E45 -> 350.78929 | L45: =K45*'THAM_SO_MOI'!$C$49*'THAM_SO_MOI'!$C$17/'THAM_SO_MOI'!$C$26 -> 19996.752 | M45: ='THAM_SO_MOI'!$C$15*'THAM_SO_MOI'!$C$16*F45^2 -> 5.620514 | N45: ='THAM_SO_MOI'!$C$12*I45 -> 1130.112 | O45: =M45+N45 -> 1135.7325 | P45: =(MIN(L45,'THAM_SO_MOI'!$C$41)-O45)/('THAM_SO_MOI'!$C$11*H45) -> 0.77655714 | Q45: =IF(P45>0,1/P45,NA()) -> 1.2877352 | R45: =F45-F44 -> 0.0035133136 | S45: =0.5*(Q44+Q45)*R45 -> 0.0045261263 | T45: =0.5*(F44*Q44+F45*Q45)*R45 -> 0.0062661503 | U45: =U44+S45 -> 0.17947748 | V45: =V44+T45 -> 0.23642435
A46: Kéo 1 | B46: 1 | C46: kéo | D46: low | E46: =60*F46*'THAM_SO_MOI'!$C$49/(2*PI()*'THAM_SO_MOI'!$C$26) -> 890 | F46: ='THAM_SO_MOI'!$E$49+('THAM_SO_MOI'!$F$49-'THAM_SO_MOI'!$E$49)*40/'THAM_SO_MOI'!$C$42 -> 1.3897107 | G46: =3.6*F46 -> 5.0029586 | H46: ='THAM_SO_MOI'!$D$49 -> 3.1625 | I46: =IF(F46>'THAM_SO_MOI'!$C$14,'THAM_SO_MOI'!$C$13*(1+F46^2/1500),'THAM_SO_MOI'!$C$13) -> 0.015 | J46: ='THAM_SO_MOI'!$C$40*('THAM_SO_MOI'!$C$23*(E46/'THAM_SO_MOI'!$C$22)+'THAM_SO_MOI'!$C$24*(E46/'THAM_SO_MOI'!$C$22)^2-'THAM_SO_MOI'!$C$25*(E46/'THAM_SO_MOI'!$C$22)^3) -> 32.713589 | K46: ='THAM_SO_MOI'!$C$31*J46/E46 -> 351.06821 | L46: =K46*'THAM_SO_MOI'!$C$49*'THAM_SO_MOI'!$C$17/'THAM_SO_MOI'!$C$26 -> 20012.652 | M46: ='THAM_SO_MOI'!$C$15*'THAM_SO_MOI'!$C$16*F46^2 -> 5.6490404 | N46: ='THAM_SO_MOI'!$C$12*I46 -> 1130.112 | O46: =M46+N46 -> 1135.761 | P46: =(MIN(L46,'THAM_SO_MOI'!$C$41)-O46)/('THAM_SO_MOI'!$C$11*H46) -> 0.7772106 | Q46: =IF(P46>0,1/P46,NA()) -> 1.2866525 | R46: =F46-F45 -> 0.0035133136 | S46: =0.5*(Q45+Q46)*R46 -> 0.0045223158 | T46: =0.5*(F45*Q45+F46*Q46)*R46 -> 0.0062767633 | U46: =U45+S46 -> 0.1839998 | V46: =V45+T46 -> 0.24270112
A47: Kéo 1 | B47: 1 | C47: kéo | D47: low | E47: =60*F47*'THAM_SO_MOI'!$C$49/(2*PI()*'THAM_SO_MOI'!$C$26) -> 892.25 | F47: ='THAM_SO_MOI'!$E$49+('THAM_SO_MOI'!$F$49-'THAM_SO_MOI'!$E$49)*41/'THAM_SO_MOI'!$C$42 -> 1.393224 | G47: =3.6*F47 -> 5.0156065 | H47: ='THAM_SO_MOI'!$D$49 -> 3.1625 | I47: =IF(F47>'THAM_SO_MOI'!$C$14,'THAM_SO_MOI'!$C$13*(1+F47^2/1500),'THAM_SO_MOI'!$C$13) -> 0.015 | J47: ='THAM_SO_MOI'!$C$40*('THAM_SO_MOI'!$C$23*(E47/'THAM_SO_MOI'!$C$22)+'THAM_SO_MOI'!$C$24*(E47/'THAM_SO_MOI'!$C$22)^2-'THAM_SO_MOI'!$C$25*(E47/'THAM_SO_MOI'!$C$22)^3) -> 32.822302 | K47: ='THAM_SO_MOI'!$C$31*J47/E47 -> 351.34664 | L47: =K47*'THAM_SO_MOI'!$C$49*'THAM_SO_MOI'!$C$17/'THAM_SO_MOI'!$C$26 -> 20028.524 | M47: ='THAM_SO_MOI'!$C$15*'THAM_SO_MOI'!$C$16*F47^2 -> 5.6776391 | N47: ='THAM_SO_MOI'!$C$12*I47 -> 1130.112 | O47: =M47+N47 -> 1135.7896 | P47: =(MIN(L47,'THAM_SO_MOI'!$C$41)-O47)/('THAM_SO_MOI'!$C$11*H47) -> 0.77786291 | Q47: =IF(P47>0,1/P47,NA()) -> 1.2855736 | R47: =F47-F46 -> 0.0035133136 | S47: =0.5*(Q46+Q47)*R47 -> 0.0045185185 | T47: =0.5*(F46*Q46+F47*Q47)*R47 -> 0.0062873677 | U47: =U46+S47 -> 0.18851832 | V47: =V46+T47 -> 0.24898848
A48: Kéo 1 | B48: 1 | C48: kéo | D48: low | E48: =60*F48*'THAM_SO_MOI'!$C$49/(2*PI()*'THAM_SO_MOI'!$C$26) -> 894.5 | F48: ='THAM_SO_MOI'!$E$49+('THAM_SO_MOI'!$F$49-'THAM_SO_MOI'!$E$49)*42/'THAM_SO_MOI'!$C$42 -> 1.3967373 | G48: =3.6*F48 -> 5.0282544 | H48: ='THAM_SO_MOI'!$D$49 -> 3.1625 | I48: =IF(F48>'THAM_SO_MOI'!$C$14,'THAM_SO_MOI'!$C$13*(1+F48^2/1500),'THAM_SO_MOI'!$C$13) -> 0.015 | J48: ='THAM_SO_MOI'!$C$40*('THAM_SO_MOI'!$C$23*(E48/'THAM_SO_MOI'!$C$22)+'THAM_SO_MOI'!$C$24*(E48/'THAM_SO_MOI'!$C$22)^2-'THAM_SO_MOI'!$C$25*(E48/'THAM_SO_MOI'!$C$22)^3) -> 32.931101 | K48: ='THAM_SO_MOI'!$C$31*J48/E48 -> 351.62458 | L48: =K48*'THAM_SO_MOI'!$C$49*'THAM_SO_MOI'!$C$17/'THAM_SO_MOI'!$C$26 -> 20044.368 | M48: ='THAM_SO_MOI'!$C$15*'THAM_SO_MOI'!$C$16*F48^2 -> 5.70631 | N48: ='THAM_SO_MOI'!$C$12*I48 -> 1130.112 | O48: =M48+N48 -> 1135.8183 | P48: =(MIN(L48,'THAM_SO_MOI'!$C$41)-O48)/('THAM_SO_MOI'!$C$11*H48) -> 0.77851407 | Q48: =IF(P48>0,1/P48,NA()) -> 1.2844983 | R48: =F48-F47 -> 0.0035133136 | S48: =0.5*(Q47+Q48)*R48 -> 0.0045147342 | T48: =0.5*(F47*Q47+F48*Q48)*R48 -> 0.0062979638 | U48: =U47+S48 -> 0.19303305 | V48: =V47+T48 -> 0.25528645
A49: Kéo 1 | B49: 1 | C49: kéo | D49: low | E49: =60*F49*'THAM_SO_MOI'!$C$49/(2*PI()*'THAM_SO_MOI'!$C$26) -> 896.75 | F49: ='THAM_SO_MOI'!$E$49+('THAM_SO_MOI'!$F$49-'THAM_SO_MOI'!$E$49)*43/'THAM_SO_MOI'!$C$42 -> 1.4002507 | G49: =3.6*F49 -> 5.0409024 | H49: ='THAM_SO_MOI'!$D$49 -> 3.1625 | I49: =IF(F49>'THAM_SO_MOI'!$C$14,'THAM_SO_MOI'!$C$13*(1+F49^2/1500),'THAM_SO_MOI'!$C$13) -> 0.015 | J49: ='THAM_SO_MOI'!$C$40*('THAM_SO_MOI'!$C$23*(E49/'THAM_SO_MOI'!$C$22)+'THAM_SO_MOI'!$C$24*(E49/'THAM_SO_MOI'!$C$22)^2-'THAM_SO_MOI'!$C$25*(E49/'THAM_SO_MOI'!$C$22)^3) -> 33.039984 | K49: ='THAM_SO_MOI'!$C$31*J49/E49 -> 351.90203 | L49: =K49*'THAM_SO_MOI'!$C$49*'THAM_SO_MOI'!$C$17/'THAM_SO_MOI'!$C$26 -> 20060.184 | M49: ='THAM_SO_MOI'!$C$15*'THAM_SO_MOI'!$C$16*F49^2 -> 5.7350531 | N49: ='THAM_SO_MOI'!$C$12*I49 -> 1130.112 | O49: =M49+N49 -> 1135.8471 | P49: =(MIN(L49,'THAM_SO_MOI'!$C$41)-O49)/('THAM_SO_MOI'!$C$11*H49) -> 0.77916407 | Q49: =IF(P49>0,1/P49,NA()) -> 1.2834267 | R49: =F49-F48 -> 0.0035133136 | S49: =0.5*(Q48+Q49)*R49 -> 0.004510963 | T49: =0.5*(F48*Q48+F49*Q49)*R49 -> 0.0063085514 | U49: =U48+S49 -> 0.19754401 | V49: =V48+T49 -> 0.261595
A50: Kéo 1 | B50: 1 | C50: kéo | D50: low | E50: =60*F50*'THAM_SO_MOI'!$C$49/(2*PI()*'THAM_SO_MOI'!$C$26) -> 899 | F50: ='THAM_SO_MOI'!$E$49+('THAM_SO_MOI'!$F$49-'THAM_SO_MOI'!$E$49)*44/'THAM_SO_MOI'!$C$42 -> 1.403764 | G50: =3.6*F50 -> 5.0535503 | H50: ='THAM_SO_MOI'!$D$49 -> 3.1625 | I50: =IF(F50>'THAM_SO_MOI'!$C$14,'THAM_SO_MOI'!$C$13*(1+F50^2/1500),'THAM_SO_MOI'!$C$13) -> 0.015 | J50: ='THAM_SO_MOI'!$C$40*('THAM_SO_MOI'!$C$23*(E50/'THAM_SO_MOI'!$C$22)+'THAM_SO_MOI'!$C$24*(E50/'THAM_SO_MOI'!$C$22)^2-'THAM_SO_MOI'!$C$25*(E50/'THAM_SO_MOI'!$C$22)^3) -> 33.148952 | K50: ='THAM_SO_MOI'!$C$31*J50/E50 -> 352.17898 | L50: =K50*'THAM_SO_MOI'!$C$49*'THAM_SO_MOI'!$C$17/'THAM_SO_MOI'!$C$26 -> 20075.972 | M50: ='THAM_SO_MOI'!$C$15*'THAM_SO_MOI'!$C$16*F50^2 -> 5.7638684 | N50: ='THAM_SO_MOI'!$C$12*I50 -> 1130.112 | O50: =M50+N50 -> 1135.8759 | P50: =(MIN(L50,'THAM_SO_MOI'!$C$41)-O50)/('THAM_SO_MOI'!$C$11*H50) -> 0.77981291 | Q50: =IF(P50>0,1/P50,NA()) -> 1.2823589 | R50: =F50-F49 -> 0.0035133136 | S50: =0.5*(Q49+Q50)*R50 -> 0.0045072048 | T50: =0.5*(F49*Q49+F50*Q50)*R50 -> 0.0063191307 | U50: =U49+S50 -> 0.20205122 | V50: =V49+T50 -> 0.26791413
A51: Kéo 1 | B51: 1 | C51: kéo | D51: low | E51: =60*F51*'THAM_SO_MOI'!$C$49/(2*PI()*'THAM_SO_MOI'!$C$26) -> 901.25 | F51: ='THAM_SO_MOI'!$E$49+('THAM_SO_MOI'!$F$49-'THAM_SO_MOI'!$E$49)*45/'THAM_SO_MOI'!$C$42 -> 1.4072773 | G51: =3.6*F51 -> 5.0661982 | H51: ='THAM_SO_MOI'!$D$49 -> 3.1625 | I51: =IF(F51>'THAM_SO_MOI'!$C$14,'THAM_SO_MOI'!$C$13*(1+F51^2/1500),'THAM_SO_MOI'!$C$13) -> 0.015 | J51: ='THAM_SO_MOI'!$C$40*('THAM_SO_MOI'!$C$23*(E51/'THAM_SO_MOI'!$C$22)+'THAM_SO_MOI'!$C$24*(E51/'THAM_SO_MOI'!$C$22)^2-'THAM_SO_MOI'!$C$25*(E51/'THAM_SO_MOI'!$C$22)^3) -> 33.258004 | K51: ='THAM_SO_MOI'!$C$31*J51/E51 -> 352.45545 | L51: =K51*'THAM_SO_MOI'!$C$49*'THAM_SO_MOI'!$C$17/'THAM_SO_MOI'!$C$26 -> 20091.732 | M51: ='THAM_SO_MOI'!$C$15*'THAM_SO_MOI'!$C$16*F51^2 -> 5.7927559 | N51: ='THAM_SO_MOI'!$C$12*I51 -> 1130.112 | O51: =M51+N51 -> 1135.9048 | P51: =(MIN(L51,'THAM_SO_MOI'!$C$41)-O51)/('THAM_SO_MOI'!$C$11*H51) -> 0.7804606 | Q51: =IF(P51>0,1/P51,NA()) -> 1.2812947 | R51: =F51-F50 -> 0.0035133136 | S51: =0.5*(Q50+Q51)*R51 -> 0.0045034594 | T51: =0.5*(F50*Q50+F51*Q51)*R51 -> 0.0063297018 | U51: =U50+S51 -> 0.20655468 | V51: =V50+T51 -> 0.27424383
A52: Kéo 1 | B52: 1 | C52: kéo | D52: low | E52: =60*F52*'THAM_SO_MOI'!$C$49/(2*PI()*'THAM_SO_MOI'!$C$26) -> 903.5 | F52: ='THAM_SO_MOI'!$E$49+('THAM_SO_MOI'!$F$49-'THAM_SO_MOI'!$E$49)*46/'THAM_SO_MOI'!$C$42 -> 1.4107906 | G52: =3.6*F52 -> 5.0788462 | H52: ='THAM_SO_MOI'!$D$49 -> 3.1625 | I52: =IF(F52>'THAM_SO_MOI'!$C$14,'THAM_SO_MOI'!$C$13*(1+F52^2/1500),'THAM_SO_MOI'!$C$13) -> 0.015 | J52: ='THAM_SO_MOI'!$C$40*('THAM_SO_MOI'!$C$23*(E52/'THAM_SO_MOI'!$C$22)+'THAM_SO_MOI'!$C$24*(E52/'THAM_SO_MOI'!$C$22)^2-'THAM_SO_MOI'!$C$25*(E52/'THAM_SO_MOI'!$C$22)^3) -> 33.36714 | K52: ='THAM_SO_MOI'!$C$31*J52/E52 -> 352.73142 | L52: =K52*'THAM_SO_MOI'!$C$49*'THAM_SO_MOI'!$C$17/'THAM_SO_MOI'!$C$26 -> 20107.464 | M52: ='THAM_SO_MOI'!$C$15*'THAM_SO_MOI'!$C$16*F52^2 -> 5.8217156 | N52: ='THAM_SO_MOI'!$C$12*I52 -> 1130.112 | O52: =M52+N52 -> 1135.9337 | P52: =(MIN(L52,'THAM_SO_MOI'!$C$41)-O52)/('THAM_SO_MOI'!$C$11*H52) -> 0.78110713 | Q52: =IF(P52>0,1/P52,NA()) -> 1.2802341 | R52: =F52-F51 -> 0.0035133136 | S52: =0.5*(Q51+Q52)*R52 -> 0.004499727 | T52: =0.5*(F51*Q51+F52*Q52)*R52 -> 0.0063402648 | U52: =U51+S52 -> 0.2110544 | V52: =V51+T52 -> 0.2805841
A53: Kéo 1 | B53: 1 | C53: kéo | D53: low | E53: =60*F53*'THAM_SO_MOI'!$C$49/(2*PI()*'THAM_SO_MOI'!$C$26) -> 905.75 | F53: ='THAM_SO_MOI'!$E$49+('THAM_SO_MOI'!$F$49-'THAM_SO_MOI'!$E$49)*47/'THAM_SO_MOI'!$C$42 -> 1.4143039 | G53: =3.6*F53 -> 5.0914941 | H53: ='THAM_SO_MOI'!$D$49 -> 3.1625 | I53: =IF(F53>'THAM_SO_MOI'!$C$14,'THAM_SO_MOI'!$C$13*(1+F53^2/1500),'THAM_SO_MOI'!$C$13) -> 0.015 | J53: ='THAM_SO_MOI'!$C$40*('THAM_SO_MOI'!$C$23*(E53/'THAM_SO_MOI'!$C$22)+'THAM_SO_MOI'!$C$24*(E53/'THAM_SO_MOI'!$C$22)^2-'THAM_SO_MOI'!$C$25*(E53/'THAM_SO_MOI'!$C$22)^3) -> 33.47636 | K53: ='THAM_SO_MOI'!$C$31*J53/E53 -> 353.0069 | L53: =K53*'THAM_SO_MOI'!$C$49*'THAM_SO_MOI'!$C$17/'THAM_SO_MOI'!$C$26 -> 20123.168 | M53: ='THAM_SO_MOI'!$C$15*'THAM_SO_MOI'!$C$16*F53^2 -> 5.8507475 | N53: ='THAM_SO_MOI'!$C$12*I53 -> 1130.112 | O53: =M53+N53 -> 1135.9627 | P53: =(MIN(L53,'THAM_SO_MOI'!$C$41)-O53)/('THAM_SO_MOI'!$C$11*H53) -> 0.7817525 | Q53: =IF(P53>0,1/P53,NA()) -> 1.2791772 | R53: =F53-F52 -> 0.0035133136 | S53: =0.5*(Q52+Q53)*R53 -> 0.0044960074 | T53: =0.5*(F52*Q52+F53*Q53)*R53 -> 0.0063508196 | U53: =U52+S53 -> 0.21555041 | V53: =V52+T53 -> 0.28693491
A54: Kéo 1 | B54: 1 | C54: kéo | D54: low | E54: =60*F54*'THAM_SO_MOI'!$C$49/(2*PI()*'THAM_SO_MOI'!$C$26) -> 908 | F54: ='THAM_SO_MOI'!$E$49+('THAM_SO_MOI'!$F$49-'THAM_SO_MOI'!$E$49)*48/'THAM_SO_MOI'!$C$42 -> 1.4178172 | G54: =3.6*F54 -> 5.104142 | H54: ='THAM_SO_MOI'!$D$49 -> 3.1625 | I54: =IF(F54>'THAM_SO_MOI'!$C$14,'THAM_SO_MOI'!$C$13*(1+F54^2/1500),'THAM_SO_MOI'!$C$13) -> 0.015 | J54: ='THAM_SO_MOI'!$C$40*('THAM_SO_MOI'!$C$23*(E54/'THAM_SO_MOI'!$C$22)+'THAM_SO_MOI'!$C$24*(E54/'THAM_SO_MOI'!$C$22)^2-'THAM_SO_MOI'!$C$25*(E54/'THAM_SO_MOI'!$C$22)^3) -> 33.585662 | K54: ='THAM_SO_MOI'!$C$31*J54/E54 -> 353.2819 | L54: =K54*'THAM_SO_MOI'!$C$49*'THAM_SO_MOI'!$C$17/'THAM_SO_MOI'!$C$26 -> 20138.843 | M54: ='THAM_SO_MOI'!$C$15*'THAM_SO_MOI'!$C$16*F54^2 -> 5.8798516 | N54: ='THAM_SO_MOI'!$C$12*I54 -> 1130.112 | O54: =M54+N54 -> 1135.9919 | P54: =(MIN(L54,'THAM_SO_MOI'!$C$41)-O54)/('THAM_SO_MOI'!$C$11*H54) -> 0.78239672 | Q54: =IF(P54>0,1/P54,NA()) -> 1.278124 | R54: =F54-F53 -> 0.0035133136 | S54: =0.5*(Q53+Q54)*R54 -> 0.0044923005 | T54: =0.5*(F53*Q53+F54*Q54)*R54 -> 0.0063613664 | U54: =U53+S54 -> 0.22004271 | V54: =V53+T54 -> 0.29329628
A55: Kéo 1 | B55: 1 | C55: kéo | D55: low | E55: =60*F55*'THAM_SO_MOI'!$C$49/(2*PI()*'THAM_SO_MOI'!$C$26) -> 910.25 | F55: ='THAM_SO_MOI'!$E$49+('THAM_SO_MOI'!$F$49-'THAM_SO_MOI'!$E$49)*49/'THAM_SO_MOI'!$C$42 -> 1.4213305 | G55: =3.6*F55 -> 5.1167899 | H55: ='THAM_SO_MOI'!$D$49 -> 3.1625 | I55: =IF(F55>'THAM_SO_MOI'!$C$14,'THAM_SO_MOI'!$C$13*(1+F55^2/1500),'THAM_SO_MOI'!$C$13) -> 0.015 | J55: ='THAM_SO_MOI'!$C$40*('THAM_SO_MOI'!$C$23*(E55/'THAM_SO_MOI'!$C$22)+'THAM_SO_MOI'!$C$24*(E55/'THAM_SO_MOI'!$C$22)^2-'THAM_SO_MOI'!$C$25*(E55/'THAM_SO_MOI'!$C$22)^3) -> 33.695047 | K55: ='THAM_SO_MOI'!$C$31*J55/E55 -> 353.5564 | L55: =K55*'THAM_SO_MOI'!$C$49*'THAM_SO_MOI'!$C$17/'THAM_SO_MOI'!$C$26 -> 20154.491 | M55: ='THAM_SO_MOI'!$C$15*'THAM_SO_MOI'!$C$16*F55^2 -> 5.909028 | N55: ='THAM_SO_MOI'!$C$12*I55 -> 1130.112 | O55: =M55+N55 -> 1136.021 | P55: =(MIN(L55,'THAM_SO_MOI'!$C$41)-O55)/('THAM_SO_MOI'!$C$11*H55) -> 0.78303979 | Q55: =IF(P55>0,1/P55,NA()) -> 1.2770743 | R55: =F55-F54 -> 0.0035133136 | S55: =0.5*(Q54+Q55)*R55 -> 0.0044886064 | T55: =0.5*(F54*Q54+F55*Q55)*R55 -> 0.0063719052 | U55: =U54+S55 -> 0.22453132 | V55: =V54+T55 -> 0.29966819
A56: Kéo 1 | B56: 1 | C56: kéo | D56: low | E56: =60*F56*'THAM_SO_MOI'!$C$49/(2*PI()*'THAM_SO_MOI'!$C$26) -> 912.5 | F56: ='THAM_SO_MOI'!$E$49+('THAM_SO_MOI'!$F$49-'THAM_SO_MOI'!$E$49)*50/'THAM_SO_MOI'!$C$42 -> 1.4248439 | G56: =3.6*F56 -> 5.1294379 | H56: ='THAM_SO_MOI'!$D$49 -> 3.1625 | I56: =IF(F56>'THAM_SO_MOI'!$C$14,'THAM_SO_MOI'!$C$13*(1+F56^2/1500),'THAM_SO_MOI'!$C$13) -> 0.015 | J56: ='THAM_SO_MOI'!$C$40*('THAM_SO_MOI'!$C$23*(E56/'THAM_SO_MOI'!$C$22)+'THAM_SO_MOI'!$C$24*(E56/'THAM_SO_MOI'!$C$22)^2-'THAM_SO_MOI'!$C$25*(E56/'THAM_SO_MOI'!$C$22)^3) -> 33.804515 | K56: ='THAM_SO_MOI'!$C$31*J56/E56 -> 353.83041 | L56: =K56*'THAM_SO_MOI'!$C$49*'THAM_SO_MOI'!$C$17/'THAM_SO_MOI'!$C$26 -> 20170.111 | M56: ='THAM_SO_MOI'!$C$15*'THAM_SO_MOI'!$C$16*F56^2 -> 5.9382765 | N56: ='THAM_SO_MOI'!$C$12*I56 -> 1130.112 | O56: =M56+N56 -> 1136.0503 | P56: =(MIN(L56,'THAM_SO_MOI'!$C$41)-O56)/('THAM_SO_MOI'!$C$11*H56) -> 0.7836817 | Q56: =IF(P56>0,1/P56,NA()) -> 1.2760283 | R56: =F56-F55 -> 0.0035133136 | S56: =0.5*(Q55+Q56)*R56 -> 0.004484925 | T56: =0.5*(F55*Q55+F56*Q56)*R56 -> 0.0063824362 | U56: =U55+S56 -> 0.22901624 | V56: =V55+T56 -> 0.30605062
A57: Kéo 1 | B57: 1 | C57: kéo | D57: low | E57: =60*F57*'THAM_SO_MOI'!$C$49/(2*PI()*'THAM_SO_MOI'!$C$26) -> 914.75 | F57: ='THAM_SO_MOI'!$E$49+('THAM_SO_MOI'!$F$49-'THAM_SO_MOI'!$E$49)*51/'THAM_SO_MOI'!$C$42 -> 1.4283572 | G57: =3.6*F57 -> 5.1420858 | H57: ='THAM_SO_MOI'!$D$49 -> 3.1625 | I57: =IF(F57>'THAM_SO_MOI'!$C$14,'THAM_SO_MOI'!$C$13*(1+F57^2/1500),'THAM_SO_MOI'!$C$13) -> 0.015 | J57: ='THAM_SO_MOI'!$C$40*('THAM_SO_MOI'!$C$23*(E57/'THAM_SO_MOI'!$C$22)+'THAM_SO_MOI'!$C$24*(E57/'THAM_SO_MOI'!$C$22)^2-'THAM_SO_MOI'!$C$25*(E57/'THAM_SO_MOI'!$C$22)^3) -> 33.914064 | K57: ='THAM_SO_MOI'!$C$31*J57/E57 -> 354.10392 | L57: =K57*'THAM_SO_MOI'!$C$49*'THAM_SO_MOI'!$C$17/'THAM_SO_MOI'!$C$26 -> 20185.703 | M57: ='THAM_SO_MOI'!$C$15*'THAM_SO_MOI'!$C$16*F57^2 -> 5.9675973 | N57: ='THAM_SO_MOI'!$C$12*I57 -> 1130.112 | O57: =M57+N57 -> 1136.0796 | P57: =(MIN(L57,'THAM_SO_MOI'!$C$41)-O57)/('THAM_SO_MOI'!$C$11*H57) -> 0.78432245 | Q57: =IF(P57>0,1/P57,NA()) -> 1.2749858 | R57: =F57-F56 -> 0.0035133136 | S57: =0.5*(Q56+Q57)*R57 -> 0.0044812563 | T57: =0.5*(F56*Q56+F57*Q57)*R57 -> 0.0063929593 | U57: =U56+S57 -> 0.2334975 | V57: =V56+T57 -> 0.31244358
