Workbook

Sheet Huong_dan
A1: BÀI TẬP LỚN LÝ THUYẾT Ô TÔ – NHÓM 2
A2: Ô vàng trong Dau_vao là dữ liệu có thể sửa. Thiet_ke, Dong_co và Luc_keo dùng công thức Excel và có giá trị lưu sẵn.
A3: Tang_toc và Hinh_anh là kết quả tích phân/đồ thị của bộ tham số gốc, KHÔNG tự tính lại khi sửa ô Excel.
A4: Để tái tạo toàn bộ kết quả, sửa nhom2.json và chạy: python build_model.py nhom2.json ket_qua_moi
A5: Cài các thư viện theo requirements.txt. CSV chi tiết và kiem_tra.json phục vụ kiểm tra độc lập.
A6: Đề cho KG được hiểu là kg khối lượng; trọng lực tính với g=9,81 m/s². 70 kg/người là giả thiết.
A7: Công suất cực đại thiết kế là giá trị lý thuyết tối thiểu. Chưa chọn một động cơ thương mại cụ thể.
A8: Phép tăng tốc: đường bằng, đủ tải, không gió, 4 lần chuyển số 1 s; không mô phỏng trượt ly hợp từ đứng yên.
A9: Hệ số cản lăn ghép theo ngưỡng 22,2 m/s có bước nhảy thực nghiệm; không phải lực thực tế đột ngột thay đổi.
A10: Trang nguồn là số in trong tài liệu. PDF sách = trang in +1; PDF bài mẫu = trang in +7.
A11: Các giá trị và công thức đã kiểm tra bằng Python; chưa chạy ứng dụng Microsoft Excel/LibreOffice.

Sheet Dau_vao
A1: Tham số | B1: Giá trị | C1: Đơn vị | D1: Nguồn / giải thích
A2: m0 | B2: 3450 | C2: kg | D2: ĐỀ BÀI
A3: payload | B3: 4100 | C3: kg | D3: ĐỀ BÀI
A4: people | B4: 2 | C4: người | D4: ĐỀ BÀI
A5: person_mass | B5: 70 | C5: kg/người | D5: TỰ CHỌN / quy ước mô hình
A6: g | B6: 9.81 | C6: m/s² | D6: TỰ CHỌN / quy ước mô hình
A7: front_share | B7: 0.3 | C7: – | D7: ĐỀ BÀI
A8: vmax_kmh | B8: 95 | C8: km/h | D8: ĐỀ BÀI
A9: psi_max | B9: 0.31 | C9: – | D9: ĐỀ BÀI
A10: eta | B10: 0.89 | C10: – | D10: Tự chọn hiệu suất tổng, giữ nhất quán cho mọi công thức.
A11: K | B11: 0.65 | C11: N·s²/m⁴ | D11: K đã gộp hệ số khí động theo dạng Pw=KAv²; không nhân thêm ρ/2.
A12: area | B12: 4.5 | C12: m² | D12: Diện tích cản chính diện giả định; chưa có kích thước xe.
A13: f0 | B13: 0.015 | C13: – | D13: TỰ CHỌN / quy ước mô hình
... A33: drive_points | B33: 400 | C33: – | D33: Số điểm cho mỗi pha kéo, tích phân tách ở ngưỡng f.

Sheet Thiet_ke
A1: Đại lượng | B1: Giá trị | C1: Đơn vị / ý nghĩa
A2: m | B2: =Dau_vao!$B$2+Dau_vao!$B$3+Dau_vao!$B$4*Dau_vao!$B$5 -> 7690 | C2: kg
A3: G | B3: =Thiet_ke!$B$2*Dau_vao!$B$6 -> 75438.9 | C3: N
A4: G1 | B4: =Thiet_ke!$B$3*Dau_vao!$B$7 -> 22631.67 | C4: N; tải tĩnh cầu trước
A5: G2 | B5: =Thiet_ke!$B$3-Thiet_ke!$B$4 -> 52807.23 | C5: N; tải tĩnh cầu sau
A6: vmax | B6: =Dau_vao!$B$8/3.6 -> 26.388889 | C6: m/s
A7: rb | B7: =(Dau_vao!$B$16+Dau_vao!$B$17/2)*0.0254*Dau_vao!$B$18 -> 0.38592125 | C7: m
A8: W | B8: =Dau_vao!$B$11*Dau_vao!$B$12 -> 2.925 | C8: N·s²/m²
A9: f_vmax | B9: =IF(Thiet_ke!$B$6<=Dau_vao!$B$14,Dau_vao!$B$13,Dau_vao!$B$13*(1+Thiet_ke!$B$6^2/1500)) -> 0.021963735 | C9: –
A10: nv | B10: =Dau_vao!$B$20*Dau_vao!$B$19 -> 2340 | C10: rpm; điểm thiết kế tốc độ cực đại và chuyển số
A11: Nv | B11: =(Thiet_ke!$B$3*Thiet_ke!$B$9*Thiet_ke!$B$6+Thiet_ke!$B$8*Thiet_ke!$B$6^3)/(1000*Dau_vao!$B$10) -> 109.52315 | C11: kW; công suất cần ở động cơ tại vmax
A12: Nmax | B12: =Thiet_ke!$B$11/(Dau_vao!$B$22*Dau_vao!$B$20+Dau_vao!$B$23*Dau_vao!$B$20^2-Dau_vao!$B$24*Dau_vao!$B$20^3)*Dau_vao!$B$25 -> 117.01191 | C12: kW; đỉnh đặc tính thiết kế
A13: nM | B13: =Dau_vao!$B$19*Dau_vao!$B$23/(2*Dau_vao!$B$24) -> 1950 | C13: rpm; đỉnh mômen của đa thức
A14: Mmax | B14: =60000/(2*PI())*Thiet_ke!$B$12/Dau_vao!$B$19*(Dau_vao!$B$22+Dau_vao!$B$23*Thiet_ke!$B$13/Dau_vao!$B$19-Dau_vao!$B$24*(Thiet_ke!$B$13/Dau_vao!$B$19)^2) -> 456.62223 | C14: N·m
A15: i0 | B15: =2*PI()*Thiet_ke!$B$7*Thiet_ke!$B$10/(60*Dau_vao!$B$28*Thiet_ke!$B$6) -> 3.5836209 | C15: –
A16: Pphi | B16: =Dau_vao!$B$15*Thiet_ke!$B$5 -> 42245.784 | C16: N; bám theo tải tĩnh cầu sau
A17: ih1_min | B17: =Dau_vao!$B$9*Thiet_ke!$B$3*Thiet_ke!$B$7/(Thiet_ke!$B$14*Thiet_ke!$B$15*Dau_vao!$B$10) -> 6.197073 | C17: –; chưa kể Pw, kiểm tra lại sau khi chọn
A18: ih1_max | B18: =Thiet_ke!$B$16*Thiet_ke!$B$7/(Thiet_ke!$B$14*Thiet_ke!$B$15*Dau_vao!$B$10) -> 11.194713 | C18: –; giới hạn bám
A19: q | B19: =(Dau_vao!$B$27/Dau_vao!$B$28)^(1/(Dau_vao!$B$26-1)) -> 1.6265766 | C19: –; workbook cố định 5 trang số, đổi số cấp cần chạy Python
A20: ih1 | B20: =Dau_vao!$B$27/Thiet_ke!$B$19^0 -> 7 | C20: –
A21: ih2 | B21: =Dau_vao!$B$27/Thiet_ke!$B$19^1 -> 4.3035171 | C21: –
A22: ih3 | B22: =Dau_vao!$B$27/Thiet_ke!$B$19^2 -> 2.6457513 | C22: –
A23: ih4 | B23: =Dau_vao!$B$27/Thiet_ke!$B$19^3 -> 1.6265766 | C23: –
A24: ih5 | B24: =Dau_vao!$B$27/Thiet_ke!$B$19^4 -> 1 | C24: –
A25: iR | B25: =Dau_vao!$B$29*Dau_vao!$B$27 -> 8.4 | C25: –; số lùi

Sheet Dong_co
A1: n (rpm) | B1: x=n/nN | C1: Ne (kW) | D1: Me (N·m) | E1: Nk (kW)
A2: =Dau_vao!$B$21+(Dau_vao!$B$19*1.1-Dau_vao!$B$21)*0/100 -> 800 | B2: =A2/Dau_vao!$B$19 -> 0.30769231 | C2: =Thiet_ke!$B$12*(Dau_vao!$B$22*B2+Dau_vao!$B$23*B2^2-Dau_vao!$B$24*B2^3) -> 31.210278 | D2: =60000*C2/(2*PI()*A2) -> 372.54525 | E2: =C2*Dau_vao!$B$10 -> 27.777147
A3: =Dau_vao!$B$21+(Dau_vao!$B$19*1.1-Dau_vao!$B$21)*1/100 -> 820.6 | B3: =A3/Dau_vao!$B$19 -> 0.31561538 | C3: =Thiet_ke!$B$12*(Dau_vao!$B$22*B3+Dau_vao!$B$23*B3^2-Dau_vao!$B$24*B3^3) -> 32.270467 | D3: =60000*C3/(2*PI()*A3) -> 375.53042 | E3: =C3*Dau_vao!$B$10 -> 28.720716
A4: =Dau_vao!$B$21+(Dau_vao!$B$19*1.1-Dau_vao!$B$21)*2/100 -> 841.2 | B4: =A4/Dau_vao!$B$19 -> 0.32353846 | C4: =Thiet_ke!$B$12*(Dau_vao!$B$22*B4+Dau_vao!$B$23*B4^2-Dau_vao!$B$24*B4^3) -> 33.338783 | D4: =60000*C4/(2*PI()*A4) -> 378.46163 | E4: =C4*Dau_vao!$B$10 -> 29.671517
A5: =Dau_vao!$B$21+(Dau_vao!$B$19*1.1-Dau_vao!$B$21)*3/100 -> 861.8 | B5: =A5/Dau_vao!$B$19 -> 0.33146154 | C5: =Thiet_ke!$B$12*(Dau_vao!$B$22*B5+Dau_vao!$B$23*B5^2-Dau_vao!$B$24*B5^3) -> 34.414876 | D5: =60000*C5/(2*PI()*A5) -> 381.33889 | E5: =C5*Dau_vao!$B$10 -> 30.62924
A6: =Dau_vao!$B$21+(Dau_vao!$B$19*1.1-Dau_vao!$B$21)*4/100 -> 882.4 | B6: =A6/Dau_vao!$B$19 -> 0.33938462 | C6: =Thiet_ke!$B$12*(Dau_vao!$B$22*B6+Dau_vao!$B$23*B6^2-Dau_vao!$B$24*B6^3) -> 35.498397 | D6: =60000*C6/(2*PI()*A6) -> 384.16219 | E6: =C6*Dau_vao!$B$10 -> 31.593573
A7: =Dau_vao!$B$21+(Dau_vao!$B$19*1.1-Dau_vao!$B$21)*5/100 -> 903 | B7: =A7/Dau_vao!$B$19 -> 0.34730769 | C7: =Thiet_ke!$B$12*(Dau_vao!$B$22*B7+Dau_vao!$B$23*B7^2-Dau_vao!$B$24*B7^3) -> 36.588996 | D7: =60000*C7/(2*PI()*A7) -> 386.93154 | E7: =C7*Dau_vao!$B$10 -> 32.564207
A8: =Dau_vao!$B$21+(Dau_vao!$B$19*1.1-Dau_vao!$B$21)*6/100 -> 923.6 | B8: =A8/Dau_vao!$B$19 -> 0.35523077 | C8: =Thiet_ke!$B$12*(Dau_vao!$B$22*B8+Dau_vao!$B$23*B8^2-Dau_vao!$B$24*B8^3) -> 37.686325 | D8: =60000*C8/(2*PI()*A8) -> 389.64692 | E8: =C8*Dau_vao!$B$10 -> 33.54083
A9: =Dau_vao!$B$21+(Dau_vao!$B$19*1.1-Dau_vao!$B$21)*7/100 -> 944.2 | B9: =A9/Dau_vao!$B$19 -> 0.36315385 | C9: =Thiet_ke!$B$12*(Dau_vao!$B$22*B9+Dau_vao!$B$23*B9^2-Dau_vao!$B$24*B9^3) -> 38.790035 | D9: =60000*C9/(2*PI()*A9) -> 392.30835 | E9: =C9*Dau_vao!$B$10 -> 34.523131
A10: =Dau_vao!$B$21+(Dau_vao!$B$19*1.1-Dau_vao!$B$21)*8/100 -> 964.8 | B10: =A10/Dau_vao!$B$19 -> 0.37107692 | C10: =Thiet_ke!$B$12*(Dau_vao!$B$22*B10+Dau_vao!$B$23*B10^2-Dau_vao!$B$24*B10^3) -> 39.899776 | D10: =60000*C10/(2*PI()*A10) -> 394.91583 | E10: =C10*Dau_vao!$B$10 -> 35.5108
A11: =Dau_vao!$B$21+(Dau_vao!$B$19*1.1-Dau_vao!$B$21)*9/100 -> 985.4 | B11: =A11/Dau_vao!$B$19 -> 0.379 | C11: =Thiet_ke!$B$12*(Dau_vao!$B$22*B11+Dau_vao!$B$23*B11^2-Dau_vao!$B$24*B11^3) -> 41.015198 | D11: =60000*C11/(2*PI()*A11) -> 397.46934 | E11: =C11*Dau_vao!$B$10 -> 36.503526
A12: =Dau_vao!$B$21+(Dau_vao!$B$19*1.1-Dau_vao!$B$21)*10/100 -> 1006 | B12: =A12/Dau_vao!$B$19 -> 0.38692308 | C12: =Thiet_ke!$B$12*(Dau_vao!$B$22*B12+Dau_vao!$B$23*B12^2-Dau_vao!$B$24*B12^3) -> 42.135954 | D12: =60000*C12/(2*PI()*A12) -> 399.9689 | E12: =C12*Dau_vao!$B$10 -> 37.500999
A13: =Dau_vao!$B$21+(Dau_vao!$B$19*1.1-Dau_vao!$B$21)*11/100 -> 1026.6 | B13: =A13/Dau_vao!$B$19 -> 0.39484615 | C13: =Thiet_ke!$B$12*(Dau_vao!$B$22*B13+Dau_vao!$B$23*B13^2-Dau_vao!$B$24*B13^3) -> 43.261693 | D13: =60000*C13/(2*PI()*A13) -> 402.41451 | E13: =C13*Dau_vao!$B$10 -> 38.502906
A14: =Dau_vao!$B$21+(Dau_vao!$B$19*1.1-Dau_vao!$B$21)*12/100 -> 1047.2 | B14: =A14/Dau_vao!$B$19 -> 0.40276923 | C14: =Thiet_ke!$B$12*(Dau_vao!$B$22*B14+Dau_vao!$B$23*B14^2-Dau_vao!$B$24*B14^3) -> 44.392066 | D14: =60000*C14/(2*PI()*A14) -> 404.80615 | E14: =C14*Dau_vao!$B$10 -> 39.508939
A15: =Dau_vao!$B$21+(Dau_vao!$B$19*1.1-Dau_vao!$B$21)*13/100 -> 1067.8 | B15: =A15/Dau_vao!$B$19 -> 0.41069231 | C15: =Thiet_ke!$B$12*(Dau_vao!$B$22*B15+Dau_vao!$B$23*B15^2-Dau_vao!$B$24*B15^3) -> 45.526725 | D15: =60000*C15/(2*PI()*A15) -> 407.14384 | E15: =C15*Dau_vao!$B$10 -> 40.518785
A16: =Dau_vao!$B$21+(Dau_vao!$B$19*1.1-Dau_vao!$B$21)*14/100 -> 1088.4 | B16: =A16/Dau_vao!$B$19 -> 0.41861538 | C16: =Thiet_ke!$B$12*(Dau_vao!$B$22*B16+Dau_vao!$B$23*B16^2-Dau_vao!$B$24*B16^3) -> 46.665319 | D16: =60000*C16/(2*PI()*A16) -> 409.42758 | E16: =C16*Dau_vao!$B$10 -> 41.532134
A17: =Dau_vao!$B$21+(Dau_vao!$B$19*1.1-Dau_vao!$B$21)*15/100 -> 1109 | B17: =A17/Dau_vao!$B$19 -> 0.42653846 | C17: =Thiet_ke!$B$12*(Dau_vao!$B$22*B17+Dau_vao!$B$23*B17^2-Dau_vao!$B$24*B17^3) -> 47.807501 | D17: =60000*C17/(2*PI()*A17) -> 411.65735 | E17: =C17*Dau_vao!$B$10 -> 42.548676
A18: =Dau_vao!$B$21+(Dau_vao!$B$19*1.1-Dau_vao!$B$21)*16/100 -> 1129.6 | B18: =A18/Dau_vao!$B$19 -> 0.43446154 | C18: =Thiet_ke!$B$12*(Dau_vao!$B$22*B18+Dau_vao!$B$23*B18^2-Dau_vao!$B$24*B18^3) -> 48.95292 | D18: =60000*C18/(2*PI()*A18) -> 413.83317 | E18: =C18*Dau_vao!$B$10 -> 43.568099
A19: =Dau_vao!$B$21+(Dau_vao!$B$19*1.1-Dau_vao!$B$21)*17/100 -> 1150.2 | B19: =A19/Dau_vao!$B$19 -> 0.44238462 | C19: =Thiet_ke!$B$12*(Dau_vao!$B$22*B19+Dau_vao!$B$23*B19^2-Dau_vao!$B$24*B19^3) -> 50.101227 | D19: =60000*C19/(2*PI()*A19) -> 415.95503 | E19: =C19*Dau_vao!$B$10 -> 44.590092
A20: =Dau_vao!$B$21+(Dau_vao!$B$19*1.1-Dau_vao!$B$21)*18/100 -> 1170.8 | B20: =A20/Dau_vao!$B$19 -> 0.45030769 | C20: =Thiet_ke!$B$12*(Dau_vao!$B$22*B20+Dau_vao!$B$23*B20^2-Dau_vao!$B$24*B20^3) -> 51.252074 | D20: =60000*C20/(2*PI()*A20) -> 418.02294 | E20: =C20*Dau_vao!$B$10 -> 45.614346
A21: =Dau_vao!$B$21+(Dau_vao!$B$19*1.1-Dau_vao!$B$21)*19/100 -> 1191.4 | B21: =A21/Dau_vao!$B$19 -> 0.45823077 | C21: =Thiet_ke!$B$12*(Dau_vao!$B$22*B21+Dau_vao!$B$23*B21^2-Dau_vao!$B$24*B21^3) -> 52.405111 | D21: =60000*C21/(2*PI()*A21) -> 420.03689 | E21: =C21*Dau_vao!$B$10 -> 46.640549
A22: =Dau_vao!$B$21+(Dau_vao!$B$19*1.1-Dau_vao!$B$21)*20/100 -> 1212 | B22: =A22/Dau_vao!$B$19 -> 0.46615385 | C22: =Thiet_ke!$B$12*(Dau_vao!$B$22*B22+Dau_vao!$B$23*B22^2-Dau_vao!$B$24*B22^3) -> 53.559989 | D22: =60000*C22/(2*PI()*A22) -> 421.99688 | E22: =C22*Dau_vao!$B$10 -> 47.66839
A23: =Dau_vao!$B$21+(Dau_vao!$B$19*1.1-Dau_vao!$B$21)*21/100 -> 1232.6 | B23: =A23/Dau_vao!$B$19 -> 0.47407692 | C23: =Thiet_ke!$B$12*(Dau_vao!$B$22*B23+Dau_vao!$B$23*B23^2-Dau_vao!$B$24*B23^3) -> 54.716358 | D23: =60000*C23/(2*PI()*A23) -> 423.90292 | E23: =C23*Dau_vao!$B$10 -> 48.697559
A24: =Dau_vao!$B$21+(Dau_vao!$B$19*1.1-Dau_vao!$B$21)*22/100 -> 1253.2 | B24: =A24/Dau_vao!$B$19 -> 0.482 | C24: =Thiet_ke!$B$12*(Dau_vao!$B$22*B24+Dau_vao!$B$23*B24^2-Dau_vao!$B$24*B24^3) -> 55.87387 | D24: =60000*C24/(2*PI()*A24) -> 425.755 | E24: =C24*Dau_vao!$B$10 -> 49.727745
A25: =Dau_vao!$B$21+(Dau_vao!$B$19*1.1-Dau_vao!$B$21)*23/100 -> 1273.8 | B25: =A25/Dau_vao!$B$19 -> 0.48992308 | C25: =Thiet_ke!$B$12*(Dau_vao!$B$22*B25+Dau_vao!$B$23*B25^2-Dau_vao!$B$24*B25^3) -> 57.032176 | D25: =60000*C25/(2*PI()*A25) -> 427.55312 | E25: =C25*Dau_vao!$B$10 -> 50.758636
A26: =Dau_vao!$B$21+(Dau_vao!$B$19*1.1-Dau_vao!$B$21)*24/100 -> 1294.4 | B26: =A26/Dau_vao!$B$19 -> 0.49784615 | C26: =Thiet_ke!$B$12*(Dau_vao!$B$22*B26+Dau_vao!$B$23*B26^2-Dau_vao!$B$24*B26^3) -> 58.190925 | D26: =60000*C26/(2*PI()*A26) -> 429.29728 | E26: =C26*Dau_vao!$B$10 -> 51.789923
A27: =Dau_vao!$B$21+(Dau_vao!$B$19*1.1-Dau_vao!$B$21)*25/100 -> 1315 | B27: =A27/Dau_vao!$B$19 -> 0.50576923 | C27: =Thiet_ke!$B$12*(Dau_vao!$B$22*B27+Dau_vao!$B$23*B27^2-Dau_vao!$B$24*B27^3) -> 59.34977 | D27: =60000*C27/(2*PI()*A27) -> 430.98749 | E27: =C27*Dau_vao!$B$10 -> 52.821295
A28: =Dau_vao!$B$21+(Dau_vao!$B$19*1.1-Dau_vao!$B$21)*26/100 -> 1335.6 | B28: =A28/Dau_vao!$B$19 -> 0.51369231 | C28: =Thiet_ke!$B$12*(Dau_vao!$B$22*B28+Dau_vao!$B$23*B28^2-Dau_vao!$B$24*B28^3) -> 60.50836 | D28: =60000*C28/(2*PI()*A28) -> 432.62374 | E28: =C28*Dau_vao!$B$10 -> 53.85244
A29: =Dau_vao!$B$21+(Dau_vao!$B$19*1.1-Dau_vao!$B$21)*27/100 -> 1356.2 | B29: =A29/Dau_vao!$B$19 -> 0.52161538 | C29: =Thiet_ke!$B$12*(Dau_vao!$B$22*B29+Dau_vao!$B$23*B29^2-Dau_vao!$B$24*B29^3) -> 61.666346 | D29: =60000*C29/(2*PI()*A29) -> 434.20604 | E29: =C29*Dau_vao!$B$10 -> 54.883048
A30: =Dau_vao!$B$21+(Dau_vao!$B$19*1.1-Dau_vao!$B$21)*28/100 -> 1376.8 | B30: =A30/Dau_vao!$B$19 -> 0.52953846 | C30: =Thiet_ke!$B$12*(Dau_vao!$B$22*B30+Dau_vao!$B$23*B30^2-Dau_vao!$B$24*B30^3) -> 62.82338 | D30: =60000*C30/(2*PI()*A30) -> 435.73438 | E30: =C30*Dau_vao!$B$10 -> 55.912808
A31: =Dau_vao!$B$21+(Dau_vao!$B$19*1.1-Dau_vao!$B$21)*29/100 -> 1397.4 | B31: =A31/Dau_vao!$B$19 -> 0.53746154 | C31: =Thiet_ke!$B$12*(Dau_vao!$B$22*B31+Dau_vao!$B$23*B31^2-Dau_vao!$B$24*B31^3) -> 63.979112 | D31: =60000*C31/(2*PI()*A31) -> 437.20876 | E31: =C31*Dau_vao!$B$10 -> 56.94141
A32: =Dau_vao!$B$21+(Dau_vao!$B$19*1.1-Dau_vao!$B$21)*30/100 -> 1418 | B32: =A32/Dau_vao!$B$19 -> 0.54538462 | C32: =Thiet_ke!$B$12*(Dau_vao!$B$22*B32+Dau_vao!$B$23*B32^2-Dau_vao!$B$24*B32^3) -> 65.133193 | D32: =60000*C32/(2*PI()*A32) -> 438.62918 | E32: =C32*Dau_vao!$B$10 -> 57.968542
A33: =Dau_vao!$B$21+(Dau_vao!$B$19*1.1-Dau_vao!$B$21)*31/100 -> 1438.6 | B33: =A33/Dau_vao!$B$19 -> 0.55330769 | C33: =Thiet_ke!$B$12*(Dau_vao!$B$22*B33+Dau_vao!$B$23*B33^2-Dau_vao!$B$24*B33^3) -> 66.285274 | D33: =60000*C33/(2*PI()*A33) -> 439.99565 | E33: =C33*Dau_vao!$B$10 -> 58.993894
A34: =Dau_vao!$B$21+(Dau_vao!$B$19*1.1-Dau_vao!$B$21)*32/100 -> 1459.2 | B34: =A34/Dau_vao!$B$19 -> 0.56123077 | C34: =Thiet_ke!$B$12*(Dau_vao!$B$22*B34+Dau_vao!$B$23*B34^2-Dau_vao!$B$24*B34^3) -> 67.435006 | D34: =60000*C34/(2*PI()*A34) -> 441.30816 | E34: =C34*Dau_vao!$B$10 -> 60.017155
A35: =Dau_vao!$B$21+(Dau_vao!$B$19*1.1-Dau_vao!$B$21)*33/100 -> 1479.8 | B35: =A35/Dau_vao!$B$19 -> 0.56915385 | C35: =Thiet_ke!$B$12*(Dau_vao!$B$22*B35+Dau_vao!$B$23*B35^2-Dau_vao!$B$24*B35^3) -> 68.582039 | D35: =60000*C35/(2*PI()*A35) -> 442.56672 | E35: =C35*Dau_vao!$B$10 -> 61.038014
A36: =Dau_vao!$B$21+(Dau_vao!$B$19*1.1-Dau_vao!$B$21)*34/100 -> 1500.4 | B36: =A36/Dau_vao!$B$19 -> 0.57707692 | C36: =Thiet_ke!$B$12*(Dau_vao!$B$22*B36+Dau_vao!$B$23*B36^2-Dau_vao!$B$24*B36^3) -> 69.726024 | D36: =60000*C36/(2*PI()*A36) -> 443.77131 | E36: =C36*Dau_vao!$B$10 -> 62.056161
A37: =Dau_vao!$B$21+(Dau_vao!$B$19*1.1-Dau_vao!$B$21)*35/100 -> 1521 | B37: =A37/Dau_vao!$B$19 -> 0.585 | C37: =Thiet_ke!$B$12*(Dau_vao!$B$22*B37+Dau_vao!$B$23*B37^2-Dau_vao!$B$24*B37^3) -> 70.866612 | D37: =60000*C37/(2*PI()*A37) -> 444.92196 | E37: =C37*Dau_vao!$B$10 -> 63.071285
A38: =Dau_vao!$B$21+(Dau_vao!$B$19*1.1-Dau_vao!$B$21)*36/100 -> 1541.6 | B38: =A38/Dau_vao!$B$19 -> 0.59292308 | C38: =Thiet_ke!$B$12*(Dau_vao!$B$22*B38+Dau_vao!$B$23*B38^2-Dau_vao!$B$24*B38^3) -> 72.003454 | D38: =60000*C38/(2*PI()*A38) -> 446.01864 | E38: =C38*Dau_vao!$B$10 -> 64.083074
A39: =Dau_vao!$B$21+(Dau_vao!$B$19*1.1-Dau_vao!$B$21)*37/100 -> 1562.2 | B39: =A39/Dau_vao!$B$19 -> 0.60084615 | C39: =Thiet_ke!$B$12*(Dau_vao!$B$22*B39+Dau_vao!$B$23*B39^2-Dau_vao!$B$24*B39^3) -> 73.1362 | D39: =60000*C39/(2*PI()*A39) -> 447.06137 | E39: =C39*Dau_vao!$B$10 -> 65.091218
A40: =Dau_vao!$B$21+(Dau_vao!$B$19*1.1-Dau_vao!$B$21)*38/100 -> 1582.8 | B40: =A40/Dau_vao!$B$19 -> 0.60876923 | C40: =Thiet_ke!$B$12*(Dau_vao!$B$22*B40+Dau_vao!$B$23*B40^2-Dau_vao!$B$24*B40^3) -> 74.264502 | D40: =60000*C40/(2*PI()*A40) -> 448.05014 | E40: =C40*Dau_vao!$B$10 -> 66.095407
A41: =Dau_vao!$B$21+(Dau_vao!$B$19*1.1-Dau_vao!$B$21)*39/100 -> 1603.4 | B41: =A41/Dau_vao!$B$19 -> 0.61669231 | C41: =Thiet_ke!$B$12*(Dau_vao!$B$22*B41+Dau_vao!$B$23*B41^2-Dau_vao!$B$24*B41^3) -> 75.388011 | D41: =60000*C41/(2*PI()*A41) -> 448.98495 | E41: =C41*Dau_vao!$B$10 -> 67.095329
A42: =Dau_vao!$B$21+(Dau_vao!$B$19*1.1-Dau_vao!$B$21)*40/100 -> 1624 | B42: =A42/Dau_vao!$B$19 -> 0.62461538 | C42: =Thiet_ke!$B$12*(Dau_vao!$B$22*B42+Dau_vao!$B$23*B42^2-Dau_vao!$B$24*B42^3) -> 76.506376 | D42: =60000*C42/(2*PI()*A42) -> 449.86581 | E42: =C42*Dau_vao!$B$10 -> 68.090675
A43: =Dau_vao!$B$21+(Dau_vao!$B$19*1.1-Dau_vao!$B$21)*41/100 -> 1644.6 | B43: =A43/Dau_vao!$B$19 -> 0.63253846 | C43: =Thiet_ke!$B$12*(Dau_vao!$B$22*B43+Dau_vao!$B$23*B43^2-Dau_vao!$B$24*B43^3) -> 77.619249 | D43: =60000*C43/(2*PI()*A43) -> 450.69271 | E43: =C43*Dau_vao!$B$10 -> 69.081132
A44: =Dau_vao!$B$21+(Dau_vao!$B$19*1.1-Dau_vao!$B$21)*42/100 -> 1665.2 | B44: =A44/Dau_vao!$B$19 -> 0.64046154 | C44: =Thiet_ke!$B$12*(Dau_vao!$B$22*B44+Dau_vao!$B$23*B44^2-Dau_vao!$B$24*B44^3) -> 78.726281 | D44: =60000*C44/(2*PI()*A44) -> 451.46565 | E44: =C44*Dau_vao!$B$10 -> 70.06639
A45: =Dau_vao!$B$21+(Dau_vao!$B$19*1.1-Dau_vao!$B$21)*43/100 -> 1685.8 | B45: =A45/Dau_vao!$B$19 -> 0.64838462 | C45: =Thiet_ke!$B$12*(Dau_vao!$B$22*B45+Dau_vao!$B$23*B45^2-Dau_vao!$B$24*B45^3) -> 79.827122 | D45: =60000*C45/(2*PI()*A45) -> 452.18464 | E45: =C45*Dau_vao!$B$10 -> 71.046139
A46: =Dau_vao!$B$21+(Dau_vao!$B$19*1.1-Dau_vao!$B$21)*44/100 -> 1706.4 | B46: =A46/Dau_vao!$B$19 -> 0.65630769 | C46: =Thiet_ke!$B$12*(Dau_vao!$B$22*B46+Dau_vao!$B$23*B46^2-Dau_vao!$B$24*B46^3) -> 80.921424 | D46: =60000*C46/(2*PI()*A46) -> 452.84967 | E46: =C46*Dau_vao!$B$10 -> 72.020067
A47: =Dau_vao!$B$21+(Dau_vao!$B$19*1.1-Dau_vao!$B$21)*45/100 -> 1727 | B47: =A47/Dau_vao!$B$19 -> 0.66423077 | C47: =Thiet_ke!$B$12*(Dau_vao!$B$22*B47+Dau_vao!$B$23*B47^2-Dau_vao!$B$24*B47^3) -> 82.008837 | D47: =60000*C47/(2*PI()*A47) -> 453.46074 | E47: =C47*Dau_vao!$B$10 -> 72.987865
A48: =Dau_vao!$B$21+(Dau_vao!$B$19*1.1-Dau_vao!$B$21)*46/100 -> 1747.6 | B48: =A48/Dau_vao!$B$19 -> 0.67215385 | C48: =Thiet_ke!$B$12*(Dau_vao!$B$22*B48+Dau_vao!$B$23*B48^2-Dau_vao!$B$24*B48^3) -> 83.089011 | D48: =60000*C48/(2*PI()*A48) -> 454.01786 | E48: =C48*Dau_vao!$B$10 -> 73.94922
A49: =Dau_vao!$B$21+(Dau_vao!$B$19*1.1-Dau_vao!$B$21)*47/100 -> 1768.2 | B49: =A49/Dau_vao!$B$19 -> 0.68007692 | C49: =Thiet_ke!$B$12*(Dau_vao!$B$22*B49+Dau_vao!$B$23*B49^2-Dau_vao!$B$24*B49^3) -> 84.161599 | D49: =60000*C49/(2*PI()*A49) -> 454.52102 | E49: =C49*Dau_vao!$B$10 -> 74.903823
A50: =Dau_vao!$B$21+(Dau_vao!$B$19*1.1-Dau_vao!$B$21)*48/100 -> 1788.8 | B50: =A50/Dau_vao!$B$19 -> 0.688 | C50: =Thiet_ke!$B$12*(Dau_vao!$B$22*B50+Dau_vao!$B$23*B50^2-Dau_vao!$B$24*B50^3) -> 85.22625 | D50: =60000*C50/(2*PI()*A50) -> 454.97022 | E50: =C50*Dau_vao!$B$10 -> 75.851362
A51: =Dau_vao!$B$21+(Dau_vao!$B$19*1.1-Dau_vao!$B$21)*49/100 -> 1809.4 | B51: =A51/Dau_vao!$B$19 -> 0.69592308 | C51: =Thiet_ke!$B$12*(Dau_vao!$B$22*B51+Dau_vao!$B$23*B51^2-Dau_vao!$B$24*B51^3) -> 86.282615 | D51: =60000*C51/(2*PI()*A51) -> 455.36547 | E51: =C51*Dau_vao!$B$10 -> 76.791527
A52: =Dau_vao!$B$21+(Dau_vao!$B$19*1.1-Dau_vao!$B$21)*50/100 -> 1830 | B52: =A52/Dau_vao!$B$19 -> 0.70384615 | C52: =Thiet_ke!$B$12*(Dau_vao!$B$22*B52+Dau_vao!$B$23*B52^2-Dau_vao!$B$24*B52^3) -> 87.330345 | D52: =60000*C52/(2*PI()*A52) -> 455.70676 | E52: =C52*Dau_vao!$B$10 -> 77.724007
A53: =Dau_vao!$B$21+(Dau_vao!$B$19*1.1-Dau_vao!$B$21)*51/100 -> 1850.6 | B53: =A53/Dau_vao!$B$19 -> 0.71176923 | C53: =Thiet_ke!$B$12*(Dau_vao!$B$22*B53+Dau_vao!$B$23*B53^2-Dau_vao!$B$24*B53^3) -> 88.369092 | D53: =60000*C53/(2*PI()*A53) -> 455.99409 | E53: =C53*Dau_vao!$B$10 -> 78.648492
A54: =Dau_vao!$B$21+(Dau_vao!$B$19*1.1-Dau_vao!$B$21)*52/100 -> 1871.2 | B54: =A54/Dau_vao!$B$19 -> 0.71969231 | C54: =Thiet_ke!$B$12*(Dau_vao!$B$22*B54+Dau_vao!$B$23*B54^2-Dau_vao!$B$24*B54^3) -> 89.398505 | D54: =60000*C54/(2*PI()*A54) -> 456.22747 | E54: =C54*Dau_vao!$B$10 -> 79.564669
A55: =Dau_vao!$B$21+(Dau_vao!$B$19*1.1-Dau_vao!$B$21)*53/100 -> 1891.8 | B55: =A55/Dau_vao!$B$19 -> 0.72761538 | C55: =Thiet_ke!$B$12*(Dau_vao!$B$22*B55+Dau_vao!$B$23*B55^2-Dau_vao!$B$24*B55^3) -> 90.418236 | D55: =60000*C55/(2*PI()*A55) -> 456.40689 | E55: =C55*Dau_vao!$B$10 -> 80.47223
A56: =Dau_vao!$B$21+(Dau_vao!$B$19*1.1-Dau_vao!$B$21)*54/100 -> 1912.4 | B56: =A56/Dau_vao!$B$19 -> 0.73553846 | C56: =Thiet_ke!$B$12*(Dau_vao!$B$22*B56+Dau_vao!$B$23*B56^2-Dau_vao!$B$24*B56^3) -> 91.427935 | D56: =60000*C56/(2*PI()*A56) -> 456.53235 | E56: =C56*Dau_vao!$B$10 -> 81.370862
A57: =Dau_vao!$B$21+(Dau_vao!$B$19*1.1-Dau_vao!$B$21)*55/100 -> 1933 | B57: =A57/Dau_vao!$B$19 -> 0.74346154 | C57: =Thiet_ke!$B$12*(Dau_vao!$B$22*B57+Dau_vao!$B$23*B57^2-Dau_vao!$B$24*B57^3) -> 92.427253 | D57: =60000*C57/(2*PI()*A57) -> 456.60386 | E57: =C57*Dau_vao!$B$10 -> 82.260255
A58: =Dau_vao!$B$21+(Dau_vao!$B$19*1.1-Dau_vao!$B$21)*56/100 -> 1953.6 | B58: =A58/Dau_vao!$B$19 -> 0.75138462 | C58: =Thiet_ke!$B$12*(Dau_vao!$B$22*B58+Dau_vao!$B$23*B58^2-Dau_vao!$B$24*B58^3) -> 93.415841 | D58: =60000*C58/(2*PI()*A58) -> 456.6214 | E58: =C58*Dau_vao!$B$10 -> 83.140099
A59: =Dau_vao!$B$21+(Dau_vao!$B$19*1.1-Dau_vao!$B$21)*57/100 -> 1974.2 | B59: =A59/Dau_vao!$B$19 -> 0.75930769 | C59: =Thiet_ke!$B$12*(Dau_vao!$B$22*B59+Dau_vao!$B$23*B59^2-Dau_vao!$B$24*B59^3) -> 94.393351 | D59: =60000*C59/(2*PI()*A59) -> 456.585 | E59: =C59*Dau_vao!$B$10 -> 84.010082
A60: =Dau_vao!$B$21+(Dau_vao!$B$19*1.1-Dau_vao!$B$21)*58/100 -> 1994.8 | B60: =A60/Dau_vao!$B$19 -> 0.76723077 | C60: =Thiet_ke!$B$12*(Dau_vao!$B$22*B60+Dau_vao!$B$23*B60^2-Dau_vao!$B$24*B60^3) -> 95.359431 | D60: =60000*C60/(2*PI()*A60) -> 456.49463 | E60: =C60*Dau_vao!$B$10 -> 84.869894
A61: =Dau_vao!$B$21+(Dau_vao!$B$19*1.1-Dau_vao!$B$21)*59/100 -> 2015.4 | B61: =A61/Dau_vao!$B$19 -> 0.77515385 | C61: =Thiet_ke!$B$12*(Dau_vao!$B$22*B61+Dau_vao!$B$23*B61^2-Dau_vao!$B$24*B61^3) -> 96.313735 | D61: =60000*C61/(2*PI()*A61) -> 456.35031 | E61: =C61*Dau_vao!$B$10 -> 85.719224
A62: =Dau_vao!$B$21+(Dau_vao!$B$19*1.1-Dau_vao!$B$21)*60/100 -> 2036 | B62: =A62/Dau_vao!$B$19 -> 0.78307692 | C62: =Thiet_ke!$B$12*(Dau_vao!$B$22*B62+Dau_vao!$B$23*B62^2-Dau_vao!$B$24*B62^3) -> 97.255911 | D62: =60000*C62/(2*PI()*A62) -> 456.15203 | E62: =C62*Dau_vao!$B$10 -> 86.557761
A63: =Dau_vao!$B$21+(Dau_vao!$B$19*1.1-Dau_vao!$B$21)*61/100 -> 2056.6 | B63: =A63/Dau_vao!$B$19 -> 0.791 | C63: =Thiet_ke!$B$12*(Dau_vao!$B$22*B63+Dau_vao!$B$23*B63^2-Dau_vao!$B$24*B63^3) -> 98.185612 | D63: =60000*C63/(2*PI()*A63) -> 455.8998 | E63: =C63*Dau_vao!$B$10 -> 87.385194
A64: =Dau_vao!$B$21+(Dau_vao!$B$19*1.1-Dau_vao!$B$21)*62/100 -> 2077.2 | B64: =A64/Dau_vao!$B$19 -> 0.79892308 | C64: =Thiet_ke!$B$12*(Dau_vao!$B$22*B64+Dau_vao!$B$23*B64^2-Dau_vao!$B$24*B64^3) -> 99.102487 | D64: =60000*C64/(2*PI()*A64) -> 455.59361 | E64: =C64*Dau_vao!$B$10 -> 88.201213
A65: =Dau_vao!$B$21+(Dau_vao!$B$19*1.1-Dau_vao!$B$21)*63/100 -> 2097.8 | B65: =A65/Dau_vao!$B$19 -> 0.80684615 | C65: =Thiet_ke!$B$12*(Dau_vao!$B$22*B65+Dau_vao!$B$23*B65^2-Dau_vao!$B$24*B65^3) -> 100.00619 | D65: =60000*C65/(2*PI()*A65) -> 455.23346 | E65: =C65*Dau_vao!$B$10 -> 89.005507
A66: =Dau_vao!$B$21+(Dau_vao!$B$19*1.1-Dau_vao!$B$21)*64/100 -> 2118.4 | B66: =A66/Dau_vao!$B$19 -> 0.81476923 | C66: =Thiet_ke!$B$12*(Dau_vao!$B$22*B66+Dau_vao!$B$23*B66^2-Dau_vao!$B$24*B66^3) -> 100.89637 | D66: =60000*C66/(2*PI()*A66) -> 454.81935 | E66: =C66*Dau_vao!$B$10 -> 89.797765
A67: =Dau_vao!$B$21+(Dau_vao!$B$19*1.1-Dau_vao!$B$21)*65/100 -> 2139 | B67: =A67/Dau_vao!$B$19 -> 0.82269231 | C67: =Thiet_ke!$B$12*(Dau_vao!$B$22*B67+Dau_vao!$B$23*B67^2-Dau_vao!$B$24*B67^3) -> 101.77267 | D67: =60000*C67/(2*PI()*A67) -> 454.35129 | E67: =C67*Dau_vao!$B$10 -> 90.577677
A68: =Dau_vao!$B$21+(Dau_vao!$B$19*1.1-Dau_vao!$B$21)*66/100 -> 2159.6 | B68: =A68/Dau_vao!$B$19 -> 0.83061538 | C68: =Thiet_ke!$B$12*(Dau_vao!$B$22*B68+Dau_vao!$B$23*B68^2-Dau_vao!$B$24*B68^3) -> 102.63475 | D68: =60000*C68/(2*PI()*A68) -> 453.82927 | E68: =C68*Dau_vao!$B$10 -> 91.34493
A69: =Dau_vao!$B$21+(Dau_vao!$B$19*1.1-Dau_vao!$B$21)*67/100 -> 2180.2 | B69: =A69/Dau_vao!$B$19 -> 0.83853846 | C69: =Thiet_ke!$B$12*(Dau_vao!$B$22*B69+Dau_vao!$B$23*B69^2-Dau_vao!$B$24*B69^3) -> 103.48227 | D69: =60000*C69/(2*PI()*A69) -> 453.2533 | E69: =C69*Dau_vao!$B$10 -> 92.099216
A70: =Dau_vao!$B$21+(Dau_vao!$B$19*1.1-Dau_vao!$B$21)*68/100 -> 2200.8 | B70: =A70/Dau_vao!$B$19 -> 0.84646154 | C70: =Thiet_ke!$B$12*(Dau_vao!$B$22*B70+Dau_vao!$B$23*B70^2-Dau_vao!$B$24*B70^3) -> 104.31486 | D70: =60000*C70/(2*PI()*A70) -> 452.62337 | E70: =C70*Dau_vao!$B$10 -> 92.840222
A71: =Dau_vao!$B$21+(Dau_vao!$B$19*1.1-Dau_vao!$B$21)*69/100 -> 2221.4 | B71: =A71/Dau_vao!$B$19 -> 0.85438462 | C71: =Thiet_ke!$B$12*(Dau_vao!$B$22*B71+Dau_vao!$B$23*B71^2-Dau_vao!$B$24*B71^3) -> 105.13218 | D71: =60000*C71/(2*PI()*A71) -> 451.93948 | E71: =C71*Dau_vao!$B$10 -> 93.567639
A72: =Dau_vao!$B$21+(Dau_vao!$B$19*1.1-Dau_vao!$B$21)*70/100 -> 2242 | B72: =A72/Dau_vao!$B$19 -> 0.86230769 | C72: =Thiet_ke!$B$12*(Dau_vao!$B$22*B72+Dau_vao!$B$23*B72^2-Dau_vao!$B$24*B72^3) -> 105.93388 | D72: =60000*C72/(2*PI()*A72) -> 451.20163 | E72: =C72*Dau_vao!$B$10 -> 94.281155
A73: =Dau_vao!$B$21+(Dau_vao!$B$19*1.1-Dau_vao!$B$21)*71/100 -> 2262.6 | B73: =A73/Dau_vao!$B$19 -> 0.87023077 | C73: =Thiet_ke!$B$12*(Dau_vao!$B$22*B73+Dau_vao!$B$23*B73^2-Dau_vao!$B$24*B73^3) -> 106.71962 | D73: =60000*C73/(2*PI()*A73) -> 450.40983 | E73: =C73*Dau_vao!$B$10 -> 94.98046
A74: =Dau_vao!$B$21+(Dau_vao!$B$19*1.1-Dau_vao!$B$21)*72/100 -> 2283.2 | B74: =A74/Dau_vao!$B$19 -> 0.87815385 | C74: =Thiet_ke!$B$12*(Dau_vao!$B$22*B74+Dau_vao!$B$23*B74^2-Dau_vao!$B$24*B74^3) -> 107.48904 | D74: =60000*C74/(2*PI()*A74) -> 449.56407 | E74: =C74*Dau_vao!$B$10 -> 95.665242
A75: =Dau_vao!$B$21+(Dau_vao!$B$19*1.1-Dau_vao!$B$21)*73/100 -> 2303.8 | B75: =A75/Dau_vao!$B$19 -> 0.88607692 | C75: =Thiet_ke!$B$12*(Dau_vao!$B$22*B75+Dau_vao!$B$23*B75^2-Dau_vao!$B$24*B75^3) -> 108.24179 | D75: =60000*C75/(2*PI()*A75) -> 448.66435 | E75: =C75*Dau_vao!$B$10 -> 96.335192
A76: =Dau_vao!$B$21+(Dau_vao!$B$19*1.1-Dau_vao!$B$21)*74/100 -> 2324.4 | B76: =A76/Dau_vao!$B$19 -> 0.894 | C76: =Thiet_ke!$B$12*(Dau_vao!$B$22*B76+Dau_vao!$B$23*B76^2-Dau_vao!$B$24*B76^3) -> 108.97753 | D76: =60000*C76/(2*PI()*A76) -> 447.71068 | E76: =C76*Dau_vao!$B$10 -> 96.989997
A77: =Dau_vao!$B$21+(Dau_vao!$B$19*1.1-Dau_vao!$B$21)*75/100 -> 2345 | B77: =A77/Dau_vao!$B$19 -> 0.90192308 | C77: =Thiet_ke!$B$12*(Dau_vao!$B$22*B77+Dau_vao!$B$23*B77^2-Dau_vao!$B$24*B77^3) -> 109.6959 | D77: =60000*C77/(2*PI()*A77) -> 446.70305 | E77: =C77*Dau_vao!$B$10 -> 97.629349
A78: =Dau_vao!$B$21+(Dau_vao!$B$19*1.1-Dau_vao!$B$21)*76/100 -> 2365.6 | B78: =A78/Dau_vao!$B$19 -> 0.90984615 | C78: =Thiet_ke!$B$12*(Dau_vao!$B$22*B78+Dau_vao!$B$23*B78^2-Dau_vao!$B$24*B78^3) -> 110.39656 | D78: =60000*C78/(2*PI()*A78) -> 445.64147 | E78: =C78*Dau_vao!$B$10 -> 98.252935
A79: =Dau_vao!$B$21+(Dau_vao!$B$19*1.1-Dau_vao!$B$21)*77/100 -> 2386.2 | B79: =A79/Dau_vao!$B$19 -> 0.91776923 | C79: =Thiet_ke!$B$12*(Dau_vao!$B$22*B79+Dau_vao!$B$23*B79^2-Dau_vao!$B$24*B79^3) -> 111.07915 | D79: =60000*C79/(2*PI()*A79) -> 444.52592 | E79: =C79*Dau_vao!$B$10 -> 98.860444
A80: =Dau_vao!$B$21+(Dau_vao!$B$19*1.1-Dau_vao!$B$21)*78/100 -> 2406.8 | B80: =A80/Dau_vao!$B$19 -> 0.92569231 | C80: =Thiet_ke!$B$12*(Dau_vao!$B$22*B80+Dau_vao!$B$23*B80^2-Dau_vao!$B$24*B80^3) -> 111.74333 | D80: =60000*C80/(2*PI()*A80) -> 443.35642 | E80: =C80*Dau_vao!$B$10 -> 99.451568
A81: =Dau_vao!$B$21+(Dau_vao!$B$19*1.1-Dau_vao!$B$21)*79/100 -> 2427.4 | B81: =A81/Dau_vao!$B$19 -> 0.93361538 | C81: =Thiet_ke!$B$12*(Dau_vao!$B$22*B81+Dau_vao!$B$23*B81^2-Dau_vao!$B$24*B81^3) -> 112.38876 | D81: =60000*C81/(2*PI()*A81) -> 442.13297 | E81: =C81*Dau_vao!$B$10 -> 100.02599
A82: =Dau_vao!$B$21+(Dau_vao!$B$19*1.1-Dau_vao!$B$21)*80/100 -> 2448 | B82: =A82/Dau_vao!$B$19 -> 0.94153846 | C82: =Thiet_ke!$B$12*(Dau_vao!$B$22*B82+Dau_vao!$B$23*B82^2-Dau_vao!$B$24*B82^3) -> 113.01507 | D82: =60000*C82/(2*PI()*A82) -> 440.85555 | E82: =C82*Dau_vao!$B$10 -> 100.58341
A83: =Dau_vao!$B$21+(Dau_vao!$B$19*1.1-Dau_vao!$B$21)*81/100 -> 2468.6 | B83: =A83/Dau_vao!$B$19 -> 0.94946154 | C83: =Thiet_ke!$B$12*(Dau_vao!$B$22*B83+Dau_vao!$B$23*B83^2-Dau_vao!$B$24*B83^3) -> 113.62192 | D83: =60000*C83/(2*PI()*A83) -> 439.52418 | E83: =C83*Dau_vao!$B$10 -> 101.12351
A84: =Dau_vao!$B$21+(Dau_vao!$B$19*1.1-Dau_vao!$B$21)*82/100 -> 2489.2 | B84: =A84/Dau_vao!$B$19 -> 0.95738462 | C84: =Thiet_ke!$B$12*(Dau_vao!$B$22*B84+Dau_vao!$B$23*B84^2-Dau_vao!$B$24*B84^3) -> 114.20896 | D84: =60000*C84/(2*PI()*A84) -> 438.13886 | E84: =C84*Dau_vao!$B$10 -> 101.64598
A85: =Dau_vao!$B$21+(Dau_vao!$B$19*1.1-Dau_vao!$B$21)*83/100 -> 2509.8 | B85: =A85/Dau_vao!$B$19 -> 0.96530769 | C85: =Thiet_ke!$B$12*(Dau_vao!$B$22*B85+Dau_vao!$B$23*B85^2-Dau_vao!$B$24*B85^3) -> 114.77585 | D85: =60000*C85/(2*PI()*A85) -> 436.69957 | E85: =C85*Dau_vao!$B$10 -> 102.1505
A86: =Dau_vao!$B$21+(Dau_vao!$B$19*1.1-Dau_vao!$B$21)*84/100 -> 2530.4 | B86: =A86/Dau_vao!$B$19 -> 0.97323077 | C86: =Thiet_ke!$B$12*(Dau_vao!$B$22*B86+Dau_vao!$B$23*B86^2-Dau_vao!$B$24*B86^3) -> 115.32222 | D86: =60000*C86/(2*PI()*A86) -> 435.20633 | E86: =C86*Dau_vao!$B$10 -> 102.63678
A87: =Dau_vao!$B$21+(Dau_vao!$B$19*1.1-Dau_vao!$B$21)*85/100 -> 2551 | B87: =A87/Dau_vao!$B$19 -> 0.98115385 | C87: =Thiet_ke!$B$12*(Dau_vao!$B$22*B87+Dau_vao!$B$23*B87^2-Dau_vao!$B$24*B87^3) -> 115.84774 | D87: =60000*C87/(2*PI()*A87) -> 433.65914 | E87: =C87*Dau_vao!$B$10 -> 103.10449
A88: =Dau_vao!$B$21+(Dau_vao!$B$19*1.1-Dau_vao!$B$21)*86/100 -> 2571.6 | B88: =A88/Dau_vao!$B$19 -> 0.98907692 | C88: =Thiet_ke!$B$12*(Dau_vao!$B$22*B88+Dau_vao!$B$23*B88^2-Dau_vao!$B$24*B88^3) -> 116.35206 | D88: =60000*C88/(2*PI()*A88) -> 432.05798 | E88: =C88*Dau_vao!$B$10 -> 103.55333
A89: =Dau_vao!$B$21+(Dau_vao!$B$19*1.1-Dau_vao!$B$21)*87/100 -> 2592.2 | B89: =A89/Dau_vao!$B$19 -> 0.997 | C89: =Thiet_ke!$B$12*(Dau_vao!$B$22*B89+Dau_vao!$B$23*B89^2-Dau_vao!$B$24*B89^3) -> 116.83482 | D89: =60000*C89/(2*PI()*A89) -> 430.40287 | E89: =C89*Dau_vao!$B$10 -> 103.98299
A90: =Dau_vao!$B$21+(Dau_vao!$B$19*1.1-Dau_vao!$B$21)*88/100 -> 2612.8 | B90: =A90/Dau_vao!$B$19 -> 1.0049231 | C90: =Thiet_ke!$B$12*(Dau_vao!$B$22*B90+Dau_vao!$B$23*B90^2-Dau_vao!$B$24*B90^3) -> 117.29567 | D90: =60000*C90/(2*PI()*A90) -> 428.69381 | E90: =C90*Dau_vao!$B$10 -> 104.39315
A91: =Dau_vao!$B$21+(Dau_vao!$B$19*1.1-Dau_vao!$B$21)*89/100 -> 2633.4 | B91: =A91/Dau_vao!$B$19 -> 1.0128462 | C91: =Thiet_ke!$B$12*(Dau_vao!$B$22*B91+Dau_vao!$B$23*B91^2-Dau_vao!$B$24*B91^3) -> 117.73428 | D91: =60000*C91/(2*PI()*A91) -> 426.93078 | E91: =C91*Dau_vao!$B$10 -> 104.78351
A92: =Dau_vao!$B$21+(Dau_vao!$B$19*1.1-Dau_vao!$B$21)*90/100 -> 2654 | B92: =A92/Dau_vao!$B$19 -> 1.0207692 | C92: =Thiet_ke!$B$12*(Dau_vao!$B$22*B92+Dau_vao!$B$23*B92^2-Dau_vao!$B$24*B92^3) -> 118.15028 | D92: =60000*C92/(2*PI()*A92) -> 425.1138 | E92: =C92*Dau_vao!$B$10 -> 105.15375
A93: =Dau_vao!$B$21+(Dau_vao!$B$19*1.1-Dau_vao!$B$21)*91/100 -> 2674.6 | B93: =A93/Dau_vao!$B$19 -> 1.0286923 | C93: =Thiet_ke!$B$12*(Dau_vao!$B$22*B93+Dau_vao!$B$23*B93^2-Dau_vao!$B$24*B93^3) -> 118.54332 | D93: =60000*C93/(2*PI()*A93) -> 423.24286 | E93: =C93*Dau_vao!$B$10 -> 105.50356
A94: =Dau_vao!$B$21+(Dau_vao!$B$19*1.1-Dau_vao!$B$21)*92/100 -> 2695.2 | B94: =A94/Dau_vao!$B$19 -> 1.0366154 | C94: =Thiet_ke!$B$12*(Dau_vao!$B$22*B94+Dau_vao!$B$23*B94^2-Dau_vao!$B$24*B94^3) -> 118.91307 | D94: =60000*C94/(2*PI()*A94) -> 421.31797 | E94: =C94*Dau_vao!$B$10 -> 105.83263
A95: =Dau_vao!$B$21+(Dau_vao!$B$19*1.1-Dau_vao!$B$21)*93/100 -> 2715.8 | B95: =A95/Dau_vao!$B$19 -> 1.0445385 | C95: =Thiet_ke!$B$12*(Dau_vao!$B$22*B95+Dau_vao!$B$23*B95^2-Dau_vao!$B$24*B95^3) -> 119.25917 | D95: =60000*C95/(2*PI()*A95) -> 419.33912 | E95: =C95*Dau_vao!$B$10 -> 106.14066
A96: =Dau_vao!$B$21+(Dau_vao!$B$19*1.1-Dau_vao!$B$21)*94/100 -> 2736.4 | B96: =A96/Dau_vao!$B$19 -> 1.0524615 | C96: =Thiet_ke!$B$12*(Dau_vao!$B$22*B96+Dau_vao!$B$23*B96^2-Dau_vao!$B$24*B96^3) -> 119.58127 | D96: =60000*C96/(2*PI()*A96) -> 417.30631 | E96: =C96*Dau_vao!$B$10 -> 106.42733
A97: =Dau_vao!$B$21+(Dau_vao!$B$19*1.1-Dau_vao!$B$21)*95/100 -> 2757 | B97: =A97/Dau_vao!$B$19 -> 1.0603846 | C97: =Thiet_ke!$B$12*(Dau_vao!$B$22*B97+Dau_vao!$B$23*B97^2-Dau_vao!$B$24*B97^3) -> 119.87902 | D97: =60000*C97/(2*PI()*A97) -> 415.21955 | E97: =C97*Dau_vao!$B$10 -> 106.69233
A98: =Dau_vao!$B$21+(Dau_vao!$B$19*1.1-Dau_vao!$B$21)*96/100 -> 2777.6 | B98: =A98/Dau_vao!$B$19 -> 1.0683077 | C98: =Thiet_ke!$B$12*(Dau_vao!$B$22*B98+Dau_vao!$B$23*B98^2-Dau_vao!$B$24*B98^3) -> 120.15207 | D98: =60000*C98/(2*PI()*A98) -> 413.07882 | E98: =C98*Dau_vao!$B$10 -> 106.93534
A99: =Dau_vao!$B$21+(Dau_vao!$B$19*1.1-Dau_vao!$B$21)*97/100 -> 2798.2 | B99: =A99/Dau_vao!$B$19 -> 1.0762308 | C99: =Thiet_ke!$B$12*(Dau_vao!$B$22*B99+Dau_vao!$B$23*B99^2-Dau_vao!$B$24*B99^3) -> 120.40007 | D99: =60000*C99/(2*PI()*A99) -> 410.88415 | E99: =C99*Dau_vao!$B$10 -> 107.15607
A100: =Dau_vao!$B$21+(Dau_vao!$B$19*1.1-Dau_vao!$B$21)*98/100 -> 2818.8 | B100: =A100/Dau_vao!$B$19 -> 1.0841538 | C100: =Thiet_ke!$B$12*(Dau_vao!$B$22*B100+Dau_vao!$B$23*B100^2-Dau_vao!$B$24*B100^3) -> 120.62268 | D100: =60000*C100/(2*PI()*A100) -> 408.63551 | E100: =C100*Dau_vao!$B$10 -> 107.35419
...

Sheet Luc_keo
A1: Số | B1: ih | C1: n rpm | D1: v m/s | E1: v km/h | F1: Ne kW | G1: Me Nm | H1: Pk N | I1: f | J1: Pw N | K1: Pc N | L1: D | M1: delta | N1: j m/s2 | O1: 1/j s2/m
A2: 1 | B2: =Thiet_ke!$B$20 -> 7 | C2: =Dau_vao!$B$21+(Dau_vao!$B$19-Dau_vao!$B$21)*0/200 -> 800 | D2: =2*PI()*C2*Thiet_ke!$B$7/(60*Thiet_ke!$B$15*B2) -> 1.2888346 | E2: =D2*3.6 -> 4.6398046 | F2: =Thiet_ke!$B$12*(Dau_vao!$B$22*(C2/Dau_vao!$B$19)+Dau_vao!$B$23*(C2/Dau_vao!$B$19)^2-Dau_vao!$B$24*(C2/Dau_vao!$B$19)^3) -> 31.210278 | G2: =60000*F2/(2*PI()*C2) -> 372.54525 | H2: =G2*Thiet_ke!$B$15*B2*Dau_vao!$B$10/Thiet_ke!$B$7 -> 21552.142 | I2: =IF(D2<=Dau_vao!$B$14,Dau_vao!$B$13,Dau_vao!$B$13*(1+D2^2/1500)) -> 0.015 | J2: =Thiet_ke!$B$8*D2^2 -> 4.8587019 | K2: =Thiet_ke!$B$3*I2+J2 -> 1136.4422 | L2: =(H2-J2)/Thiet_ke!$B$3 -> 0.28562563 | M2: =1.05+0.05*B2^2 -> 3.5 | N2: =(MIN(H2,Thiet_ke!$B$16)-K2)/(Thiet_ke!$B$2*M2) -> 0.75852499 | O2: =IF(N2>0,1/N2,"") -> 1.3183481
A3: 1 | B3: =Thiet_ke!$B$20 -> 7 | C3: =Dau_vao!$B$21+(Dau_vao!$B$19-Dau_vao!$B$21)*1/200 -> 809 | D3: =2*PI()*C3*Thiet_ke!$B$7/(60*Thiet_ke!$B$15*B3) -> 1.303334 | E3: =D3*3.6 -> 4.6920024 | F3: =Thiet_ke!$B$12*(Dau_vao!$B$22*(C3/Dau_vao!$B$19)+Dau_vao!$B$23*(C3/Dau_vao!$B$19)^2-Dau_vao!$B$24*(C3/Dau_vao!$B$19)^3) -> 31.672445 | G3: =60000*F3/(2*PI()*C3) -> 373.85609 | H3: =G3*Thiet_ke!$B$15*B3*Dau_vao!$B$10/Thiet_ke!$B$7 -> 21627.976 | I3: =IF(D3<=Dau_vao!$B$14,Dau_vao!$B$13,Dau_vao!$B$13*(1+D3^2/1500)) -> 0.015 | J3: =Thiet_ke!$B$8*D3^2 -> 4.9686377 | K3: =Thiet_ke!$B$3*I3+J3 -> 1136.5521 | L3: =(H3-J3)/Thiet_ke!$B$3 -> 0.28662941 | M3: =1.05+0.05*B3^2 -> 3.5 | N3: =(MIN(H3,Thiet_ke!$B$16)-K3)/(Thiet_ke!$B$2*M3) -> 0.76133842 | O3: =IF(N3>0,1/N3,"") -> 1.3134763
A4: 1 | B4: =Thiet_ke!$B$20 -> 7 | C4: =Dau_vao!$B$21+(Dau_vao!$B$19-Dau_vao!$B$21)*2/200 -> 818 | D4: =2*PI()*C4*Thiet_ke!$B$7/(60*Thiet_ke!$B$15*B4) -> 1.3178334 | E4: =D4*3.6 -> 4.7442002 | F4: =Thiet_ke!$B$12*(Dau_vao!$B$22*(C4/Dau_vao!$B$19)+Dau_vao!$B$23*(C4/Dau_vao!$B$19)^2-Dau_vao!$B$24*(C4/Dau_vao!$B$19)^3) -> 32.136202 | G4: =60000*F4/(2*PI()*C4) -> 375.15663 | H4: =G4*Thiet_ke!$B$15*B4*Dau_vao!$B$10/Thiet_ke!$B$7 -> 21703.213 | I4: =IF(D4<=Dau_vao!$B$14,Dau_vao!$B$13,Dau_vao!$B$13*(1+D4^2/1500)) -> 0.015 | J4: =Thiet_ke!$B$8*D4^2 -> 5.0798033 | K4: =Thiet_ke!$B$3*I4+J4 -> 1136.6633 | L4: =(H4-J4)/Thiet_ke!$B$3 -> 0.28762526 | M4: =1.05+0.05*B4^2 -> 3.5 | N4: =(MIN(H4,Thiet_ke!$B$16)-K4)/(Thiet_ke!$B$2*M4) -> 0.76412967 | O4: =IF(N4>0,1/N4,"") -> 1.3086784
A5: 1 | B5: =Thiet_ke!$B$20 -> 7 | C5: =Dau_vao!$B$21+(Dau_vao!$B$19-Dau_vao!$B$21)*3/200 -> 827 | D5: =2*PI()*C5*Thiet_ke!$B$7/(60*Thiet_ke!$B$15*B5) -> 1.3323328 | E5: =D5*3.6 -> 4.796398 | F5: =Thiet_ke!$B$12*(Dau_vao!$B$22*(C5/Dau_vao!$B$19)+Dau_vao!$B$23*(C5/Dau_vao!$B$19)^2-Dau_vao!$B$24*(C5/Dau_vao!$B$19)^3) -> 32.601517 | G5: =60000*F5/(2*PI()*C5) -> 376.44687 | H5: =G5*Thiet_ke!$B$15*B5*Dau_vao!$B$10/Thiet_ke!$B$7 -> 21777.855 | I5: =IF(D5<=Dau_vao!$B$14,Dau_vao!$B$13,Dau_vao!$B$13*(1+D5^2/1500)) -> 0.015 | J5: =Thiet_ke!$B$8*D5^2 -> 5.1921987 | K5: =Thiet_ke!$B$3*I5+J5 -> 1136.7757 | L5: =(H5-J5)/Thiet_ke!$B$3 -> 0.28861321 | M5: =1.05+0.05*B5^2 -> 3.5 | N5: =(MIN(H5,Thiet_ke!$B$16)-K5)/(Thiet_ke!$B$2*M5) -> 0.76689873 | O5: =IF(N5>0,1/N5,"") -> 1.3039531
A6: 1 | B6: =Thiet_ke!$B$20 -> 7 | C6: =Dau_vao!$B$21+(Dau_vao!$B$19-Dau_vao!$B$21)*4/200 -> 836 | D6: =2*PI()*C6*Thiet_ke!$B$7/(60*Thiet_ke!$B$15*B6) -> 1.3468322 | E6: =D6*3.6 -> 4.8485958 | F6: =Thiet_ke!$B$12*(Dau_vao!$B$22*(C6/Dau_vao!$B$19)+Dau_vao!$B$23*(C6/Dau_vao!$B$19)^2-Dau_vao!$B$24*(C6/Dau_vao!$B$19)^3) -> 33.068364 | G6: =60000*F6/(2*PI()*C6) -> 377.72681 | H6: =G6*Thiet_ke!$B$15*B6*Dau_vao!$B$10/Thiet_ke!$B$7 -> 21851.901 | I6: =IF(D6<=Dau_vao!$B$14,Dau_vao!$B$13,Dau_vao!$B$13*(1+D6^2/1500)) -> 0.015 | J6: =Thiet_ke!$B$8*D6^2 -> 5.305824 | K6: =Thiet_ke!$B$3*I6+J6 -> 1136.8893 | L6: =(H6-J6)/Thiet_ke!$B$3 -> 0.28959324 | M6: =1.05+0.05*B6^2 -> 3.5 | N6: =(MIN(H6,Thiet_ke!$B$16)-K6)/(Thiet_ke!$B$2*M6) -> 0.76964562 | O6: =IF(N6>0,1/N6,"") -> 1.2992993
A7: 1 | B7: =Thiet_ke!$B$20 -> 7 | C7: =Dau_vao!$B$21+(Dau_vao!$B$19-Dau_vao!$B$21)*5/200 -> 845 | D7: =2*PI()*C7*Thiet_ke!$B$7/(60*Thiet_ke!$B$15*B7) -> 1.3613316 | E7: =D7*3.6 -> 4.9007937 | F7: =Thiet_ke!$B$12*(Dau_vao!$B$22*(C7/Dau_vao!$B$19)+Dau_vao!$B$23*(C7/Dau_vao!$B$19)^2-Dau_vao!$B$24*(C7/Dau_vao!$B$19)^3) -> 33.536711 | G7: =60000*F7/(2*PI()*C7) -> 378.99645 | H7: =G7*Thiet_ke!$B$15*B7*Dau_vao!$B$10/Thiet_ke!$B$7 -> 21925.351 | I7: =IF(D7<=Dau_vao!$B$14,Dau_vao!$B$13,Dau_vao!$B$13*(1+D7^2/1500)) -> 0.015 | J7: =Thiet_ke!$B$8*D7^2 -> 5.4206792 | K7: =Thiet_ke!$B$3*I7+J7 -> 1137.0042 | L7: =(H7-J7)/Thiet_ke!$B$3 -> 0.29056535 | M7: =1.05+0.05*B7^2 -> 3.5 | N7: =(MIN(H7,Thiet_ke!$B$16)-K7)/(Thiet_ke!$B$2*M7) -> 0.77237032 | O7: =IF(N7>0,1/N7,"") -> 1.2947157
A8: 1 | B8: =Thiet_ke!$B$20 -> 7 | C8: =Dau_vao!$B$21+(Dau_vao!$B$19-Dau_vao!$B$21)*6/200 -> 854 | D8: =2*PI()*C8*Thiet_ke!$B$7/(60*Thiet_ke!$B$15*B8) -> 1.375831 | E8: =D8*3.6 -> 4.9529915 | F8: =Thiet_ke!$B$12*(Dau_vao!$B$22*(C8/Dau_vao!$B$19)+Dau_vao!$B$23*(C8/Dau_vao!$B$19)^2-Dau_vao!$B$24*(C8/Dau_vao!$B$19)^3) -> 34.006531 | G8: =60000*F8/(2*PI()*C8) -> 380.25579 | H8: =G8*Thiet_ke!$B$15*B8*Dau_vao!$B$10/Thiet_ke!$B$7 -> 21998.206 | I8: =IF(D8<=Dau_vao!$B$14,Dau_vao!$B$13,Dau_vao!$B$13*(1+D8^2/1500)) -> 0.015 | J8: =Thiet_ke!$B$8*D8^2 -> 5.5367642 | K8: =Thiet_ke!$B$3*I8+J8 -> 1137.1203 | L8: =(H8-J8)/Thiet_ke!$B$3 -> 0.29152955 | M8: =1.05+0.05*B8^2 -> 3.5 | N8: =(MIN(H8,Thiet_ke!$B$16)-K8)/(Thiet_ke!$B$2*M8) -> 0.77507283 | O8: =IF(N8>0,1/N8,"") -> 1.2902013
A9: 1 | B9: =Thiet_ke!$B$20 -> 7 | C9: =Dau_vao!$B$21+(Dau_vao!$B$19-Dau_vao!$B$21)*7/200 -> 863 | D9: =2*PI()*C9*Thiet_ke!$B$7/(60*Thiet_ke!$B$15*B9) -> 1.3903303 | E9: =D9*3.6 -> 5.0051893 | F9: =Thiet_ke!$B$12*(Dau_vao!$B$22*(C9/Dau_vao!$B$19)+Dau_vao!$B$23*(C9/Dau_vao!$B$19)^2-Dau_vao!$B$24*(C9/Dau_vao!$B$19)^3) -> 34.477793 | G9: =60000*F9/(2*PI()*C9) -> 381.50484 | H9: =G9*Thiet_ke!$B$15*B9*Dau_vao!$B$10/Thiet_ke!$B$7 -> 22070.464 | I9: =IF(D9<=Dau_vao!$B$14,Dau_vao!$B$13,Dau_vao!$B$13*(1+D9^2/1500)) -> 0.015 | J9: =Thiet_ke!$B$8*D9^2 -> 5.654079 | K9: =Thiet_ke!$B$3*I9+J9 -> 1137.2376 | L9: =(H9-J9)/Thiet_ke!$B$3 -> 0.29248584 | M9: =1.05+0.05*B9^2 -> 3.5 | N9: =(MIN(H9,Thiet_ke!$B$16)-K9)/(Thiet_ke!$B$2*M9) -> 0.77775317 | O9: =IF(N9>0,1/N9,"") -> 1.285755
A10: 1 | B10: =Thiet_ke!$B$20 -> 7 | C10: =Dau_vao!$B$21+(Dau_vao!$B$19-Dau_vao!$B$21)*8/200 -> 872 | D10: =2*PI()*C10*Thiet_ke!$B$7/(60*Thiet_ke!$B$15*B10) -> 1.4048297 | E10: =D10*3.6 -> 5.0573871 | F10: =Thiet_ke!$B$12*(Dau_vao!$B$22*(C10/Dau_vao!$B$19)+Dau_vao!$B$23*(C10/Dau_vao!$B$19)^2-Dau_vao!$B$24*(C10/Dau_vao!$B$19)^3) -> 34.95047 | G10: =60000*F10/(2*PI()*C10) -> 382.74358 | H10: =G10*Thiet_ke!$B$15*B10*Dau_vao!$B$10/Thiet_ke!$B$7 -> 22142.127 | I10: =IF(D10<=Dau_vao!$B$14,Dau_vao!$B$13,Dau_vao!$B$13*(1+D10^2/1500)) -> 0.015 | J10: =Thiet_ke!$B$8*D10^2 -> 5.7726238 | K10: =Thiet_ke!$B$3*I10+J10 -> 1137.3561 | L10: =(H10-J10)/Thiet_ke!$B$3 -> 0.29343421 | M10: =1.05+0.05*B10^2 -> 3.5 | N10: =(MIN(H10,Thiet_ke!$B$16)-K10)/(Thiet_ke!$B$2*M10) -> 0.78041132 | O10: =IF(N10>0,1/N10,"") -> 1.2813756
A11: 1 | B11: =Thiet_ke!$B$20 -> 7 | C11: =Dau_vao!$B$21+(Dau_vao!$B$19-Dau_vao!$B$21)*9/200 -> 881 | D11: =2*PI()*C11*Thiet_ke!$B$7/(60*Thiet_ke!$B$15*B11) -> 1.4193291 | E11: =D11*3.6 -> 5.1095849 | F11: =Thiet_ke!$B$12*(Dau_vao!$B$22*(C11/Dau_vao!$B$19)+Dau_vao!$B$23*(C11/Dau_vao!$B$19)^2-Dau_vao!$B$24*(C11/Dau_vao!$B$19)^3) -> 35.424531 | G11: =60000*F11/(2*PI()*C11) -> 383.97203 | H11: =G11*Thiet_ke!$B$15*B11*Dau_vao!$B$10/Thiet_ke!$B$7 -> 22213.194 | I11: =IF(D11<=Dau_vao!$B$14,Dau_vao!$B$13,Dau_vao!$B$13*(1+D11^2/1500)) -> 0.015 | J11: =Thiet_ke!$B$8*D11^2 -> 5.8923984 | K11: =Thiet_ke!$B$3*I11+J11 -> 1137.4759 | L11: =(H11-J11)/Thiet_ke!$B$3 -> 0.29437467 | M11: =1.05+0.05*B11^2 -> 3.5 | N11: =(MIN(H11,Thiet_ke!$B$16)-K11)/(Thiet_ke!$B$2*M11) -> 0.78304729 | O11: =IF(N11>0,1/N11,"") -> 1.2770621
A12: 1 | B12: =Thiet_ke!$B$20 -> 7 | C12: =Dau_vao!$B$21+(Dau_vao!$B$19-Dau_vao!$B$21)*10/200 -> 890 | D12: =2*PI()*C12*Thiet_ke!$B$7/(60*Thiet_ke!$B$15*B12) -> 1.4338285 | E12: =D12*3.6 -> 5.1617827 | F12: =Thiet_ke!$B$12*(Dau_vao!$B$22*(C12/Dau_vao!$B$19)+Dau_vao!$B$23*(C12/Dau_vao!$B$19)^2-Dau_vao!$B$24*(C12/Dau_vao!$B$19)^3) -> 35.899948 | G12: =60000*F12/(2*PI()*C12) -> 385.19017 | H12: =G12*Thiet_ke!$B$15*B12*Dau_vao!$B$10/Thiet_ke!$B$7 -> 22283.665 | I12: =IF(D12<=Dau_vao!$B$14,Dau_vao!$B$13,Dau_vao!$B$13*(1+D12^2/1500)) -> 0.015 | J12: =Thiet_ke!$B$8*D12^2 -> 6.0134028 | K12: =Thiet_ke!$B$3*I12+J12 -> 1137.5969 | L12: =(H12-J12)/Thiet_ke!$B$3 -> 0.29530721 | M12: =1.05+0.05*B12^2 -> 3.5 | N12: =(MIN(H12,Thiet_ke!$B$16)-K12)/(Thiet_ke!$B$2*M12) -> 0.78566108 | O12: =IF(N12>0,1/N12,"") -> 1.2728135
A13: 1 | B13: =Thiet_ke!$B$20 -> 7 | C13: =Dau_vao!$B$21+(Dau_vao!$B$19-Dau_vao!$B$21)*11/200 -> 899 | D13: =2*PI()*C13*Thiet_ke!$B$7/(60*Thiet_ke!$B$15*B13) -> 1.4483279 | E13: =D13*3.6 -> 5.2139805 | F13: =Thiet_ke!$B$12*(Dau_vao!$B$22*(C13/Dau_vao!$B$19)+Dau_vao!$B$23*(C13/Dau_vao!$B$19)^2-Dau_vao!$B$24*(C13/Dau_vao!$B$19)^3) -> 36.376692 | G13: =60000*F13/(2*PI()*C13) -> 386.39802 | H13: =G13*Thiet_ke!$B$15*B13*Dau_vao!$B$10/Thiet_ke!$B$7 -> 22353.54 | I13: =IF(D13<=Dau_vao!$B$14,Dau_vao!$B$13,Dau_vao!$B$13*(1+D13^2/1500)) -> 0.015 | J13: =Thiet_ke!$B$8*D13^2 -> 6.1356371 | K13: =Thiet_ke!$B$3*I13+J13 -> 1137.7191 | L13: =(H13-J13)/Thiet_ke!$B$3 -> 0.29623184 | M13: =1.05+0.05*B13^2 -> 3.5 | N13: =(MIN(H13,Thiet_ke!$B$16)-K13)/(Thiet_ke!$B$2*M13) -> 0.78825268 | O13: =IF(N13>0,1/N13,"") -> 1.2686287
A14: 1 | B14: =Thiet_ke!$B$20 -> 7 | C14: =Dau_vao!$B$21+(Dau_vao!$B$19-Dau_vao!$B$21)*12/200 -> 908 | D14: =2*PI()*C14*Thiet_ke!$B$7/(60*Thiet_ke!$B$15*B14) -> 1.4628273 | E14: =D14*3.6 -> 5.2661783 | F14: =Thiet_ke!$B$12*(Dau_vao!$B$22*(C14/Dau_vao!$B$19)+Dau_vao!$B$23*(C14/Dau_vao!$B$19)^2-Dau_vao!$B$24*(C14/Dau_vao!$B$19)^3) -> 36.854733 | G14: =60000*F14/(2*PI()*C14) -> 387.59557 | H14: =G14*Thiet_ke!$B$15*B14*Dau_vao!$B$10/Thiet_ke!$B$7 -> 22422.82 | I14: =IF(D14<=Dau_vao!$B$14,Dau_vao!$B$13,Dau_vao!$B$13*(1+D14^2/1500)) -> 0.015 | J14: =Thiet_ke!$B$8*D14^2 -> 6.2591013 | K14: =Thiet_ke!$B$3*I14+J14 -> 1137.8426 | L14: =(H14-J14)/Thiet_ke!$B$3 -> 0.29714856 | M14: =1.05+0.05*B14^2 -> 3.5 | N14: =(MIN(H14,Thiet_ke!$B$16)-K14)/(Thiet_ke!$B$2*M14) -> 0.7908221 | O14: =IF(N14>0,1/N14,"") -> 1.2645069
A15: 1 | B15: =Thiet_ke!$B$20 -> 7 | C15: =Dau_vao!$B$21+(Dau_vao!$B$19-Dau_vao!$B$21)*13/200 -> 917 | D15: =2*PI()*C15*Thiet_ke!$B$7/(60*Thiet_ke!$B$15*B15) -> 1.4773267 | E15: =D15*3.6 -> 5.3183761 | F15: =Thiet_ke!$B$12*(Dau_vao!$B$22*(C15/Dau_vao!$B$19)+Dau_vao!$B$23*(C15/Dau_vao!$B$19)^2-Dau_vao!$B$24*(C15/Dau_vao!$B$19)^3) -> 37.334043 | G15: =60000*F15/(2*PI()*C15) -> 388.78282 | H15: =G15*Thiet_ke!$B$15*B15*Dau_vao!$B$10/Thiet_ke!$B$7 -> 22491.503 | I15: =IF(D15<=Dau_vao!$B$14,Dau_vao!$B$13,Dau_vao!$B$13*(1+D15^2/1500)) -> 0.015 | J15: =Thiet_ke!$B$8*D15^2 -> 6.3837953 | K15: =Thiet_ke!$B$3*I15+J15 -> 1137.9673 | L15: =(H15-J15)/Thiet_ke!$B$3 -> 0.29805736 | M15: =1.05+0.05*B15^2 -> 3.5 | N15: =(MIN(H15,Thiet_ke!$B$16)-K15)/(Thiet_ke!$B$2*M15) -> 0.79336934 | O15: =IF(N15>0,1/N15,"") -> 1.260447
A16: 1 | B16: =Thiet_ke!$B$20 -> 7 | C16: =Dau_vao!$B$21+(Dau_vao!$B$19-Dau_vao!$B$21)*14/200 -> 926 | D16: =2*PI()*C16*Thiet_ke!$B$7/(60*Thiet_ke!$B$15*B16) -> 1.4918261 | E16: =D16*3.6 -> 5.3705739 | F16: =Thiet_ke!$B$12*(Dau_vao!$B$22*(C16/Dau_vao!$B$19)+Dau_vao!$B$23*(C16/Dau_vao!$B$19)^2-Dau_vao!$B$24*(C16/Dau_vao!$B$19)^3) -> 37.814591 | G16: =60000*F16/(2*PI()*C16) -> 389.95977 | H16: =G16*Thiet_ke!$B$15*B16*Dau_vao!$B$10/Thiet_ke!$B$7 -> 22559.591 | I16: =IF(D16<=Dau_vao!$B$14,Dau_vao!$B$13,Dau_vao!$B$13*(1+D16^2/1500)) -> 0.015 | J16: =Thiet_ke!$B$8*D16^2 -> 6.5097192 | K16: =Thiet_ke!$B$3*I16+J16 -> 1138.0932 | L16: =(H16-J16)/Thiet_ke!$B$3 -> 0.29895825 | M16: =1.05+0.05*B16^2 -> 3.5 | N16: =(MIN(H16,Thiet_ke!$B$16)-K16)/(Thiet_ke!$B$2*M16) -> 0.7958944 | O16: =IF(N16>0,1/N16,"") -> 1.2564481
A17: 1 | B17: =Thiet_ke!$B$20 -> 7 | C17: =Dau_vao!$B$21+(Dau_vao!$B$19-Dau_vao!$B$21)*15/200 -> 935 | D17: =2*PI()*C17*Thiet_ke!$B$7/(60*Thiet_ke!$B$15*B17) -> 1.5063255 | E17: =D17*3.6 -> 5.4227717 | F17: =Thiet_ke!$B$12*(Dau_vao!$B$22*(C17/Dau_vao!$B$19)+Dau_vao!$B$23*(C17/Dau_vao!$B$19)^2-Dau_vao!$B$24*(C17/Dau_vao!$B$19)^3) -> 38.29635 | G17: =60000*F17/(2*PI()*C17) -> 391.12642 | H17: =G17*Thiet_ke!$B$15*B17*Dau_vao!$B$10/Thiet_ke!$B$7 -> 22627.083 | I17: =IF(D17<=Dau_vao!$B$14,Dau_vao!$B$13,Dau_vao!$B$13*(1+D17^2/1500)) -> 0.015 | J17: =Thiet_ke!$B$8*D17^2 -> 6.636873 | K17: =Thiet_ke!$B$3*I17+J17 -> 1138.2204 | L17: =(H17-J17)/Thiet_ke!$B$3 -> 0.29985122 | M17: =1.05+0.05*B17^2 -> 3.5 | N17: =(MIN(H17,Thiet_ke!$B$16)-K17)/(Thiet_ke!$B$2*M17) -> 0.79839728 | O17: =IF(N17>0,1/N17,"") -> 1.2525093
A18: 1 | B18: =Thiet_ke!$B$20 -> 7 | C18: =Dau_vao!$B$21+(Dau_vao!$B$19-Dau_vao!$B$21)*16/200 -> 944 | D18: =2*PI()*C18*Thiet_ke!$B$7/(60*Thiet_ke!$B$15*B18) -> 1.5208249 | E18: =D18*3.6 -> 5.4749695 | F18: =Thiet_ke!$B$12*(Dau_vao!$B$22*(C18/Dau_vao!$B$19)+Dau_vao!$B$23*(C18/Dau_vao!$B$19)^2-Dau_vao!$B$24*(C18/Dau_vao!$B$19)^3) -> 38.77929 | G18: =60000*F18/(2*PI()*C18) -> 392.28277 | H18: =G18*Thiet_ke!$B$15*B18*Dau_vao!$B$10/Thiet_ke!$B$7 -> 22693.979 | I18: =IF(D18<=Dau_vao!$B$14,Dau_vao!$B$13,Dau_vao!$B$13*(1+D18^2/1500)) -> 0.015 | J18: =Thiet_ke!$B$8*D18^2 -> 6.7652566 | K18: =Thiet_ke!$B$3*I18+J18 -> 1138.3488 | L18: =(H18-J18)/Thiet_ke!$B$3 -> 0.30073628 | M18: =1.05+0.05*B18^2 -> 3.5 | N18: =(MIN(H18,Thiet_ke!$B$16)-K18)/(Thiet_ke!$B$2*M18) -> 0.80087797 | O18: =IF(N18>0,1/N18,"") -> 1.2486297
A19: 1 | B19: =Thiet_ke!$B$20 -> 7 | C19: =Dau_vao!$B$21+(Dau_vao!$B$19-Dau_vao!$B$21)*17/200 -> 953 | D19: =2*PI()*C19*Thiet_ke!$B$7/(60*Thiet_ke!$B$15*B19) -> 1.5353242 | E19: =D19*3.6 -> 5.5271673 | F19: =Thiet_ke!$B$12*(Dau_vao!$B$22*(C19/Dau_vao!$B$19)+Dau_vao!$B$23*(C19/Dau_vao!$B$19)^2-Dau_vao!$B$24*(C19/Dau_vao!$B$19)^3) -> 39.263381 | G19: =60000*F19/(2*PI()*C19) -> 393.42883 | H19: =G19*Thiet_ke!$B$15*B19*Dau_vao!$B$10/Thiet_ke!$B$7 -> 22760.28 | I19: =IF(D19<=Dau_vao!$B$14,Dau_vao!$B$13,Dau_vao!$B$13*(1+D19^2/1500)) -> 0.015 | J19: =Thiet_ke!$B$8*D19^2 -> 6.8948701 | K19: =Thiet_ke!$B$3*I19+J19 -> 1138.4784 | L19: =(H19-J19)/Thiet_ke!$B$3 -> 0.30161342 | M19: =1.05+0.05*B19^2 -> 3.5 | N19: =(MIN(H19,Thiet_ke!$B$16)-K19)/(Thiet_ke!$B$2*M19) -> 0.80333648 | O19: =IF(N19>0,1/N19,"") -> 1.2448084
A20: 1 | B20: =Thiet_ke!$B$20 -> 7 | C20: =Dau_vao!$B$21+(Dau_vao!$B$19-Dau_vao!$B$21)*18/200 -> 962 | D20: =2*PI()*C20*Thiet_ke!$B$7/(60*Thiet_ke!$B$15*B20) -> 1.5498236 | E20: =D20*3.6 -> 5.5793651 | F20: =Thiet_ke!$B$12*(Dau_vao!$B$22*(C20/Dau_vao!$B$19)+Dau_vao!$B$23*(C20/Dau_vao!$B$19)^2-Dau_vao!$B$24*(C20/Dau_vao!$B$19)^3) -> 39.748596 | G20: =60000*F20/(2*PI()*C20) -> 394.56458 | H20: =G20*Thiet_ke!$B$15*B20*Dau_vao!$B$10/Thiet_ke!$B$7 -> 22825.984 | I20: =IF(D20<=Dau_vao!$B$14,Dau_vao!$B$13,Dau_vao!$B$13*(1+D20^2/1500)) -> 0.015 | J20: =Thiet_ke!$B$8*D20^2 -> 7.0257134 | K20: =Thiet_ke!$B$3*I20+J20 -> 1138.6092 | L20: =(H20-J20)/Thiet_ke!$B$3 -> 0.30248265 | M20: =1.05+0.05*B20^2 -> 3.5 | N20: =(MIN(H20,Thiet_ke!$B$16)-K20)/(Thiet_ke!$B$2*M20) -> 0.80577281 | O20: =IF(N20>0,1/N20,"") -> 1.2410446
A21: 1 | B21: =Thiet_ke!$B$20 -> 7 | C21: =Dau_vao!$B$21+(Dau_vao!$B$19-Dau_vao!$B$21)*19/200 -> 971 | D21: =2*PI()*C21*Thiet_ke!$B$7/(60*Thiet_ke!$B$15*B21) -> 1.564323 | E21: =D21*3.6 -> 5.6315629 | F21: =Thiet_ke!$B$12*(Dau_vao!$B$22*(C21/Dau_vao!$B$19)+Dau_vao!$B$23*(C21/Dau_vao!$B$19)^2-Dau_vao!$B$24*(C21/Dau_vao!$B$19)^3) -> 40.234903 | G21: =60000*F21/(2*PI()*C21) -> 395.69004 | H21: =G21*Thiet_ke!$B$15*B21*Dau_vao!$B$10/Thiet_ke!$B$7 -> 22891.093 | I21: =IF(D21<=Dau_vao!$B$14,Dau_vao!$B$13,Dau_vao!$B$13*(1+D21^2/1500)) -> 0.015 | J21: =Thiet_ke!$B$8*D21^2 -> 7.1577866 | K21: =Thiet_ke!$B$3*I21+J21 -> 1138.7413 | L21: =(H21-J21)/Thiet_ke!$B$3 -> 0.30334397 | M21: =1.05+0.05*B21^2 -> 3.5 | N21: =(MIN(H21,Thiet_ke!$B$16)-K21)/(Thiet_ke!$B$2*M21) -> 0.80818695 | O21: =IF(N21>0,1/N21,"") -> 1.2373375
A22: 1 | B22: =Thiet_ke!$B$20 -> 7 | C22: =Dau_vao!$B$21+(Dau_vao!$B$19-Dau_vao!$B$21)*20/200 -> 980 | D22: =2*PI()*C22*Thiet_ke!$B$7/(60*Thiet_ke!$B$15*B22) -> 1.5788224 | E22: =D22*3.6 -> 5.6837607 | F22: =Thiet_ke!$B$12*(Dau_vao!$B$22*(C22/Dau_vao!$B$19)+Dau_vao!$B$23*(C22/Dau_vao!$B$19)^2-Dau_vao!$B$24*(C22/Dau_vao!$B$19)^3) -> 40.722276 | G22: =60000*F22/(2*PI()*C22) -> 396.80519 | H22: =G22*Thiet_ke!$B$15*B22*Dau_vao!$B$10/Thiet_ke!$B$7 -> 22955.606 | I22: =IF(D22<=Dau_vao!$B$14,Dau_vao!$B$13,Dau_vao!$B$13*(1+D22^2/1500)) -> 0.015 | J22: =Thiet_ke!$B$8*D22^2 -> 7.2910896 | K22: =Thiet_ke!$B$3*I22+J22 -> 1138.8746 | L22: =(H22-J22)/Thiet_ke!$B$3 -> 0.30419737 | M22: =1.05+0.05*B22^2 -> 3.5 | N22: =(MIN(H22,Thiet_ke!$B$16)-K22)/(Thiet_ke!$B$2*M22) -> 0.81057892 | O22: =IF(N22>0,1/N22,"") -> 1.2336862
A23: 1 | B23: =Thiet_ke!$B$20 -> 7 | C23: =Dau_vao!$B$21+(Dau_vao!$B$19-Dau_vao!$B$21)*21/200 -> 989 | D23: =2*PI()*C23*Thiet_ke!$B$7/(60*Thiet_ke!$B$15*B23) -> 1.5933218 | E23: =D23*3.6 -> 5.7359585 | F23: =Thiet_ke!$B$12*(Dau_vao!$B$22*(C23/Dau_vao!$B$19)+Dau_vao!$B$23*(C23/Dau_vao!$B$19)^2-Dau_vao!$B$24*(C23/Dau_vao!$B$19)^3) -> 41.210684 | G23: =60000*F23/(2*PI()*C23) -> 397.91005 | H23: =G23*Thiet_ke!$B$15*B23*Dau_vao!$B$10/Thiet_ke!$B$7 -> 23019.523 | I23: =IF(D23<=Dau_vao!$B$14,Dau_vao!$B$13,Dau_vao!$B$13*(1+D23^2/1500)) -> 0.015 | J23: =Thiet_ke!$B$8*D23^2 -> 7.4256225 | K23: =Thiet_ke!$B$3*I23+J23 -> 1139.0091 | L23: =(H23-J23)/Thiet_ke!$B$3 -> 0.30504286 | M23: =1.05+0.05*B23^2 -> 3.5 | N23: =(MIN(H23,Thiet_ke!$B$16)-K23)/(Thiet_ke!$B$2*M23) -> 0.8129487 | O23: =IF(N23>0,1/N23,"") -> 1.2300899
A24: 1 | B24: =Thiet_ke!$B$20 -> 7 | C24: =Dau_vao!$B$21+(Dau_vao!$B$19-Dau_vao!$B$21)*22/200 -> 998 | D24: =2*PI()*C24*Thiet_ke!$B$7/(60*Thiet_ke!$B$15*B24) -> 1.6078212 | E24: =D24*3.6 -> 5.7881563 | F24: =Thiet_ke!$B$12*(Dau_vao!$B$22*(C24/Dau_vao!$B$19)+Dau_vao!$B$23*(C24/Dau_vao!$B$19)^2-Dau_vao!$B$24*(C24/Dau_vao!$B$19)^3) -> 41.700098 | G24: =60000*F24/(2*PI()*C24) -> 399.00461 | H24: =G24*Thiet_ke!$B$15*B24*Dau_vao!$B$10/Thiet_ke!$B$7 -> 23082.845 | I24: =IF(D24<=Dau_vao!$B$14,Dau_vao!$B$13,Dau_vao!$B$13*(1+D24^2/1500)) -> 0.015 | J24: =Thiet_ke!$B$8*D24^2 -> 7.5613853 | K24: =Thiet_ke!$B$3*I24+J24 -> 1139.1449 | L24: =(H24-J24)/Thiet_ke!$B$3 -> 0.30588043 | M24: =1.05+0.05*B24^2 -> 3.5 | N24: =(MIN(H24,Thiet_ke!$B$16)-K24)/(Thiet_ke!$B$2*M24) -> 0.8152963 | O24: =IF(N24>0,1/N24,"") -> 1.2265479
A25: 1 | B25: =Thiet_ke!$B$20 -> 7 | C25: =Dau_vao!$B$21+(Dau_vao!$B$19-Dau_vao!$B$21)*23/200 -> 1007 | D25: =2*PI()*C25*Thiet_ke!$B$7/(60*Thiet_ke!$B$15*B25) -> 1.6223206 | E25: =D25*3.6 -> 5.8403541 | F25: =Thiet_ke!$B$12*(Dau_vao!$B$22*(C25/Dau_vao!$B$19)+Dau_vao!$B$23*(C25/Dau_vao!$B$19)^2-Dau_vao!$B$24*(C25/Dau_vao!$B$19)^3) -> 42.190489 | G25: =60000*F25/(2*PI()*C25) -> 400.08887 | H25: =G25*Thiet_ke!$B$15*B25*Dau_vao!$B$10/Thiet_ke!$B$7 -> 23145.57 | I25: =IF(D25<=Dau_vao!$B$14,Dau_vao!$B$13,Dau_vao!$B$13*(1+D25^2/1500)) -> 0.015 | J25: =Thiet_ke!$B$8*D25^2 -> 7.6983779 | K25: =Thiet_ke!$B$3*I25+J25 -> 1139.2819 | L25: =(H25-J25)/Thiet_ke!$B$3 -> 0.30671009 | M25: =1.05+0.05*B25^2 -> 3.5 | N25: =(MIN(H25,Thiet_ke!$B$16)-K25)/(Thiet_ke!$B$2*M25) -> 0.81762171 | O25: =IF(N25>0,1/N25,"") -> 1.2230595
A26: 1 | B26: =Thiet_ke!$B$20 -> 7 | C26: =Dau_vao!$B$21+(Dau_vao!$B$19-Dau_vao!$B$21)*24/200 -> 1016 | D26: =2*PI()*C26*Thiet_ke!$B$7/(60*Thiet_ke!$B$15*B26) -> 1.63682 | E26: =D26*3.6 -> 5.8925519 | F26: =Thiet_ke!$B$12*(Dau_vao!$B$22*(C26/Dau_vao!$B$19)+Dau_vao!$B$23*(C26/Dau_vao!$B$19)^2-Dau_vao!$B$24*(C26/Dau_vao!$B$19)^3) -> 42.681828 | G26: =60000*F26/(2*PI()*C26) -> 401.16283 | H26: =G26*Thiet_ke!$B$15*B26*Dau_vao!$B$10/Thiet_ke!$B$7 -> 23207.7 | I26: =IF(D26<=Dau_vao!$B$14,Dau_vao!$B$13,Dau_vao!$B$13*(1+D26^2/1500)) -> 0.015 | J26: =Thiet_ke!$B$8*D26^2 -> 7.8366004 | K26: =Thiet_ke!$B$3*I26+J26 -> 1139.4201 | L26: =(H26-J26)/Thiet_ke!$B$3 -> 0.30753184 | M26: =1.05+0.05*B26^2 -> 3.5 | N26: =(MIN(H26,Thiet_ke!$B$16)-K26)/(Thiet_ke!$B$2*M26) -> 0.81992495 | O26: =IF(N26>0,1/N26,"") -> 1.2196238
A27: 1 | B27: =Thiet_ke!$B$20 -> 7 | C27: =Dau_vao!$B$21+(Dau_vao!$B$19-Dau_vao!$B$21)*25/200 -> 1025 | D27: =2*PI()*C27*Thiet_ke!$B$7/(60*Thiet_ke!$B$15*B27) -> 1.6513194 | E27: =D27*3.6 -> 5.9447497 | F27: =Thiet_ke!$B$12*(Dau_vao!$B$22*(C27/Dau_vao!$B$19)+Dau_vao!$B$23*(C27/Dau_vao!$B$19)^2-Dau_vao!$B$24*(C27/Dau_vao!$B$19)^3) -> 43.174086 | G27: =60000*F27/(2*PI()*C27) -> 402.22649 | H27: =G27*Thiet_ke!$B$15*B27*Dau_vao!$B$10/Thiet_ke!$B$7 -> 23269.234 | I27: =IF(D27<=Dau_vao!$B$14,Dau_vao!$B$13,Dau_vao!$B$13*(1+D27^2/1500)) -> 0.015 | J27: =Thiet_ke!$B$8*D27^2 -> 7.9760527 | K27: =Thiet_ke!$B$3*I27+J27 -> 1139.5596 | L27: =(H27-J27)/Thiet_ke!$B$3 -> 0.30834567 | M27: =1.05+0.05*B27^2 -> 3.5 | N27: =(MIN(H27,Thiet_ke!$B$16)-K27)/(Thiet_ke!$B$2*M27) -> 0.822206 | O27: =IF(N27>0,1/N27,"") -> 1.2162402
A28: 1 | B28: =Thiet_ke!$B$20 -> 7 | C28: =Dau_vao!$B$21+(Dau_vao!$B$19-Dau_vao!$B$21)*26/200 -> 1034 | D28: =2*PI()*C28*Thiet_ke!$B$7/(60*Thiet_ke!$B$15*B28) -> 1.6658187 | E28: =D28*3.6 -> 5.9969475 | F28: =Thiet_ke!$B$12*(Dau_vao!$B$22*(C28/Dau_vao!$B$19)+Dau_vao!$B$23*(C28/Dau_vao!$B$19)^2-Dau_vao!$B$24*(C28/Dau_vao!$B$19)^3) -> 43.667234 | G28: =60000*F28/(2*PI()*C28) -> 403.27985 | H28: =G28*Thiet_ke!$B$15*B28*Dau_vao!$B$10/Thiet_ke!$B$7 -> 23330.172 | I28: =IF(D28<=Dau_vao!$B$14,Dau_vao!$B$13,Dau_vao!$B$13*(1+D28^2/1500)) -> 0.015 | J28: =Thiet_ke!$B$8*D28^2 -> 8.1167349 | K28: =Thiet_ke!$B$3*I28+J28 -> 1139.7002 | L28: =(H28-J28)/Thiet_ke!$B$3 -> 0.30915158 | M28: =1.05+0.05*B28^2 -> 3.5 | N28: =(MIN(H28,Thiet_ke!$B$16)-K28)/(Thiet_ke!$B$2*M28) -> 0.82446487 | O28: =IF(N28>0,1/N28,"") -> 1.212908
A29: 1 | B29: =Thiet_ke!$B$20 -> 7 | C29: =Dau_vao!$B$21+(Dau_vao!$B$19-Dau_vao!$B$21)*27/200 -> 1043 | D29: =2*PI()*C29*Thiet_ke!$B$7/(60*Thiet_ke!$B$15*B29) -> 1.6803181 | E29: =D29*3.6 -> 6.0491453 | F29: =Thiet_ke!$B$12*(Dau_vao!$B$22*(C29/Dau_vao!$B$19)+Dau_vao!$B$23*(C29/Dau_vao!$B$19)^2-Dau_vao!$B$24*(C29/Dau_vao!$B$19)^3) -> 44.161242 | G29: =60000*F29/(2*PI()*C29) -> 404.32292 | H29: =G29*Thiet_ke!$B$15*B29*Dau_vao!$B$10/Thiet_ke!$B$7 -> 23390.514 | I29: =IF(D29<=Dau_vao!$B$14,Dau_vao!$B$13,Dau_vao!$B$13*(1+D29^2/1500)) -> 0.015 | J29: =Thiet_ke!$B$8*D29^2 -> 8.258647 | K29: =Thiet_ke!$B$3*I29+J29 -> 1139.8421 | L29: =(H29-J29)/Thiet_ke!$B$3 -> 0.30994959 | M29: =1.05+0.05*B29^2 -> 3.5 | N29: =(MIN(H29,Thiet_ke!$B$16)-K29)/(Thiet_ke!$B$2*M29) -> 0.82670155 | O29: =IF(N29>0,1/N29,"") -> 1.2096264
A30: 1 | B30: =Thiet_ke!$B$20 -> 7 | C30: =Dau_vao!$B$21+(Dau_vao!$B$19-Dau_vao!$B$21)*28/200 -> 1052 | D30: =2*PI()*C30*Thiet_ke!$B$7/(60*Thiet_ke!$B$15*B30) -> 1.6948175 | E30: =D30*3.6 -> 6.1013431 | F30: =Thiet_ke!$B$12*(Dau_vao!$B$22*(C30/Dau_vao!$B$19)+Dau_vao!$B$23*(C30/Dau_vao!$B$19)^2-Dau_vao!$B$24*(C30/Dau_vao!$B$19)^3) -> 44.656082 | G30: =60000*F30/(2*PI()*C30) -> 405.35568 | H30: =G30*Thiet_ke!$B$15*B30*Dau_vao!$B$10/Thiet_ke!$B$7 -> 23450.261 | I30: =IF(D30<=Dau_vao!$B$14,Dau_vao!$B$13,Dau_vao!$B$13*(1+D30^2/1500)) -> 0.015 | J30: =Thiet_ke!$B$8*D30^2 -> 8.4017889 | K30: =Thiet_ke!$B$3*I30+J30 -> 1139.9853 | L30: =(H30-J30)/Thiet_ke!$B$3 -> 0.31073967 | M30: =1.05+0.05*B30^2 -> 3.5 | N30: =(MIN(H30,Thiet_ke!$B$16)-K30)/(Thiet_ke!$B$2*M30) -> 0.82891606 | O30: =IF(N30>0,1/N30,"") -> 1.2063948
A31: 1 | B31: =Thiet_ke!$B$20 -> 7 | C31: =Dau_vao!$B$21+(Dau_vao!$B$19-Dau_vao!$B$21)*29/200 -> 1061 | D31: =2*PI()*C31*Thiet_ke!$B$7/(60*Thiet_ke!$B$15*B31) -> 1.7093169 | E31: =D31*3.6 -> 6.1535409 | F31: =Thiet_ke!$B$12*(Dau_vao!$B$22*(C31/Dau_vao!$B$19)+Dau_vao!$B$23*(C31/Dau_vao!$B$19)^2-Dau_vao!$B$24*(C31/Dau_vao!$B$19)^3) -> 45.151725 | G31: =60000*F31/(2*PI()*C31) -> 406.37814 | H31: =G31*Thiet_ke!$B$15*B31*Dau_vao!$B$10/Thiet_ke!$B$7 -> 23509.412 | I31: =IF(D31<=Dau_vao!$B$14,Dau_vao!$B$13,Dau_vao!$B$13*(1+D31^2/1500)) -> 0.015 | J31: =Thiet_ke!$B$8*D31^2 -> 8.5461607 | K31: =Thiet_ke!$B$3*I31+J31 -> 1140.1297 | L31: =(H31-J31)/Thiet_ke!$B$3 -> 0.31152185 | M31: =1.05+0.05*B31^2 -> 3.5 | N31: =(MIN(H31,Thiet_ke!$B$16)-K31)/(Thiet_ke!$B$2*M31) -> 0.83110838 | O31: =IF(N31>0,1/N31,"") -> 1.2032125
A32: 1 | B32: =Thiet_ke!$B$20 -> 7 | C32: =Dau_vao!$B$21+(Dau_vao!$B$19-Dau_vao!$B$21)*30/200 -> 1070 | D32: =2*PI()*C32*Thiet_ke!$B$7/(60*Thiet_ke!$B$15*B32) -> 1.7238163 | E32: =D32*3.6 -> 6.2057387 | F32: =Thiet_ke!$B$12*(Dau_vao!$B$22*(C32/Dau_vao!$B$19)+Dau_vao!$B$23*(C32/Dau_vao!$B$19)^2-Dau_vao!$B$24*(C32/Dau_vao!$B$19)^3) -> 45.64814 | G32: =60000*F32/(2*PI()*C32) -> 407.39031 | H32: =G32*Thiet_ke!$B$15*B32*Dau_vao!$B$10/Thiet_ke!$B$7 -> 23567.967 | I32: =IF(D32<=Dau_vao!$B$14,Dau_vao!$B$13,Dau_vao!$B$13*(1+D32^2/1500)) -> 0.015 | J32: =Thiet_ke!$B$8*D32^2 -> 8.6917623 | K32: =Thiet_ke!$B$3*I32+J32 -> 1140.2753 | L32: =(H32-J32)/Thiet_ke!$B$3 -> 0.31229611 | M32: =1.05+0.05*B32^2 -> 3.5 | N32: =(MIN(H32,Thiet_ke!$B$16)-K32)/(Thiet_ke!$B$2*M32) -> 0.83327852 | O32: =IF(N32>0,1/N32,"") -> 1.2000789
A33: 1 | B33: =Thiet_ke!$B$20 -> 7 | C33: =Dau_vao!$B$21+(Dau_vao!$B$19-Dau_vao!$B$21)*31/200 -> 1079 | D33: =2*PI()*C33*Thiet_ke!$B$7/(60*Thiet_ke!$B$15*B33) -> 1.7383157 | E33: =D33*3.6 -> 6.2579365 | F33: =Thiet_ke!$B$12*(Dau_vao!$B$22*(C33/Dau_vao!$B$19)+Dau_vao!$B$23*(C33/Dau_vao!$B$19)^2-Dau_vao!$B$24*(C33/Dau_vao!$B$19)^3) -> 46.1453 | G33: =60000*F33/(2*PI()*C33) -> 408.39218 | H33: =G33*Thiet_ke!$B$15*B33*Dau_vao!$B$10/Thiet_ke!$B$7 -> 23625.926 | I33: =IF(D33<=Dau_vao!$B$14,Dau_vao!$B$13,Dau_vao!$B$13*(1+D33^2/1500)) -> 0.015 | J33: =Thiet_ke!$B$8*D33^2 -> 8.8385938 | K33: =Thiet_ke!$B$3*I33+J33 -> 1140.4221 | L33: =(H33-J33)/Thiet_ke!$B$3 -> 0.31306245 | M33: =1.05+0.05*B33^2 -> 3.5 | N33: =(MIN(H33,Thiet_ke!$B$16)-K33)/(Thiet_ke!$B$2*M33) -> 0.83542647 | O33: =IF(N33>0,1/N33,"") -> 1.1969934
A34: 1 | B34: =Thiet_ke!$B$20 -> 7 | C34: =Dau_vao!$B$21+(Dau_vao!$B$19-Dau_vao!$B$21)*32/200 -> 1088 | D34: =2*PI()*C34*Thiet_ke!$B$7/(60*Thiet_ke!$B$15*B34) -> 1.7528151 | E34: =D34*3.6 -> 6.3101343 | F34: =Thiet_ke!$B$12*(Dau_vao!$B$22*(C34/Dau_vao!$B$19)+Dau_vao!$B$23*(C34/Dau_vao!$B$19)^2-Dau_vao!$B$24*(C34/Dau_vao!$B$19)^3) -> 46.643175 | G34: =60000*F34/(2*PI()*C34) -> 409.38375 | H34: =G34*Thiet_ke!$B$15*B34*Dau_vao!$B$10/Thiet_ke!$B$7 -> 23683.289 | I34: =IF(D34<=Dau_vao!$B$14,Dau_vao!$B$13,Dau_vao!$B$13*(1+D34^2/1500)) -> 0.015 | J34: =Thiet_ke!$B$8*D34^2 -> 8.9866551 | K34: =Thiet_ke!$B$3*I34+J34 -> 1140.5702 | L34: =(H34-J34)/Thiet_ke!$B$3 -> 0.31382088 | M34: =1.05+0.05*B34^2 -> 3.5 | N34: =(MIN(H34,Thiet_ke!$B$16)-K34)/(Thiet_ke!$B$2*M34) -> 0.83755225 | O34: =IF(N34>0,1/N34,"") -> 1.1939554
A35: 1 | B35: =Thiet_ke!$B$20 -> 7 | C35: =Dau_vao!$B$21+(Dau_vao!$B$19-Dau_vao!$B$21)*33/200 -> 1097 | D35: =2*PI()*C35*Thiet_ke!$B$7/(60*Thiet_ke!$B$15*B35) -> 1.7673145 | E35: =D35*3.6 -> 6.3623321 | F35: =Thiet_ke!$B$12*(Dau_vao!$B$22*(C35/Dau_vao!$B$19)+Dau_vao!$B$23*(C35/Dau_vao!$B$19)^2-Dau_vao!$B$24*(C35/Dau_vao!$B$19)^3) -> 47.141736 | G35: =60000*F35/(2*PI()*C35) -> 410.36501 | H35: =G35*Thiet_ke!$B$15*B35*Dau_vao!$B$10/Thiet_ke!$B$7 -> 23740.056 | I35: =IF(D35<=Dau_vao!$B$14,Dau_vao!$B$13,Dau_vao!$B$13*(1+D35^2/1500)) -> 0.015 | J35: =Thiet_ke!$B$8*D35^2 -> 9.1359463 | K35: =Thiet_ke!$B$3*I35+J35 -> 1140.7194 | L35: =(H35-J35)/Thiet_ke!$B$3 -> 0.3145714 | M35: =1.05+0.05*B35^2 -> 3.5 | N35: =(MIN(H35,Thiet_ke!$B$16)-K35)/(Thiet_ke!$B$2*M35) -> 0.83965584 | O35: =IF(N35>0,1/N35,"") -> 1.1909641
A36: 1 | B36: =Thiet_ke!$B$20 -> 7 | C36: =Dau_vao!$B$21+(Dau_vao!$B$19-Dau_vao!$B$21)*34/200 -> 1106 | D36: =2*PI()*C36*Thiet_ke!$B$7/(60*Thiet_ke!$B$15*B36) -> 1.7818139 | E36: =D36*3.6 -> 6.4145299 | F36: =Thiet_ke!$B$12*(Dau_vao!$B$22*(C36/Dau_vao!$B$19)+Dau_vao!$B$23*(C36/Dau_vao!$B$19)^2-Dau_vao!$B$24*(C36/Dau_vao!$B$19)^3) -> 47.640954 | G36: =60000*F36/(2*PI()*C36) -> 411.33598 | H36: =G36*Thiet_ke!$B$15*B36*Dau_vao!$B$10/Thiet_ke!$B$7 -> 23796.228 | I36: =IF(D36<=Dau_vao!$B$14,Dau_vao!$B$13,Dau_vao!$B$13*(1+D36^2/1500)) -> 0.015 | J36: =Thiet_ke!$B$8*D36^2 -> 9.2864674 | K36: =Thiet_ke!$B$3*I36+J36 -> 1140.87 | L36: =(H36-J36)/Thiet_ke!$B$3 -> 0.315314 | M36: =1.05+0.05*B36^2 -> 3.5 | N36: =(MIN(H36,Thiet_ke!$B$16)-K36)/(Thiet_ke!$B$2*M36) -> 0.84173725 | O36: =IF(N36>0,1/N36,"") -> 1.1880192
A37: 1 | B37: =Thiet_ke!$B$20 -> 7 | C37: =Dau_vao!$B$21+(Dau_vao!$B$19-Dau_vao!$B$21)*35/200 -> 1115 | D37: =2*PI()*C37*Thiet_ke!$B$7/(60*Thiet_ke!$B$15*B37) -> 1.7963133 | E37: =D37*3.6 -> 6.4667277 | F37: =Thiet_ke!$B$12*(Dau_vao!$B$22*(C37/Dau_vao!$B$19)+Dau_vao!$B$23*(C37/Dau_vao!$B$19)^2-Dau_vao!$B$24*(C37/Dau_vao!$B$19)^3) -> 48.140799 | G37: =60000*F37/(2*PI()*C37) -> 412.29665 | H37: =G37*Thiet_ke!$B$15*B37*Dau_vao!$B$10/Thiet_ke!$B$7 -> 23851.804 | I37: =IF(D37<=Dau_vao!$B$14,Dau_vao!$B$13,Dau_vao!$B$13*(1+D37^2/1500)) -> 0.015 | J37: =Thiet_ke!$B$8*D37^2 -> 9.4382183 | K37: =Thiet_ke!$B$3*I37+J37 -> 1141.0217 | L37: =(H37-J37)/Thiet_ke!$B$3 -> 0.31604869 | M37: =1.05+0.05*B37^2 -> 3.5 | N37: =(MIN(H37,Thiet_ke!$B$16)-K37)/(Thiet_ke!$B$2*M37) -> 0.84379647 | O37: =IF(N37>0,1/N37,"") -> 1.1851199
A38: 1 | B38: =Thiet_ke!$B$20 -> 7 | C38: =Dau_vao!$B$21+(Dau_vao!$B$19-Dau_vao!$B$21)*36/200 -> 1124 | D38: =2*PI()*C38*Thiet_ke!$B$7/(60*Thiet_ke!$B$15*B38) -> 1.8108126 | E38: =D38*3.6 -> 6.5189255 | F38: =Thiet_ke!$B$12*(Dau_vao!$B$22*(C38/Dau_vao!$B$19)+Dau_vao!$B$23*(C38/Dau_vao!$B$19)^2-Dau_vao!$B$24*(C38/Dau_vao!$B$19)^3) -> 48.641243 | G38: =60000*F38/(2*PI()*C38) -> 413.24703 | H38: =G38*Thiet_ke!$B$15*B38*Dau_vao!$B$10/Thiet_ke!$B$7 -> 23906.784 | I38: =IF(D38<=Dau_vao!$B$14,Dau_vao!$B$13,Dau_vao!$B$13*(1+D38^2/1500)) -> 0.015 | J38: =Thiet_ke!$B$8*D38^2 -> 9.5911991 | K38: =Thiet_ke!$B$3*I38+J38 -> 1141.1747 | L38: =(H38-J38)/Thiet_ke!$B$3 -> 0.31677547 | M38: =1.05+0.05*B38^2 -> 3.5 | N38: =(MIN(H38,Thiet_ke!$B$16)-K38)/(Thiet_ke!$B$2*M38) -> 0.84583352 | O38: =IF(N38>0,1/N38,"") -> 1.1822658
A39: 1 | B39: =Thiet_ke!$B$20 -> 7 | C39: =Dau_vao!$B$21+(Dau_vao!$B$19-Dau_vao!$B$21)*37/200 -> 1133 | D39: =2*PI()*C39*Thiet_ke!$B$7/(60*Thiet_ke!$B$15*B39) -> 1.825312 | E39: =D39*3.6 -> 6.5711233 | F39: =Thiet_ke!$B$12*(Dau_vao!$B$22*(C39/Dau_vao!$B$19)+Dau_vao!$B$23*(C39/Dau_vao!$B$19)^2-Dau_vao!$B$24*(C39/Dau_vao!$B$19)^3) -> 49.142257 | G39: =60000*F39/(2*PI()*C39) -> 414.1871 | H39: =G39*Thiet_ke!$B$15*B39*Dau_vao!$B$10/Thiet_ke!$B$7 -> 23961.168 | I39: =IF(D39<=Dau_vao!$B$14,Dau_vao!$B$13,Dau_vao!$B$13*(1+D39^2/1500)) -> 0.015 | J39: =Thiet_ke!$B$8*D39^2 -> 9.7454098 | K39: =Thiet_ke!$B$3*I39+J39 -> 1141.3289 | L39: =(H39-J39)/Thiet_ke!$B$3 -> 0.31749433 | M39: =1.05+0.05*B39^2 -> 3.5 | N39: =(MIN(H39,Thiet_ke!$B$16)-K39)/(Thiet_ke!$B$2*M39) -> 0.84784838 | O39: =IF(N39>0,1/N39,"") -> 1.1794562
A40: 1 | B40: =Thiet_ke!$B$20 -> 7 | C40: =Dau_vao!$B$21+(Dau_vao!$B$19-Dau_vao!$B$21)*38/200 -> 1142 | D40: =2*PI()*C40*Thiet_ke!$B$7/(60*Thiet_ke!$B$15*B40) -> 1.8398114 | E40: =D40*3.6 -> 6.6233211 | F40: =Thiet_ke!$B$12*(Dau_vao!$B$22*(C40/Dau_vao!$B$19)+Dau_vao!$B$23*(C40/Dau_vao!$B$19)^2-Dau_vao!$B$24*(C40/Dau_vao!$B$19)^3) -> 49.64381 | G40: =60000*F40/(2*PI()*C40) -> 415.11687 | H40: =G40*Thiet_ke!$B$15*B40*Dau_vao!$B$10/Thiet_ke!$B$7 -> 24014.956 | I40: =IF(D40<=Dau_vao!$B$14,Dau_vao!$B$13,Dau_vao!$B$13*(1+D40^2/1500)) -> 0.015 | J40: =Thiet_ke!$B$8*D40^2 -> 9.9008503 | K40: =Thiet_ke!$B$3*I40+J40 -> 1141.4844 | L40: =(H40-J40)/Thiet_ke!$B$3 -> 0.31820527 | M40: =1.05+0.05*B40^2 -> 3.5 | N40: =(MIN(H40,Thiet_ke!$B$16)-K40)/(Thiet_ke!$B$2*M40) -> 0.84984106 | O40: =IF(N40>0,1/N40,"") -> 1.1766906
A41: 1 | B41: =Thiet_ke!$B$20 -> 7 | C41: =Dau_vao!$B$21+(Dau_vao!$B$19-Dau_vao!$B$21)*39/200 -> 1151 | D41: =2*PI()*C41*Thiet_ke!$B$7/(60*Thiet_ke!$B$15*B41) -> 1.8543108 | E41: =D41*3.6 -> 6.6755189 | F41: =Thiet_ke!$B$12*(Dau_vao!$B$22*(C41/Dau_vao!$B$19)+Dau_vao!$B$23*(C41/Dau_vao!$B$19)^2-Dau_vao!$B$24*(C41/Dau_vao!$B$19)^3) -> 50.145875 | G41: =60000*F41/(2*PI()*C41) -> 416.03635 | H41: =G41*Thiet_ke!$B$15*B41*Dau_vao!$B$10/Thiet_ke!$B$7 -> 24068.149 | I41: =IF(D41<=Dau_vao!$B$14,Dau_vao!$B$13,Dau_vao!$B$13*(1+D41^2/1500)) -> 0.015 | J41: =Thiet_ke!$B$8*D41^2 -> 10.057521 | K41: =Thiet_ke!$B$3*I41+J41 -> 1141.641 | L41: =(H41-J41)/Thiet_ke!$B$3 -> 0.3189083 | M41: =1.05+0.05*B41^2 -> 3.5 | N41: =(MIN(H41,Thiet_ke!$B$16)-K41)/(Thiet_ke!$B$2*M41) -> 0.85181156 | O41: =IF(N41>0,1/N41,"") -> 1.1739686
A42: 1 | B42: =Thiet_ke!$B$20 -> 7 | C42: =Dau_vao!$B$21+(Dau_vao!$B$19-Dau_vao!$B$21)*40/200 -> 1160 | D42: =2*PI()*C42*Thiet_ke!$B$7/(60*Thiet_ke!$B$15*B42) -> 1.8688102 | E42: =D42*3.6 -> 6.7277167 | F42: =Thiet_ke!$B$12*(Dau_vao!$B$22*(C42/Dau_vao!$B$19)+Dau_vao!$B$23*(C42/Dau_vao!$B$19)^2-Dau_vao!$B$24*(C42/Dau_vao!$B$19)^3) -> 50.648422 | G42: =60000*F42/(2*PI()*C42) -> 416.94552 | H42: =G42*Thiet_ke!$B$15*B42*Dau_vao!$B$10/Thiet_ke!$B$7 -> 24120.746 | I42: =IF(D42<=Dau_vao!$B$14,Dau_vao!$B$13,Dau_vao!$B$13*(1+D42^2/1500)) -> 0.015 | J42: =Thiet_ke!$B$8*D42^2 -> 10.215421 | K42: =Thiet_ke!$B$3*I42+J42 -> 1141.7989 | L42: =(H42-J42)/Thiet_ke!$B$3 -> 0.31960342 | M42: =1.05+0.05*B42^2 -> 3.5 | N42: =(MIN(H42,Thiet_ke!$B$16)-K42)/(Thiet_ke!$B$2*M42) -> 0.85375987 | O42: =IF(N42>0,1/N42,"") -> 1.1712895
A43: 1 | B43: =Thiet_ke!$B$20 -> 7 | C43: =Dau_vao!$B$21+(Dau_vao!$B$19-Dau_vao!$B$21)*41/200 -> 1169 | D43: =2*PI()*C43*Thiet_ke!$B$7/(60*Thiet_ke!$B$15*B43) -> 1.8833096 | E43: =D43*3.6 -> 6.7799145 | F43: =Thiet_ke!$B$12*(Dau_vao!$B$22*(C43/Dau_vao!$B$19)+Dau_vao!$B$23*(C43/Dau_vao!$B$19)^2-Dau_vao!$B$24*(C43/Dau_vao!$B$19)^3) -> 51.151422 | G43: =60000*F43/(2*PI()*C43) -> 417.8444 | H43: =G43*Thiet_ke!$B$15*B43*Dau_vao!$B$10/Thiet_ke!$B$7 -> 24172.747 | I43: =IF(D43<=Dau_vao!$B$14,Dau_vao!$B$13,Dau_vao!$B$13*(1+D43^2/1500)) -> 0.015 | J43: =Thiet_ke!$B$8*D43^2 -> 10.374551 | K43: =Thiet_ke!$B$3*I43+J43 -> 1141.9581 | L43: =(H43-J43)/Thiet_ke!$B$3 -> 0.32029062 | M43: =1.05+0.05*B43^2 -> 3.5 | N43: =(MIN(H43,Thiet_ke!$B$16)-K43)/(Thiet_ke!$B$2*M43) -> 0.855686 | O43: =IF(N43>0,1/N43,"") -> 1.168653
A44: 1 | B44: =Thiet_ke!$B$20 -> 7 | C44: =Dau_vao!$B$21+(Dau_vao!$B$19-Dau_vao!$B$21)*42/200 -> 1178 | D44: =2*PI()*C44*Thiet_ke!$B$7/(60*Thiet_ke!$B$15*B44) -> 1.897809 | E44: =D44*3.6 -> 6.8321123 | F44: =Thiet_ke!$B$12*(Dau_vao!$B$22*(C44/Dau_vao!$B$19)+Dau_vao!$B$23*(C44/Dau_vao!$B$19)^2-Dau_vao!$B$24*(C44/Dau_vao!$B$19)^3) -> 51.654846 | G44: =60000*F44/(2*PI()*C44) -> 418.73298 | H44: =G44*Thiet_ke!$B$15*B44*Dau_vao!$B$10/Thiet_ke!$B$7 -> 24224.152 | I44: =IF(D44<=Dau_vao!$B$14,Dau_vao!$B$13,Dau_vao!$B$13*(1+D44^2/1500)) -> 0.015 | J44: =Thiet_ke!$B$8*D44^2 -> 10.534911 | K44: =Thiet_ke!$B$3*I44+J44 -> 1142.1184 | L44: =(H44-J44)/Thiet_ke!$B$3 -> 0.32096991 | M44: =1.05+0.05*B44^2 -> 3.5 | N44: =(MIN(H44,Thiet_ke!$B$16)-K44)/(Thiet_ke!$B$2*M44) -> 0.85758995 | O44: =IF(N44>0,1/N44,"") -> 1.1660584
A45: 1 | B45: =Thiet_ke!$B$20 -> 7 | C45: =Dau_vao!$B$21+(Dau_vao!$B$19-Dau_vao!$B$21)*43/200 -> 1187 | D45: =2*PI()*C45*Thiet_ke!$B$7/(60*Thiet_ke!$B$15*B45) -> 1.9123084 | E45: =D45*3.6 -> 6.8843101 | F45: =Thiet_ke!$B$12*(Dau_vao!$B$22*(C45/Dau_vao!$B$19)+Dau_vao!$B$23*(C45/Dau_vao!$B$19)^2-Dau_vao!$B$24*(C45/Dau_vao!$B$19)^3) -> 52.158665 | G45: =60000*F45/(2*PI()*C45) -> 419.61126 | H45: =G45*Thiet_ke!$B$15*B45*Dau_vao!$B$10/Thiet_ke!$B$7 -> 24274.961 | I45: =IF(D45<=Dau_vao!$B$14,Dau_vao!$B$13,Dau_vao!$B$13*(1+D45^2/1500)) -> 0.015 | J45: =Thiet_ke!$B$8*D45^2 -> 10.696501 | K45: =Thiet_ke!$B$3*I45+J45 -> 1142.28 | L45: =(H45-J45)/Thiet_ke!$B$3 -> 0.32164129 | M45: =1.05+0.05*B45^2 -> 3.5 | N45: =(MIN(H45,Thiet_ke!$B$16)-K45)/(Thiet_ke!$B$2*M45) -> 0.85947172 | O45: =IF(N45>0,1/N45,"") -> 1.1635054
A46: 1 | B46: =Thiet_ke!$B$20 -> 7 | C46: =Dau_vao!$B$21+(Dau_vao!$B$19-Dau_vao!$B$21)*44/200 -> 1196 | D46: =2*PI()*C46*Thiet_ke!$B$7/(60*Thiet_ke!$B$15*B46) -> 1.9268078 | E46: =D46*3.6 -> 6.9365079 | F46: =Thiet_ke!$B$12*(Dau_vao!$B$22*(C46/Dau_vao!$B$19)+Dau_vao!$B$23*(C46/Dau_vao!$B$19)^2-Dau_vao!$B$24*(C46/Dau_vao!$B$19)^3) -> 52.662849 | G46: =60000*F46/(2*PI()*C46) -> 420.47924 | H46: =G46*Thiet_ke!$B$15*B46*Dau_vao!$B$10/Thiet_ke!$B$7 -> 24325.175 | I46: =IF(D46<=Dau_vao!$B$14,Dau_vao!$B$13,Dau_vao!$B$13*(1+D46^2/1500)) -> 0.015 | J46: =Thiet_ke!$B$8*D46^2 -> 10.85932 | K46: =Thiet_ke!$B$3*I46+J46 -> 1142.4428 | L46: =(H46-J46)/Thiet_ke!$B$3 -> 0.32230475 | M46: =1.05+0.05*B46^2 -> 3.5 | N46: =(MIN(H46,Thiet_ke!$B$16)-K46)/(Thiet_ke!$B$2*M46) -> 0.86133131 | O46: =IF(N46>0,1/N46,"") -> 1.1609934
A47: 1 | B47: =Thiet_ke!$B$20 -> 7 | C47: =Dau_vao!$B$21+(Dau_vao!$B$19-Dau_vao!$B$21)*45/200 -> 1205 | D47: =2*PI()*C47*Thiet_ke!$B$7/(60*Thiet_ke!$B$15*B47) -> 1.9413071 | E47: =D47*3.6 -> 6.9887057 | F47: =Thiet_ke!$B$12*(Dau_vao!$B$22*(C47/Dau_vao!$B$19)+Dau_vao!$B$23*(C47/Dau_vao!$B$19)^2-Dau_vao!$B$24*(C47/Dau_vao!$B$19)^3) -> 53.16737 | G47: =60000*F47/(2*PI()*C47) -> 421.33692 | H47: =G47*Thiet_ke!$B$15*B47*Dau_vao!$B$10/Thiet_ke!$B$7 -> 24374.793 | I47: =IF(D47<=Dau_vao!$B$14,Dau_vao!$B$13,Dau_vao!$B$13*(1+D47^2/1500)) -> 0.015 | J47: =Thiet_ke!$B$8*D47^2 -> 11.02337 | K47: =Thiet_ke!$B$3*I47+J47 -> 1142.6069 | L47: =(H47-J47)/Thiet_ke!$B$3 -> 0.32296029 | M47: =1.05+0.05*B47^2 -> 3.5 | N47: =(MIN(H47,Thiet_ke!$B$16)-K47)/(Thiet_ke!$B$2*M47) -> 0.86316871 | O47: =IF(N47>0,1/N47,"") -> 1.1585221
A48: 1 | B48: =Thiet_ke!$B$20 -> 7 | C48: =Dau_vao!$B$21+(Dau_vao!$B$19-Dau_vao!$B$21)*46/200 -> 1214 | D48: =2*PI()*C48*Thiet_ke!$B$7/(60*Thiet_ke!$B$15*B48) -> 1.9558065 | E48: =D48*3.6 -> 7.0409035 | F48: =Thiet_ke!$B$12*(Dau_vao!$B$22*(C48/Dau_vao!$B$19)+Dau_vao!$B$23*(C48/Dau_vao!$B$19)^2-Dau_vao!$B$24*(C48/Dau_vao!$B$19)^3) -> 53.672198 | G48: =60000*F48/(2*PI()*C48) -> 422.1843 | H48: =G48*Thiet_ke!$B$15*B48*Dau_vao!$B$10/Thiet_ke!$B$7 -> 24423.815 | I48: =IF(D48<=Dau_vao!$B$14,Dau_vao!$B$13,Dau_vao!$B$13*(1+D48^2/1500)) -> 0.015 | J48: =Thiet_ke!$B$8*D48^2 -> 11.188649 | K48: =Thiet_ke!$B$3*I48+J48 -> 1142.7721 | L48: =(H48-J48)/Thiet_ke!$B$3 -> 0.32360793 | M48: =1.05+0.05*B48^2 -> 3.5 | N48: =(MIN(H48,Thiet_ke!$B$16)-K48)/(Thiet_ke!$B$2*M48) -> 0.86498393 | O48: =IF(N48>0,1/N48,"") -> 1.1560908
A49: 1 | B49: =Thiet_ke!$B$20 -> 7 | C49: =Dau_vao!$B$21+(Dau_vao!$B$19-Dau_vao!$B$21)*47/200 -> 1223 | D49: =2*PI()*C49*Thiet_ke!$B$7/(60*Thiet_ke!$B$15*B49) -> 1.9703059 | E49: =D49*3.6 -> 7.0931013 | F49: =Thiet_ke!$B$12*(Dau_vao!$B$22*(C49/Dau_vao!$B$19)+Dau_vao!$B$23*(C49/Dau_vao!$B$19)^2-Dau_vao!$B$24*(C49/Dau_vao!$B$19)^3) -> 54.177304 | G49: =60000*F49/(2*PI()*C49) -> 423.02138 | H49: =G49*Thiet_ke!$B$15*B49*Dau_vao!$B$10/Thiet_ke!$B$7 -> 24472.241 | I49: =IF(D49<=Dau_vao!$B$14,Dau_vao!$B$13,Dau_vao!$B$13*(1+D49^2/1500)) -> 0.015 | J49: =Thiet_ke!$B$8*D49^2 -> 11.355158 | K49: =Thiet_ke!$B$3*I49+J49 -> 1142.9387 | L49: =(H49-J49)/Thiet_ke!$B$3 -> 0.32424764 | M49: =1.05+0.05*B49^2 -> 3.5 | N49: =(MIN(H49,Thiet_ke!$B$16)-K49)/(Thiet_ke!$B$2*M49) -> 0.86677697 | O49: =IF(N49>0,1/N49,"") -> 1.1536993
A50: 1 | B50: =Thiet_ke!$B$20 -> 7 | C50: =Dau_vao!$B$21+(Dau_vao!$B$19-Dau_vao!$B$21)*48/200 -> 1232 | D50: =2*PI()*C50*Thiet_ke!$B$7/(60*Thiet_ke!$B$15*B50) -> 1.9848053 | E50: =D50*3.6 -> 7.1452991 | F50: =Thiet_ke!$B$12*(Dau_vao!$B$22*(C50/Dau_vao!$B$19)+Dau_vao!$B$23*(C50/Dau_vao!$B$19)^2-Dau_vao!$B$24*(C50/Dau_vao!$B$19)^3) -> 54.68266 | G50: =60000*F50/(2*PI()*C50) -> 423.84816 | H50: =G50*Thiet_ke!$B$15*B50*Dau_vao!$B$10/Thiet_ke!$B$7 -> 24520.071 | I50: =IF(D50<=Dau_vao!$B$14,Dau_vao!$B$13,Dau_vao!$B$13*(1+D50^2/1500)) -> 0.015 | J50: =Thiet_ke!$B$8*D50^2 -> 11.522898 | K50: =Thiet_ke!$B$3*I50+J50 -> 1143.1064 | L50: =(H50-J50)/Thiet_ke!$B$3 -> 0.32487945 | M50: =1.05+0.05*B50^2 -> 3.5 | N50: =(MIN(H50,Thiet_ke!$B$16)-K50)/(Thiet_ke!$B$2*M50) -> 0.86854782 | O50: =IF(N50>0,1/N50,"") -> 1.1513471
A51: 1 | B51: =Thiet_ke!$B$20 -> 7 | C51: =Dau_vao!$B$21+(Dau_vao!$B$19-Dau_vao!$B$21)*49/200 -> 1241 | D51: =2*PI()*C51*Thiet_ke!$B$7/(60*Thiet_ke!$B$15*B51) -> 1.9993047 | E51: =D51*3.6 -> 7.1974969 | F51: =Thiet_ke!$B$12*(Dau_vao!$B$22*(C51/Dau_vao!$B$19)+Dau_vao!$B$23*(C51/Dau_vao!$B$19)^2-Dau_vao!$B$24*(C51/Dau_vao!$B$19)^3) -> 55.188236 | G51: =60000*F51/(2*PI()*C51) -> 424.66465 | H51: =G51*Thiet_ke!$B$15*B51*Dau_vao!$B$10/Thiet_ke!$B$7 -> 24567.306 | I51: =IF(D51<=Dau_vao!$B$14,Dau_vao!$B$13,Dau_vao!$B$13*(1+D51^2/1500)) -> 0.015 | J51: =Thiet_ke!$B$8*D51^2 -> 11.691866 | K51: =Thiet_ke!$B$3*I51+J51 -> 1143.2754 | L51: =(H51-J51)/Thiet_ke!$B$3 -> 0.32550334 | M51: =1.05+0.05*B51^2 -> 3.5 | N51: =(MIN(H51,Thiet_ke!$B$16)-K51)/(Thiet_ke!$B$2*M51) -> 0.8702965 | O51: =IF(N51>0,1/N51,"") -> 1.1490337
A52: 1 | B52: =Thiet_ke!$B$20 -> 7 | C52: =Dau_vao!$B$21+(Dau_vao!$B$19-Dau_vao!$B$21)*50/200 -> 1250 | D52: =2*PI()*C52*Thiet_ke!$B$7/(60*Thiet_ke!$B$15*B52) -> 2.0138041 | E52: =D52*3.6 -> 7.2496947 | F52: =Thiet_ke!$B$12*(Dau_vao!$B$22*(C52/Dau_vao!$B$19)+Dau_vao!$B$23*(C52/Dau_vao!$B$19)^2-Dau_vao!$B$24*(C52/Dau_vao!$B$19)^3) -> 55.694002 | G52: =60000*F52/(2*PI()*C52) -> 425.47083 | H52: =G52*Thiet_ke!$B$15*B52*Dau_vao!$B$10/Thiet_ke!$B$7 -> 24613.944 | I52: =IF(D52<=Dau_vao!$B$14,Dau_vao!$B$13,Dau_vao!$B$13*(1+D52^2/1500)) -> 0.015 | J52: =Thiet_ke!$B$8*D52^2 -> 11.862065 | K52: =Thiet_ke!$B$3*I52+J52 -> 1143.4456 | L52: =(H52-J52)/Thiet_ke!$B$3 -> 0.32611931 | M52: =1.05+0.05*B52^2 -> 3.5 | N52: =(MIN(H52,Thiet_ke!$B$16)-K52)/(Thiet_ke!$B$2*M52) -> 0.87202299 | O52: =IF(N52>0,1/N52,"") -> 1.1467588
A53: 1 | B53: =Thiet_ke!$B$20 -> 7 | C53: =Dau_vao!$B$21+(Dau_vao!$B$19-Dau_vao!$B$21)*51/200 -> 1259 | D53: =2*PI()*C53*Thiet_ke!$B$7/(60*Thiet_ke!$B$15*B53) -> 2.0283035 | E53: =D53*3.6 -> 7.3018926 | F53: =Thiet_ke!$B$12*(Dau_vao!$B$22*(C53/Dau_vao!$B$19)+Dau_vao!$B$23*(C53/Dau_vao!$B$19)^2-Dau_vao!$B$24*(C53/Dau_vao!$B$19)^3) -> 56.19993 | G53: =60000*F53/(2*PI()*C53) -> 426.26672 | H53: =G53*Thiet_ke!$B$15*B53*Dau_vao!$B$10/Thiet_ke!$B$7 -> 24659.987 | I53: =IF(D53<=Dau_vao!$B$14,Dau_vao!$B$13,Dau_vao!$B$13*(1+D53^2/1500)) -> 0.015 | J53: =Thiet_ke!$B$8*D53^2 -> 12.033494 | K53: =Thiet_ke!$B$3*I53+J53 -> 1143.617 | L53: =(H53-J53)/Thiet_ke!$B$3 -> 0.32672737 | M53: =1.05+0.05*B53^2 -> 3.5 | N53: =(MIN(H53,Thiet_ke!$B$16)-K53)/(Thiet_ke!$B$2*M53) -> 0.87372729 | O53: =IF(N53>0,1/N53,"") -> 1.1445219
A54: 1 | B54: =Thiet_ke!$B$20 -> 7 | C54: =Dau_vao!$B$21+(Dau_vao!$B$19-Dau_vao!$B$21)*52/200 -> 1268 | D54: =2*PI()*C54*Thiet_ke!$B$7/(60*Thiet_ke!$B$15*B54) -> 2.0428029 | E54: =D54*3.6 -> 7.3540904 | F54: =Thiet_ke!$B$12*(Dau_vao!$B$22*(C54/Dau_vao!$B$19)+Dau_vao!$B$23*(C54/Dau_vao!$B$19)^2-Dau_vao!$B$24*(C54/Dau_vao!$B$19)^3) -> 56.705991 | G54: =60000*F54/(2*PI()*C54) -> 427.05231 | H54: =G54*Thiet_ke!$B$15*B54*Dau_vao!$B$10/Thiet_ke!$B$7 -> 24705.434 | I54: =IF(D54<=Dau_vao!$B$14,Dau_vao!$B$13,Dau_vao!$B$13*(1+D54^2/1500)) -> 0.015 | J54: =Thiet_ke!$B$8*D54^2 -> 12.206153 | K54: =Thiet_ke!$B$3*I54+J54 -> 1143.7897 | L54: =(H54-J54)/Thiet_ke!$B$3 -> 0.32732752 | M54: =1.05+0.05*B54^2 -> 3.5 | N54: =(MIN(H54,Thiet_ke!$B$16)-K54)/(Thiet_ke!$B$2*M54) -> 0.87540942 | O54: =IF(N54>0,1/N54,"") -> 1.1423226
A55: 1 | B55: =Thiet_ke!$B$20 -> 7 | C55: =Dau_vao!$B$21+(Dau_vao!$B$19-Dau_vao!$B$21)*53/200 -> 1277 | D55: =2*PI()*C55*Thiet_ke!$B$7/(60*Thiet_ke!$B$15*B55) -> 2.0573023 | E55: =D55*3.6 -> 7.4062882 | F55: =Thiet_ke!$B$12*(Dau_vao!$B$22*(C55/Dau_vao!$B$19)+Dau_vao!$B$23*(C55/Dau_vao!$B$19)^2-Dau_vao!$B$24*(C55/Dau_vao!$B$19)^3) -> 57.212155 | G55: =60000*F55/(2*PI()*C55) -> 427.8276 | H55: =G55*Thiet_ke!$B$15*B55*Dau_vao!$B$10/Thiet_ke!$B$7 -> 24750.285 | I55: =IF(D55<=Dau_vao!$B$14,Dau_vao!$B$13,Dau_vao!$B$13*(1+D55^2/1500)) -> 0.015 | J55: =Thiet_ke!$B$8*D55^2 -> 12.380041 | K55: =Thiet_ke!$B$3*I55+J55 -> 1143.9635 | L55: =(H55-J55)/Thiet_ke!$B$3 -> 0.32791975 | M55: =1.05+0.05*B55^2 -> 3.5 | N55: =(MIN(H55,Thiet_ke!$B$16)-K55)/(Thiet_ke!$B$2*M55) -> 0.87706936 | O55: =IF(N55>0,1/N55,"") -> 1.1401607
A56: 1 | B56: =Thiet_ke!$B$20 -> 7 | C56: =Dau_vao!$B$21+(Dau_vao!$B$19-Dau_vao!$B$21)*54/200 -> 1286 | D56: =2*PI()*C56*Thiet_ke!$B$7/(60*Thiet_ke!$B$15*B56) -> 2.0718017 | E56: =D56*3.6 -> 7.458486 | F56: =Thiet_ke!$B$12*(Dau_vao!$B$22*(C56/Dau_vao!$B$19)+Dau_vao!$B$23*(C56/Dau_vao!$B$19)^2-Dau_vao!$B$24*(C56/Dau_vao!$B$19)^3) -> 57.718394 | G56: =60000*F56/(2*PI()*C56) -> 428.59259 | H56: =G56*Thiet_ke!$B$15*B56*Dau_vao!$B$10/Thiet_ke!$B$7 -> 24794.541 | I56: =IF(D56<=Dau_vao!$B$14,Dau_vao!$B$13,Dau_vao!$B$13*(1+D56^2/1500)) -> 0.015 | J56: =Thiet_ke!$B$8*D56^2 -> 12.555159 | K56: =Thiet_ke!$B$3*I56+J56 -> 1144.1387 | L56: =(H56-J56)/Thiet_ke!$B$3 -> 0.32850407 | M56: =1.05+0.05*B56^2 -> 3.5 | N56: =(MIN(H56,Thiet_ke!$B$16)-K56)/(Thiet_ke!$B$2*M56) -> 0.87870712 | O56: =IF(N56>0,1/N56,"") -> 1.1380356
A57: 1 | B57: =Thiet_ke!$B$20 -> 7 | C57: =Dau_vao!$B$21+(Dau_vao!$B$19-Dau_vao!$B$21)*55/200 -> 1295 | D57: =2*PI()*C57*Thiet_ke!$B$7/(60*Thiet_ke!$B$15*B57) -> 2.086301 | E57: =D57*3.6 -> 7.5106838 | F57: =Thiet_ke!$B$12*(Dau_vao!$B$22*(C57/Dau_vao!$B$19)+Dau_vao!$B$23*(C57/Dau_vao!$B$19)^2-Dau_vao!$B$24*(C57/Dau_vao!$B$19)^3) -> 58.224678 | G57: =60000*F57/(2*PI()*C57) -> 429.34728 | H57: =G57*Thiet_ke!$B$15*B57*Dau_vao!$B$10/Thiet_ke!$B$7 -> 24838.201 | I57: =IF(D57<=Dau_vao!$B$14,Dau_vao!$B$13,Dau_vao!$B$13*(1+D57^2/1500)) -> 0.015 | J57: =Thiet_ke!$B$8*D57^2 -> 12.731507 | K57: =Thiet_ke!$B$3*I57+J57 -> 1144.315 | L57: =(H57-J57)/Thiet_ke!$B$3 -> 0.32908047 | M57: =1.05+0.05*B57^2 -> 3.5 | N57: =(MIN(H57,Thiet_ke!$B$16)-K57)/(Thiet_ke!$B$2*M57) -> 0.8803227 | O57: =IF(N57>0,1/N57,"") -> 1.1359471
A58: 1 | B58: =Thiet_ke!$B$20 -> 7 | C58: =Dau_vao!$B$21+(Dau_vao!$B$19-Dau_vao!$B$21)*56/200 -> 1304 | D58: =2*PI()*C58*Thiet_ke!$B$7/(60*Thiet_ke!$B$15*B58) -> 2.1008004 | E58: =D58*3.6 -> 7.5628816 | F58: =Thiet_ke!$B$12*(Dau_vao!$B$22*(C58/Dau_vao!$B$19)+Dau_vao!$B$23*(C58/Dau_vao!$B$19)^2-Dau_vao!$B$24*(C58/Dau_vao!$B$19)^3) -> 58.730979 | G58: =60000*F58/(2*PI()*C58) -> 430.09167 | H58: =G58*Thiet_ke!$B$15*B58*Dau_vao!$B$10/Thiet_ke!$B$7 -> 24881.264 | I58: =IF(D58<=Dau_vao!$B$14,Dau_vao!$B$13,Dau_vao!$B$13*(1+D58^2/1500)) -> 0.015 | J58: =Thiet_ke!$B$8*D58^2 -> 12.909085 | K58: =Thiet_ke!$B$3*I58+J58 -> 1144.4926 | L58: =(H58-J58)/Thiet_ke!$B$3 -> 0.32964896 | M58: =1.05+0.05*B58^2 -> 3.5 | N58: =(MIN(H58,Thiet_ke!$B$16)-K58)/(Thiet_ke!$B$2*M58) -> 0.8819161 | O58: =IF(N58>0,1/N58,"") -> 1.1338947
A59: 1 | B59: =Thiet_ke!$B$20 -> 7 | C59: =Dau_vao!$B$21+(Dau_vao!$B$19-Dau_vao!$B$21)*57/200 -> 1313 | D59: =2*PI()*C59*Thiet_ke!$B$7/(60*Thiet_ke!$B$15*B59) -> 2.1152998 | E59: =D59*3.6 -> 7.6150794 | F59: =Thiet_ke!$B$12*(Dau_vao!$B$22*(C59/Dau_vao!$B$19)+Dau_vao!$B$23*(C59/Dau_vao!$B$19)^2-Dau_vao!$B$24*(C59/Dau_vao!$B$19)^3) -> 59.237266 | G59: =60000*F59/(2*PI()*C59) -> 430.82576 | H59: =G59*Thiet_ke!$B$15*B59*Dau_vao!$B$10/Thiet_ke!$B$7 -> 24923.732 | I59: =IF(D59<=Dau_vao!$B$14,Dau_vao!$B$13,Dau_vao!$B$13*(1+D59^2/1500)) -> 0.015 | J59: =Thiet_ke!$B$8*D59^2 -> 13.087893 | K59: =Thiet_ke!$B$3*I59+J59 -> 1144.6714 | L59: =(H59-J59)/Thiet_ke!$B$3 -> 0.33020954 | M59: =1.05+0.05*B59^2 -> 3.5 | N59: =(MIN(H59,Thiet_ke!$B$16)-K59)/(Thiet_ke!$B$2*M59) -> 0.88348731 | O59: =IF(N59>0,1/N59,"") -> 1.1318782
A60: 1 | B60: =Thiet_ke!$B$20 -> 7 | C60: =Dau_vao!$B$21+(Dau_vao!$B$19-Dau_vao!$B$21)*58/200 -> 1322 | D60: =2*PI()*C60*Thiet_ke!$B$7/(60*Thiet_ke!$B$15*B60) -> 2.1297992 | E60: =D60*3.6 -> 7.6672772 | F60: =Thiet_ke!$B$12*(Dau_vao!$B$22*(C60/Dau_vao!$B$19)+Dau_vao!$B$23*(C60/Dau_vao!$B$19)^2-Dau_vao!$B$24*(C60/Dau_vao!$B$19)^3) -> 59.743511 | G60: =60000*F60/(2*PI()*C60) -> 431.54955 | H60: =G60*Thiet_ke!$B$15*B60*Dau_vao!$B$10/Thiet_ke!$B$7 -> 24965.605 | I60: =IF(D60<=Dau_vao!$B$14,Dau_vao!$B$13,Dau_vao!$B$13*(1+D60^2/1500)) -> 0.015 | J60: =Thiet_ke!$B$8*D60^2 -> 13.267931 | K60: =Thiet_ke!$B$3*I60+J60 -> 1144.8514 | L60: =(H60-J60)/Thiet_ke!$B$3 -> 0.3307622 | M60: =1.05+0.05*B60^2 -> 3.5 | N60: =(MIN(H60,Thiet_ke!$B$16)-K60)/(Thiet_ke!$B$2*M60) -> 0.88503634 | O60: =IF(N60>0,1/N60,"") -> 1.1298971
A61: 1 | B61: =Thiet_ke!$B$20 -> 7 | C61: =Dau_vao!$B$21+(Dau_vao!$B$19-Dau_vao!$B$21)*59/200 -> 1331 | D61: =2*PI()*C61*Thiet_ke!$B$7/(60*Thiet_ke!$B$15*B61) -> 2.1442986 | E61: =D61*3.6 -> 7.719475 | F61: =Thiet_ke!$B$12*(Dau_vao!$B$22*(C61/Dau_vao!$B$19)+Dau_vao!$B$23*(C61/Dau_vao!$B$19)^2-Dau_vao!$B$24*(C61/Dau_vao!$B$19)^3) -> 60.249685 | G61: =60000*F61/(2*PI()*C61) -> 432.26305 | H61: =G61*Thiet_ke!$B$15*B61*Dau_vao!$B$10/Thiet_ke!$B$7 -> 25006.881 | I61: =IF(D61<=Dau_vao!$B$14,Dau_vao!$B$13,Dau_vao!$B$13*(1+D61^2/1500)) -> 0.015 | J61: =Thiet_ke!$B$8*D61^2 -> 13.449198 | K61: =Thiet_ke!$B$3*I61+J61 -> 1145.0327 | L61: =(H61-J61)/Thiet_ke!$B$3 -> 0.33130695 | M61: =1.05+0.05*B61^2 -> 3.5 | N61: =(MIN(H61,Thiet_ke!$B$16)-K61)/(Thiet_ke!$B$2*M61) -> 0.88656319 | O61: =IF(N61>0,1/N61,"") -> 1.1279512
A62: 1 | B62: =Thiet_ke!$B$20 -> 7 | C62: =Dau_vao!$B$21+(Dau_vao!$B$19-Dau_vao!$B$21)*60/200 -> 1340 | D62: =2*PI()*C62*Thiet_ke!$B$7/(60*Thiet_ke!$B$15*B62) -> 2.158798 | E62: =D62*3.6 -> 7.7716728 | F62: =Thiet_ke!$B$12*(Dau_vao!$B$22*(C62/Dau_vao!$B$19)+Dau_vao!$B$23*(C62/Dau_vao!$B$19)^2-Dau_vao!$B$24*(C62/Dau_vao!$B$19)^3) -> 60.755759 | G62: =60000*F62/(2*PI()*C62) -> 432.96624 | H62: =G62*Thiet_ke!$B$15*B62*Dau_vao!$B$10/Thiet_ke!$B$7 -> 25047.562 | I62: =IF(D62<=Dau_vao!$B$14,Dau_vao!$B$13,Dau_vao!$B$13*(1+D62^2/1500)) -> 0.015 | J62: =Thiet_ke!$B$8*D62^2 -> 13.631696 | K62: =Thiet_ke!$B$3*I62+J62 -> 1145.2152 | L62: =(H62-J62)/Thiet_ke!$B$3 -> 0.33184378 | M62: =1.05+0.05*B62^2 -> 3.5 | N62: =(MIN(H62,Thiet_ke!$B$16)-K62)/(Thiet_ke!$B$2*M62) -> 0.88806786 | O62: =IF(N62>0,1/N62,"") -> 1.1260401
A63: 1 | B63: =Thiet_ke!$B$20 -> 7 | C63: =Dau_vao!$B$21+(Dau_vao!$B$19-Dau_vao!$B$21)*61/200 -> 1349 | D63: =2*PI()*C63*Thiet_ke!$B$7/(60*Thiet_ke!$B$15*B63) -> 2.1732974 | E63: =D63*3.6 -> 7.8238706 | F63: =Thiet_ke!$B$12*(Dau_vao!$B$22*(C63/Dau_vao!$B$19)+Dau_vao!$B$23*(C63/Dau_vao!$B$19)^2-Dau_vao!$B$24*(C63/Dau_vao!$B$19)^3) -> 61.261703 | G63: =60000*F63/(2*PI()*C63) -> 433.65914 | H63: =G63*Thiet_ke!$B$15*B63*Dau_vao!$B$10/Thiet_ke!$B$7 -> 25087.646 | I63: =IF(D63<=Dau_vao!$B$14,Dau_vao!$B$13,Dau_vao!$B$13*(1+D63^2/1500)) -> 0.015 | J63: =Thiet_ke!$B$8*D63^2 -> 13.815423 | K63: =Thiet_ke!$B$3*I63+J63 -> 1145.3989 | L63: =(H63-J63)/Thiet_ke!$B$3 -> 0.3323727 | M63: =1.05+0.05*B63^2 -> 3.5 | N63: =(MIN(H63,Thiet_ke!$B$16)-K63)/(Thiet_ke!$B$2*M63) -> 0.88955034 | O63: =IF(N63>0,1/N63,"") -> 1.1241635
A64: 1 | B64: =Thiet_ke!$B$20 -> 7 | C64: =Dau_vao!$B$21+(Dau_vao!$B$19-Dau_vao!$B$21)*62/200 -> 1358 | D64: =2*PI()*C64*Thiet_ke!$B$7/(60*Thiet_ke!$B$15*B64) -> 2.1877968 | E64: =D64*3.6 -> 7.8760684 | F64: =Thiet_ke!$B$12*(Dau_vao!$B$22*(C64/Dau_vao!$B$19)+Dau_vao!$B$23*(C64/Dau_vao!$B$19)^2-Dau_vao!$B$24*(C64/Dau_vao!$B$19)^3) -> 61.767489 | G64: =60000*F64/(2*PI()*C64) -> 434.34173 | H64: =G64*Thiet_ke!$B$15*B64*Dau_vao!$B$10/Thiet_ke!$B$7 -> 25127.135 | I64: =IF(D64<=Dau_vao!$B$14,Dau_vao!$B$13,Dau_vao!$B$13*(1+D64^2/1500)) -> 0.015 | J64: =Thiet_ke!$B$8*D64^2 -> 14.00038 | K64: =Thiet_ke!$B$3*I64+J64 -> 1145.5839 | L64: =(H64-J64)/Thiet_ke!$B$3 -> 0.33289371 | M64: =1.05+0.05*B64^2 -> 3.5 | N64: =(MIN(H64,Thiet_ke!$B$16)-K64)/(Thiet_ke!$B$2*M64) -> 0.89101064 | O64: =IF(N64>0,1/N64,"") -> 1.1223211
A65: 1 | B65: =Thiet_ke!$B$20 -> 7 | C65: =Dau_vao!$B$21+(Dau_vao!$B$19-Dau_vao!$B$21)*63/200 -> 1367 | D65: =2*PI()*C65*Thiet_ke!$B$7/(60*Thiet_ke!$B$15*B65) -> 2.2022962 | E65: =D65*3.6 -> 7.9282662 | F65: =Thiet_ke!$B$12*(Dau_vao!$B$22*(C65/Dau_vao!$B$19)+Dau_vao!$B$23*(C65/Dau_vao!$B$19)^2-Dau_vao!$B$24*(C65/Dau_vao!$B$19)^3) -> 62.273087 | G65: =60000*F65/(2*PI()*C65) -> 435.01403 | H65: =G65*Thiet_ke!$B$15*B65*Dau_vao!$B$10/Thiet_ke!$B$7 -> 25166.028 | I65: =IF(D65<=Dau_vao!$B$14,Dau_vao!$B$13,Dau_vao!$B$13*(1+D65^2/1500)) -> 0.015 | J65: =Thiet_ke!$B$8*D65^2 -> 14.186567 | K65: =Thiet_ke!$B$3*I65+J65 -> 1145.7701 | L65: =(H65-J65)/Thiet_ke!$B$3 -> 0.3334068 | M65: =1.05+0.05*B65^2 -> 3.5 | N65: =(MIN(H65,Thiet_ke!$B$16)-K65)/(Thiet_ke!$B$2*M65) -> 0.89244876 | O65: =IF(N65>0,1/N65,"") -> 1.1205125
A66: 1 | B66: =Thiet_ke!$B$20 -> 7 | C66: =Dau_vao!$B$21+(Dau_vao!$B$19-Dau_vao!$B$21)*64/200 -> 1376 | D66: =2*PI()*C66*Thiet_ke!$B$7/(60*Thiet_ke!$B$15*B66) -> 2.2167956 | E66: =D66*3.6 -> 7.980464 | F66: =Thiet_ke!$B$12*(Dau_vao!$B$22*(C66/Dau_vao!$B$19)+Dau_vao!$B$23*(C66/Dau_vao!$B$19)^2-Dau_vao!$B$24*(C66/Dau_vao!$B$19)^3) -> 62.778469 | G66: =60000*F66/(2*PI()*C66) -> 435.67603 | H66: =G66*Thiet_ke!$B$15*B66*Dau_vao!$B$10/Thiet_ke!$B$7 -> 25204.326 | I66: =IF(D66<=Dau_vao!$B$14,Dau_vao!$B$13,Dau_vao!$B$13*(1+D66^2/1500)) -> 0.015 | J66: =Thiet_ke!$B$8*D66^2 -> 14.373984 | K66: =Thiet_ke!$B$3*I66+J66 -> 1145.9575 | L66: =(H66-J66)/Thiet_ke!$B$3 -> 0.33391197 | M66: =1.05+0.05*B66^2 -> 3.5 | N66: =(MIN(H66,Thiet_ke!$B$16)-K66)/(Thiet_ke!$B$2*M66) -> 0.8938647 | O66: =IF(N66>0,1/N66,"") -> 1.1187375
A67: 1 | B67: =Thiet_ke!$B$20 -> 7 | C67: =Dau_vao!$B$21+(Dau_vao!$B$19-Dau_vao!$B$21)*65/200 -> 1385 | D67: =2*PI()*C67*Thiet_ke!$B$7/(60*Thiet_ke!$B$15*B67) -> 2.2312949 | E67: =D67*3.6 -> 8.0326618 | F67: =Thiet_ke!$B$12*(Dau_vao!$B$22*(C67/Dau_vao!$B$19)+Dau_vao!$B$23*(C67/Dau_vao!$B$19)^2-Dau_vao!$B$24*(C67/Dau_vao!$B$19)^3) -> 63.283604 | G67: =60000*F67/(2*PI()*C67) -> 436.32773 | H67: =G67*Thiet_ke!$B$15*B67*Dau_vao!$B$10/Thiet_ke!$B$7 -> 25242.027 | I67: =IF(D67<=Dau_vao!$B$14,Dau_vao!$B$13,Dau_vao!$B$13*(1+D67^2/1500)) -> 0.015 | J67: =Thiet_ke!$B$8*D67^2 -> 14.562631 | K67: =Thiet_ke!$B$3*I67+J67 -> 1146.1461 | L67: =(H67-J67)/Thiet_ke!$B$3 -> 0.33440923 | M67: =1.05+0.05*B67^2 -> 3.5 | N67: =(MIN(H67,Thiet_ke!$B$16)-K67)/(Thiet_ke!$B$2*M67) -> 0.89525845 | O67: =IF(N67>0,1/N67,"") -> 1.1169959
A68: 1 | B68: =Thiet_ke!$B$20 -> 7 | C68: =Dau_vao!$B$21+(Dau_vao!$B$19-Dau_vao!$B$21)*66/200 -> 1394 | D68: =2*PI()*C68*Thiet_ke!$B$7/(60*Thiet_ke!$B$15*B68) -> 2.2457943 | E68: =D68*3.6 -> 8.0848596 | F68: =Thiet_ke!$B$12*(Dau_vao!$B$22*(C68/Dau_vao!$B$19)+Dau_vao!$B$23*(C68/Dau_vao!$B$19)^2-Dau_vao!$B$24*(C68/Dau_vao!$B$19)^3) -> 63.788465 | G68: =60000*F68/(2*PI()*C68) -> 436.96913 | H68: =G68*Thiet_ke!$B$15*B68*Dau_vao!$B$10/Thiet_ke!$B$7 -> 25279.133 | I68: =IF(D68<=Dau_vao!$B$14,Dau_vao!$B$13,Dau_vao!$B$13*(1+D68^2/1500)) -> 0.015 | J68: =Thiet_ke!$B$8*D68^2 -> 14.752507 | K68: =Thiet_ke!$B$3*I68+J68 -> 1146.336 | L68: =(H68-J68)/Thiet_ke!$B$3 -> 0.33489858 | M68: =1.05+0.05*B68^2 -> 3.5 | N68: =(MIN(H68,Thiet_ke!$B$16)-K68)/(Thiet_ke!$B$2*M68) -> 0.89663002 | O68: =IF(N68>0,1/N68,"") -> 1.1152872
A69: 1 | B69: =Thiet_ke!$B$20 -> 7 | C69: =Dau_vao!$B$21+(Dau_vao!$B$19-Dau_vao!$B$21)*67/200 -> 1403 | D69: =2*PI()*C69*Thiet_ke!$B$7/(60*Thiet_ke!$B$15*B69) -> 2.2602937 | E69: =D69*3.6 -> 8.1370574 | F69: =Thiet_ke!$B$12*(Dau_vao!$B$22*(C69/Dau_vao!$B$19)+Dau_vao!$B$23*(C69/Dau_vao!$B$19)^2-Dau_vao!$B$24*(C69/Dau_vao!$B$19)^3) -> 64.293021 | G69: =60000*F69/(2*PI()*C69) -> 437.60023 | H69: =G69*Thiet_ke!$B$15*B69*Dau_vao!$B$10/Thiet_ke!$B$7 -> 25315.643 | I69: =IF(D69<=Dau_vao!$B$14,Dau_vao!$B$13,Dau_vao!$B$13*(1+D69^2/1500)) -> 0.015 | J69: =Thiet_ke!$B$8*D69^2 -> 14.943614 | K69: =Thiet_ke!$B$3*I69+J69 -> 1146.5271 | L69: =(H69-J69)/Thiet_ke!$B$3 -> 0.33538001 | M69: =1.05+0.05*B69^2 -> 3.5 | N69: =(MIN(H69,Thiet_ke!$B$16)-K69)/(Thiet_ke!$B$2*M69) -> 0.89797941 | O69: =IF(N69>0,1/N69,"") -> 1.1136113
A70: 1 | B70: =Thiet_ke!$B$20 -> 7 | C70: =Dau_vao!$B$21+(Dau_vao!$B$19-Dau_vao!$B$21)*68/200 -> 1412 | D70: =2*PI()*C70*Thiet_ke!$B$7/(60*Thiet_ke!$B$15*B70) -> 2.2747931 | E70: =D70*3.6 -> 8.1892552 | F70: =Thiet_ke!$B$12*(Dau_vao!$B$22*(C70/Dau_vao!$B$19)+Dau_vao!$B$23*(C70/Dau_vao!$B$19)^2-Dau_vao!$B$24*(C70/Dau_vao!$B$19)^3) -> 64.797244 | G70: =60000*F70/(2*PI()*C70) -> 438.22104 | H70: =G70*Thiet_ke!$B$15*B70*Dau_vao!$B$10/Thiet_ke!$B$7 -> 25351.557 | I70: =IF(D70<=Dau_vao!$B$14,Dau_vao!$B$13,Dau_vao!$B$13*(1+D70^2/1500)) -> 0.015 | J70: =Thiet_ke!$B$8*D70^2 -> 15.13595 | K70: =Thiet_ke!$B$3*I70+J70 -> 1146.7194 | L70: =(H70-J70)/Thiet_ke!$B$3 -> 0.33585353 | M70: =1.05+0.05*B70^2 -> 3.5 | N70: =(MIN(H70,Thiet_ke!$B$16)-K70)/(Thiet_ke!$B$2*M70) -> 0.89930662 | O70: =IF(N70>0,1/N70,"") -> 1.1119678
A71: 1 | B71: =Thiet_ke!$B$20 -> 7 | C71: =Dau_vao!$B$21+(Dau_vao!$B$19-Dau_vao!$B$21)*69/200 -> 1421 | D71: =2*PI()*C71*Thiet_ke!$B$7/(60*Thiet_ke!$B$15*B71) -> 2.2892925 | E71: =D71*3.6 -> 8.241453 | F71: =Thiet_ke!$B$12*(Dau_vao!$B$22*(C71/Dau_vao!$B$19)+Dau_vao!$B$23*(C71/Dau_vao!$B$19)^2-Dau_vao!$B$24*(C71/Dau_vao!$B$19)^3) -> 65.301105 | G71: =60000*F71/(2*PI()*C71) -> 438.83154 | H71: =G71*Thiet_ke!$B$15*B71*Dau_vao!$B$10/Thiet_ke!$B$7 -> 25386.875 | I71: =IF(D71<=Dau_vao!$B$14,Dau_vao!$B$13,Dau_vao!$B$13*(1+D71^2/1500)) -> 0.015 | J71: =Thiet_ke!$B$8*D71^2 -> 15.329516 | K71: =Thiet_ke!$B$3*I71+J71 -> 1146.913 | L71: =(H71-J71)/Thiet_ke!$B$3 -> 0.33631914 | M71: =1.05+0.05*B71^2 -> 3.5 | N71: =(MIN(H71,Thiet_ke!$B$16)-K71)/(Thiet_ke!$B$2*M71) -> 0.90061164 | O71: =IF(N71>0,1/N71,"") -> 1.1103565
A72: 1 | B72: =Thiet_ke!$B$20 -> 7 | C72: =Dau_vao!$B$21+(Dau_vao!$B$19-Dau_vao!$B$21)*70/200 -> 1430 | D72: =2*PI()*C72*Thiet_ke!$B$7/(60*Thiet_ke!$B$15*B72) -> 2.3037919 | E72: =D72*3.6 -> 8.2936508 | F72: =Thiet_ke!$B$12*(Dau_vao!$B$22*(C72/Dau_vao!$B$19)+Dau_vao!$B$23*(C72/Dau_vao!$B$19)^2-Dau_vao!$B$24*(C72/Dau_vao!$B$19)^3) -> 65.804574 | G72: =60000*F72/(2*PI()*C72) -> 439.43174 | H72: =G72*Thiet_ke!$B$15*B72*Dau_vao!$B$10/Thiet_ke!$B$7 -> 25421.598 | I72: =IF(D72<=Dau_vao!$B$14,Dau_vao!$B$13,Dau_vao!$B$13*(1+D72^2/1500)) -> 0.015 | J72: =Thiet_ke!$B$8*D72^2 -> 15.524312 | K72: =Thiet_ke!$B$3*I72+J72 -> 1147.1078 | L72: =(H72-J72)/Thiet_ke!$B$3 -> 0.33677683 | M72: =1.05+0.05*B72^2 -> 3.5 | N72: =(MIN(H72,Thiet_ke!$B$16)-K72)/(Thiet_ke!$B$2*M72) -> 0.90189449 | O72: =IF(N72>0,1/N72,"") -> 1.1087772
A73: 1 | B73: =Thiet_ke!$B$20 -> 7 | C73: =Dau_vao!$B$21+(Dau_vao!$B$19-Dau_vao!$B$21)*71/200 -> 1439 | D73: =2*PI()*C73*Thiet_ke!$B$7/(60*Thiet_ke!$B$15*B73) -> 2.3182913 | E73: =D73*3.6 -> 8.3458486 | F73: =Thiet_ke!$B$12*(Dau_vao!$B$22*(C73/Dau_vao!$B$19)+Dau_vao!$B$23*(C73/Dau_vao!$B$19)^2-Dau_vao!$B$24*(C73/Dau_vao!$B$19)^3) -> 66.307623 | G73: =60000*F73/(2*PI()*C73) -> 440.02165 | H73: =G73*Thiet_ke!$B$15*B73*Dau_vao!$B$10/Thiet_ke!$B$7 -> 25455.725 | I73: =IF(D73<=Dau_vao!$B$14,Dau_vao!$B$13,Dau_vao!$B$13*(1+D73^2/1500)) -> 0.015 | J73: =Thiet_ke!$B$8*D73^2 -> 15.720338 | K73: =Thiet_ke!$B$3*I73+J73 -> 1147.3038 | L73: =(H73-J73)/Thiet_ke!$B$3 -> 0.33722661 | M73: =1.05+0.05*B73^2 -> 3.5 | N73: =(MIN(H73,Thiet_ke!$B$16)-K73)/(Thiet_ke!$B$2*M73) -> 0.90315514 | O73: =IF(N73>0,1/N73,"") -> 1.1072295
A74: 1 | B74: =Thiet_ke!$B$20 -> 7 | C74: =Dau_vao!$B$21+(Dau_vao!$B$19-Dau_vao!$B$21)*72/200 -> 1448 | D74: =2*PI()*C74*Thiet_ke!$B$7/(60*Thiet_ke!$B$15*B74) -> 2.3327907 | E74: =D74*3.6 -> 8.3980464 | F74: =Thiet_ke!$B$12*(Dau_vao!$B$22*(C74/Dau_vao!$B$19)+Dau_vao!$B$23*(C74/Dau_vao!$B$19)^2-Dau_vao!$B$24*(C74/Dau_vao!$B$19)^3) -> 66.810222 | G74: =60000*F74/(2*PI()*C74) -> 440.60126 | H74: =G74*Thiet_ke!$B$15*B74*Dau_vao!$B$10/Thiet_ke!$B$7 -> 25489.255 | I74: =IF(D74<=Dau_vao!$B$14,Dau_vao!$B$13,Dau_vao!$B$13*(1+D74^2/1500)) -> 0.015 | J74: =Thiet_ke!$B$8*D74^2 -> 15.917593 | K74: =Thiet_ke!$B$3*I74+J74 -> 1147.5011 | L74: =(H74-J74)/Thiet_ke!$B$3 -> 0.33766847 | M74: =1.05+0.05*B74^2 -> 3.5 | N74: =(MIN(H74,Thiet_ke!$B$16)-K74)/(Thiet_ke!$B$2*M74) -> 0.90439362 | O74: =IF(N74>0,1/N74,"") -> 1.1057132
A75: 1 | B75: =Thiet_ke!$B$20 -> 7 | C75: =Dau_vao!$B$21+(Dau_vao!$B$19-Dau_vao!$B$21)*73/200 -> 1457 | D75: =2*PI()*C75*Thiet_ke!$B$7/(60*Thiet_ke!$B$15*B75) -> 2.3472901 | E75: =D75*3.6 -> 8.4502442 | F75: =Thiet_ke!$B$12*(Dau_vao!$B$22*(C75/Dau_vao!$B$19)+Dau_vao!$B$23*(C75/Dau_vao!$B$19)^2-Dau_vao!$B$24*(C75/Dau_vao!$B$19)^3) -> 67.312341 | G75: =60000*F75/(2*PI()*C75) -> 441.17056 | H75: =G75*Thiet_ke!$B$15*B75*Dau_vao!$B$10/Thiet_ke!$B$7 -> 25522.19 | I75: =IF(D75<=Dau_vao!$B$14,Dau_vao!$B$13,Dau_vao!$B$13*(1+D75^2/1500)) -> 0.015 | J75: =Thiet_ke!$B$8*D75^2 -> 16.116079 | K75: =Thiet_ke!$B$3*I75+J75 -> 1147.6996 | L75: =(H75-J75)/Thiet_ke!$B$3 -> 0.33810242 | M75: =1.05+0.05*B75^2 -> 3.5 | N75: =(MIN(H75,Thiet_ke!$B$16)-K75)/(Thiet_ke!$B$2*M75) -> 0.90560992 | O75: =IF(N75>0,1/N75,"") -> 1.1042282
A76: 1 | B76: =Thiet_ke!$B$20 -> 7 | C76: =Dau_vao!$B$21+(Dau_vao!$B$19-Dau_vao!$B$21)*74/200 -> 1466 | D76: =2*PI()*C76*Thiet_ke!$B$7/(60*Thiet_ke!$B$15*B76) -> 2.3617894 | E76: =D76*3.6 -> 8.502442 | F76: =Thiet_ke!$B$12*(Dau_vao!$B$22*(C76/Dau_vao!$B$19)+Dau_vao!$B$23*(C76/Dau_vao!$B$19)^2-Dau_vao!$B$24*(C76/Dau_vao!$B$19)^3) -> 67.813953 | G76: =60000*F76/(2*PI()*C76) -> 441.72957 | H76: =G76*Thiet_ke!$B$15*B76*Dau_vao!$B$10/Thiet_ke!$B$7 -> 25554.53 | I76: =IF(D76<=Dau_vao!$B$14,Dau_vao!$B$13,Dau_vao!$B$13*(1+D76^2/1500)) -> 0.015 | J76: =Thiet_ke!$B$8*D76^2 -> 16.315794 | K76: =Thiet_ke!$B$3*I76+J76 -> 1147.8993 | L76: =(H76-J76)/Thiet_ke!$B$3 -> 0.33852845 | M76: =1.05+0.05*B76^2 -> 3.5 | N76: =(MIN(H76,Thiet_ke!$B$16)-K76)/(Thiet_ke!$B$2*M76) -> 0.90680403 | O76: =IF(N76>0,1/N76,"") -> 1.1027741
A77: 1 | B77: =Thiet_ke!$B$20 -> 7 | C77: =Dau_vao!$B$21+(Dau_vao!$B$19-Dau_vao!$B$21)*75/200 -> 1475 | D77: =2*PI()*C77*Thiet_ke!$B$7/(60*Thiet_ke!$B$15*B77) -> 2.3762888 | E77: =D77*3.6 -> 8.5546398 | F77: =Thiet_ke!$B$12*(Dau_vao!$B$22*(C77/Dau_vao!$B$19)+Dau_vao!$B$23*(C77/Dau_vao!$B$19)^2-Dau_vao!$B$24*(C77/Dau_vao!$B$19)^3) -> 68.315028 | G77: =60000*F77/(2*PI()*C77) -> 442.27828 | H77: =G77*Thiet_ke!$B$15*B77*Dau_vao!$B$10/Thiet_ke!$B$7 -> 25586.273 | I77: =IF(D77<=Dau_vao!$B$14,Dau_vao!$B$13,Dau_vao!$B$13*(1+D77^2/1500)) -> 0.015 | J77: =Thiet_ke!$B$8*D77^2 -> 16.51674 | K77: =Thiet_ke!$B$3*I77+J77 -> 1148.1002 | L77: =(H77-J77)/Thiet_ke!$B$3 -> 0.33894657 | M77: =1.05+0.05*B77^2 -> 3.5 | N77: =(MIN(H77,Thiet_ke!$B$16)-K77)/(Thiet_ke!$B$2*M77) -> 0.90797596 | O77: =IF(N77>0,1/N77,"") -> 1.1013507
A78: 1 | B78: =Thiet_ke!$B$20 -> 7 | C78: =Dau_vao!$B$21+(Dau_vao!$B$19-Dau_vao!$B$21)*76/200 -> 1484 | D78: =2*PI()*C78*Thiet_ke!$B$7/(60*Thiet_ke!$B$15*B78) -> 2.3907882 | E78: =D78*3.6 -> 8.6068376 | F78: =Thiet_ke!$B$12*(Dau_vao!$B$22*(C78/Dau_vao!$B$19)+Dau_vao!$B$23*(C78/Dau_vao!$B$19)^2-Dau_vao!$B$24*(C78/Dau_vao!$B$19)^3) -> 68.815537 | G78: =60000*F78/(2*PI()*C78) -> 442.81669 | H78: =G78*Thiet_ke!$B$15*B78*Dau_vao!$B$10/Thiet_ke!$B$7 -> 25617.421 | I78: =IF(D78<=Dau_vao!$B$14,Dau_vao!$B$13,Dau_vao!$B$13*(1+D78^2/1500)) -> 0.015 | J78: =Thiet_ke!$B$8*D78^2 -> 16.718915 | K78: =Thiet_ke!$B$3*I78+J78 -> 1148.3024 | L78: =(H78-J78)/Thiet_ke!$B$3 -> 0.33935678 | M78: =1.05+0.05*B78^2 -> 3.5 | N78: =(MIN(H78,Thiet_ke!$B$16)-K78)/(Thiet_ke!$B$2*M78) -> 0.90912571 | O78: =IF(N78>0,1/N78,"") -> 1.0999579
A79: 1 | B79: =Thiet_ke!$B$20 -> 7 | C79: =Dau_vao!$B$21+(Dau_vao!$B$19-Dau_vao!$B$21)*77/200 -> 1493 | D79: =2*PI()*C79*Thiet_ke!$B$7/(60*Thiet_ke!$B$15*B79) -> 2.4052876 | E79: =D79*3.6 -> 8.6590354 | F79: =Thiet_ke!$B$12*(Dau_vao!$B$22*(C79/Dau_vao!$B$19)+Dau_vao!$B$23*(C79/Dau_vao!$B$19)^2-Dau_vao!$B$24*(C79/Dau_vao!$B$19)^3) -> 69.31545 | G79: =60000*F79/(2*PI()*C79) -> 443.3448 | H79: =G79*Thiet_ke!$B$15*B79*Dau_vao!$B$10/Thiet_ke!$B$7 -> 25647.973 | I79: =IF(D79<=Dau_vao!$B$14,Dau_vao!$B$13,Dau_vao!$B$13*(1+D79^2/1500)) -> 0.015 | J79: =Thiet_ke!$B$8*D79^2 -> 16.92232 | K79: =Thiet_ke!$B$3*I79+J79 -> 1148.5058 | L79: =(H79-J79)/Thiet_ke!$B$3 -> 0.33975907 | M79: =1.05+0.05*B79^2 -> 3.5 | N79: =(MIN(H79,Thiet_ke!$B$16)-K79)/(Thiet_ke!$B$2*M79) -> 0.91025327 | O79: =IF(N79>0,1/N79,"") -> 1.0985953
A80: 1 | B80: =Thiet_ke!$B$20 -> 7 | C80: =Dau_vao!$B$21+(Dau_vao!$B$19-Dau_vao!$B$21)*78/200 -> 1502 | D80: =2*PI()*C80*Thiet_ke!$B$7/(60*Thiet_ke!$B$15*B80) -> 2.419787 | E80: =D80*3.6 -> 8.7112332 | F80: =Thiet_ke!$B$12*(Dau_vao!$B$22*(C80/Dau_vao!$B$19)+Dau_vao!$B$23*(C80/Dau_vao!$B$19)^2-Dau_vao!$B$24*(C80/Dau_vao!$B$19)^3) -> 69.814739 | G80: =60000*F80/(2*PI()*C80) -> 443.86262 | H80: =G80*Thiet_ke!$B$15*B80*Dau_vao!$B$10/Thiet_ke!$B$7 -> 25677.929 | I80: =IF(D80<=Dau_vao!$B$14,Dau_vao!$B$13,Dau_vao!$B$13*(1+D80^2/1500)) -> 0.015 | J80: =Thiet_ke!$B$8*D80^2 -> 17.126955 | K80: =Thiet_ke!$B$3*I80+J80 -> 1148.7105 | L80: =(H80-J80)/Thiet_ke!$B$3 -> 0.34015344 | M80: =1.05+0.05*B80^2 -> 3.5 | N80: =(MIN(H80,Thiet_ke!$B$16)-K80)/(Thiet_ke!$B$2*M80) -> 0.91135865 | O80: =IF(N80>0,1/N80,"") -> 1.0972629
A81: 1 | B81: =Thiet_ke!$B$20 -> 7 | C81: =Dau_vao!$B$21+(Dau_vao!$B$19-Dau_vao!$B$21)*79/200 -> 1511 | D81: =2*PI()*C81*Thiet_ke!$B$7/(60*Thiet_ke!$B$15*B81) -> 2.4342864 | E81: =D81*3.6 -> 8.763431 | F81: =Thiet_ke!$B$12*(Dau_vao!$B$22*(C81/Dau_vao!$B$19)+Dau_vao!$B$23*(C81/Dau_vao!$B$19)^2-Dau_vao!$B$24*(C81/Dau_vao!$B$19)^3) -> 70.313375 | G81: =60000*F81/(2*PI()*C81) -> 444.37013 | H81: =G81*Thiet_ke!$B$15*B81*Dau_vao!$B$10/Thiet_ke!$B$7 -> 25707.289 | I81: =IF(D81<=Dau_vao!$B$14,Dau_vao!$B$13,Dau_vao!$B$13*(1+D81^2/1500)) -> 0.015 | J81: =Thiet_ke!$B$8*D81^2 -> 17.332819 | K81: =Thiet_ke!$B$3*I81+J81 -> 1148.9163 | L81: =(H81-J81)/Thiet_ke!$B$3 -> 0.34053991 | M81: =1.05+0.05*B81^2 -> 3.5 | N81: =(MIN(H81,Thiet_ke!$B$16)-K81)/(Thiet_ke!$B$2*M81) -> 0.91244185 | O81: =IF(N81>0,1/N81,"") -> 1.0959602
A82: 1 | B82: =Thiet_ke!$B$20 -> 7 | C82: =Dau_vao!$B$21+(Dau_vao!$B$19-Dau_vao!$B$21)*80/200 -> 1520 | D82: =2*PI()*C82*Thiet_ke!$B$7/(60*Thiet_ke!$B$15*B82) -> 2.4487858 | E82: =D82*3.6 -> 8.8156288 | F82: =Thiet_ke!$B$12*(Dau_vao!$B$22*(C82/Dau_vao!$B$19)+Dau_vao!$B$23*(C82/Dau_vao!$B$19)^2-Dau_vao!$B$24*(C82/Dau_vao!$B$19)^3) -> 70.811327 | G82: =60000*F82/(2*PI()*C82) -> 444.86735 | H82: =G82*Thiet_ke!$B$15*B82*Dau_vao!$B$10/Thiet_ke!$B$7 -> 25736.053 | I82: =IF(D82<=Dau_vao!$B$14,Dau_vao!$B$13,Dau_vao!$B$13*(1+D82^2/1500)) -> 0.015 | J82: =Thiet_ke!$B$8*D82^2 -> 17.539914 | K82: =Thiet_ke!$B$3*I82+J82 -> 1149.1234 | L82: =(H82-J82)/Thiet_ke!$B$3 -> 0.34091846 | M82: =1.05+0.05*B82^2 -> 3.5 | N82: =(MIN(H82,Thiet_ke!$B$16)-K82)/(Thiet_ke!$B$2*M82) -> 0.91350287 | O82: =IF(N82>0,1/N82,"") -> 1.0946873
A83: 1 | B83: =Thiet_ke!$B$20 -> 7 | C83: =Dau_vao!$B$21+(Dau_vao!$B$19-Dau_vao!$B$21)*81/200 -> 1529 | D83: =2*PI()*C83*Thiet_ke!$B$7/(60*Thiet_ke!$B$15*B83) -> 2.4632852 | E83: =D83*3.6 -> 8.8678266 | F83: =Thiet_ke!$B$12*(Dau_vao!$B$22*(C83/Dau_vao!$B$19)+Dau_vao!$B$23*(C83/Dau_vao!$B$19)^2-Dau_vao!$B$24*(C83/Dau_vao!$B$19)^3) -> 71.308568 | G83: =60000*F83/(2*PI()*C83) -> 445.35426 | H83: =G83*Thiet_ke!$B$15*B83*Dau_vao!$B$10/Thiet_ke!$B$7 -> 25764.222 | I83: =IF(D83<=Dau_vao!$B$14,Dau_vao!$B$13,Dau_vao!$B$13*(1+D83^2/1500)) -> 0.015 | J83: =Thiet_ke!$B$8*D83^2 -> 17.748238 | K83: =Thiet_ke!$B$3*I83+J83 -> 1149.3317 | L83: =(H83-J83)/Thiet_ke!$B$3 -> 0.34128909 | M83: =1.05+0.05*B83^2 -> 3.5 | N83: =(MIN(H83,Thiet_ke!$B$16)-K83)/(Thiet_ke!$B$2*M83) -> 0.91454171 | O83: =IF(N83>0,1/N83,"") -> 1.0934438
A84: 1 | B84: =Thiet_ke!$B$20 -> 7 | C84: =Dau_vao!$B$21+(Dau_vao!$B$19-Dau_vao!$B$21)*82/200 -> 1538 | D84: =2*PI()*C84*Thiet_ke!$B$7/(60*Thiet_ke!$B$15*B84) -> 2.4777846 | E84: =D84*3.6 -> 8.9200244 | F84: =Thiet_ke!$B$12*(Dau_vao!$B$22*(C84/Dau_vao!$B$19)+Dau_vao!$B$23*(C84/Dau_vao!$B$19)^2-Dau_vao!$B$24*(C84/Dau_vao!$B$19)^3) -> 71.805068 | G84: =60000*F84/(2*PI()*C84) -> 445.83088 | H84: =G84*Thiet_ke!$B$15*B84*Dau_vao!$B$10/Thiet_ke!$B$7 -> 25791.795 | I84: =IF(D84<=Dau_vao!$B$14,Dau_vao!$B$13,Dau_vao!$B$13*(1+D84^2/1500)) -> 0.015 | J84: =Thiet_ke!$B$8*D84^2 -> 17.957793 | K84: =Thiet_ke!$B$3*I84+J84 -> 1149.5413 | L84: =(H84-J84)/Thiet_ke!$B$3 -> 0.34165181 | M84: =1.05+0.05*B84^2 -> 3.5 | N84: =(MIN(H84,Thiet_ke!$B$16)-K84)/(Thiet_ke!$B$2*M84) -> 0.91555836 | O84: =IF(N84>0,1/N84,"") -> 1.0922297
A85: 1 | B85: =Thiet_ke!$B$20 -> 7 | C85: =Dau_vao!$B$21+(Dau_vao!$B$19-Dau_vao!$B$21)*83/200 -> 1547 | D85: =2*PI()*C85*Thiet_ke!$B$7/(60*Thiet_ke!$B$15*B85) -> 2.492284 | E85: =D85*3.6 -> 8.9722222 | F85: =Thiet_ke!$B$12*(Dau_vao!$B$22*(C85/Dau_vao!$B$19)+Dau_vao!$B$23*(C85/Dau_vao!$B$19)^2-Dau_vao!$B$24*(C85/Dau_vao!$B$19)^3) -> 72.300798 | G85: =60000*F85/(2*PI()*C85) -> 446.29719 | H85: =G85*Thiet_ke!$B$15*B85*Dau_vao!$B$10/Thiet_ke!$B$7 -> 25818.772 | I85: =IF(D85<=Dau_vao!$B$14,Dau_vao!$B$13,Dau_vao!$B$13*(1+D85^2/1500)) -> 0.015 | J85: =Thiet_ke!$B$8*D85^2 -> 18.168577 | K85: =Thiet_ke!$B$3*I85+J85 -> 1149.7521 | L85: =(H85-J85)/Thiet_ke!$B$3 -> 0.34200662 | M85: =1.05+0.05*B85^2 -> 3.5 | N85: =(MIN(H85,Thiet_ke!$B$16)-K85)/(Thiet_ke!$B$2*M85) -> 0.91655283 | O85: =IF(N85>0,1/N85,"") -> 1.0910446
A86: 1 | B86: =Thiet_ke!$B$20 -> 7 | C86: =Dau_vao!$B$21+(Dau_vao!$B$19-Dau_vao!$B$21)*84/200 -> 1556 | D86: =2*PI()*C86*Thiet_ke!$B$7/(60*Thiet_ke!$B$15*B86) -> 2.5067833 | E86: =D86*3.6 -> 9.02442 | F86: =Thiet_ke!$B$12*(Dau_vao!$B$22*(C86/Dau_vao!$B$19)+Dau_vao!$B$23*(C86/Dau_vao!$B$19)^2-Dau_vao!$B$24*(C86/Dau_vao!$B$19)^3) -> 72.795728 | G86: =60000*F86/(2*PI()*C86) -> 446.75321 | H86: =G86*Thiet_ke!$B$15*B86*Dau_vao!$B$10/Thiet_ke!$B$7 -> 25845.153 | I86: =IF(D86<=Dau_vao!$B$14,Dau_vao!$B$13,Dau_vao!$B$13*(1+D86^2/1500)) -> 0.015 | J86: =Thiet_ke!$B$8*D86^2 -> 18.380591 | K86: =Thiet_ke!$B$3*I86+J86 -> 1149.9641 | L86: =(H86-J86)/Thiet_ke!$B$3 -> 0.34235351 | M86: =1.05+0.05*B86^2 -> 3.5 | N86: =(MIN(H86,Thiet_ke!$B$16)-K86)/(Thiet_ke!$B$2*M86) -> 0.91752512 | O86: =IF(N86>0,1/N86,"") -> 1.0898884
A87: 1 | B87: =Thiet_ke!$B$20 -> 7 | C87: =Dau_vao!$B$21+(Dau_vao!$B$19-Dau_vao!$B$21)*85/200 -> 1565 | D87: =2*PI()*C87*Thiet_ke!$B$7/(60*Thiet_ke!$B$15*B87) -> 2.5212827 | E87: =D87*3.6 -> 9.0766178 | F87: =Thiet_ke!$B$12*(Dau_vao!$B$22*(C87/Dau_vao!$B$19)+Dau_vao!$B$23*(C87/Dau_vao!$B$19)^2-Dau_vao!$B$24*(C87/Dau_vao!$B$19)^3) -> 73.289831 | G87: =60000*F87/(2*PI()*C87) -> 447.19893 | H87: =G87*Thiet_ke!$B$15*B87*Dau_vao!$B$10/Thiet_ke!$B$7 -> 25870.938 | I87: =IF(D87<=Dau_vao!$B$14,Dau_vao!$B$13,Dau_vao!$B$13*(1+D87^2/1500)) -> 0.015 | J87: =Thiet_ke!$B$8*D87^2 -> 18.593835 | K87: =Thiet_ke!$B$3*I87+J87 -> 1150.1773 | L87: =(H87-J87)/Thiet_ke!$B$3 -> 0.34269249 | M87: =1.05+0.05*B87^2 -> 3.5 | N87: =(MIN(H87,Thiet_ke!$B$16)-K87)/(Thiet_ke!$B$2*M87) -> 0.91847522 | O87: =IF(N87>0,1/N87,"") -> 1.088761
A88: 1 | B88: =Thiet_ke!$B$20 -> 7 | C88: =Dau_vao!$B$21+(Dau_vao!$B$19-Dau_vao!$B$21)*86/200 -> 1574 | D88: =2*PI()*C88*Thiet_ke!$B$7/(60*Thiet_ke!$B$15*B88) -> 2.5357821 | E88: =D88*3.6 -> 9.1288156 | F88: =Thiet_ke!$B$12*(Dau_vao!$B$22*(C88/Dau_vao!$B$19)+Dau_vao!$B$23*(C88/Dau_vao!$B$19)^2-Dau_vao!$B$24*(C88/Dau_vao!$B$19)^3) -> 73.783075 | G88: =60000*F88/(2*PI()*C88) -> 447.63435 | H88: =G88*Thiet_ke!$B$15*B88*Dau_vao!$B$10/Thiet_ke!$B$7 -> 25896.128 | I88: =IF(D88<=Dau_vao!$B$14,Dau_vao!$B$13,Dau_vao!$B$13*(1+D88^2/1500)) -> 0.015 | J88: =Thiet_ke!$B$8*D88^2 -> 18.808309 | K88: =Thiet_ke!$B$3*I88+J88 -> 1150.3918 | L88: =(H88-J88)/Thiet_ke!$B$3 -> 0.34302355 | M88: =1.05+0.05*B88^2 -> 3.5 | N88: =(MIN(H88,Thiet_ke!$B$16)-K88)/(Thiet_ke!$B$2*M88) -> 0.91940315 | O88: =IF(N88>0,1/N88,"") -> 1.0876621
A89: 1 | B89: =Thiet_ke!$B$20 -> 7 | C89: =Dau_vao!$B$21+(Dau_vao!$B$19-Dau_vao!$B$21)*87/200 -> 1583 | D89: =2*PI()*C89*Thiet_ke!$B$7/(60*Thiet_ke!$B$15*B89) -> 2.5502815 | E89: =D89*3.6 -> 9.1810134 | F89: =Thiet_ke!$B$12*(Dau_vao!$B$22*(C89/Dau_vao!$B$19)+Dau_vao!$B$23*(C89/Dau_vao!$B$19)^2-Dau_vao!$B$24*(C89/Dau_vao!$B$19)^3) -> 74.275434 | G89: =60000*F89/(2*PI()*C89) -> 448.05947 | H89: =G89*Thiet_ke!$B$15*B89*Dau_vao!$B$10/Thiet_ke!$B$7 -> 25920.721 | I89: =IF(D89<=Dau_vao!$B$14,Dau_vao!$B$13,Dau_vao!$B$13*(1+D89^2/1500)) -> 0.015 | J89: =Thiet_ke!$B$8*D89^2 -> 19.024012 | K89: =Thiet_ke!$B$3*I89+J89 -> 1150.6075 | L89: =(H89-J89)/Thiet_ke!$B$3 -> 0.3433467 | M89: =1.05+0.05*B89^2 -> 3.5 | N89: =(MIN(H89,Thiet_ke!$B$16)-K89)/(Thiet_ke!$B$2*M89) -> 0.92030889 | O89: =IF(N89>0,1/N89,"") -> 1.0865917
A90: 1 | B90: =Thiet_ke!$B$20 -> 7 | C90: =Dau_vao!$B$21+(Dau_vao!$B$19-Dau_vao!$B$21)*88/200 -> 1592 | D90: =2*PI()*C90*Thiet_ke!$B$7/(60*Thiet_ke!$B$15*B90) -> 2.5647809 | E90: =D90*3.6 -> 9.2332112 | F90: =Thiet_ke!$B$12*(Dau_vao!$B$22*(C90/Dau_vao!$B$19)+Dau_vao!$B$23*(C90/Dau_vao!$B$19)^2-Dau_vao!$B$24*(C90/Dau_vao!$B$19)^3) -> 74.766876 | G90: =60000*F90/(2*PI()*C90) -> 448.4743 | H90: =G90*Thiet_ke!$B$15*B90*Dau_vao!$B$10/Thiet_ke!$B$7 -> 25944.719 | I90: =IF(D90<=Dau_vao!$B$14,Dau_vao!$B$13,Dau_vao!$B$13*(1+D90^2/1500)) -> 0.015 | J90: =Thiet_ke!$B$8*D90^2 -> 19.240946 | K90: =Thiet_ke!$B$3*I90+J90 -> 1150.8244 | L90: =(H90-J90)/Thiet_ke!$B$3 -> 0.34366193 | M90: =1.05+0.05*B90^2 -> 3.5 | N90: =(MIN(H90,Thiet_ke!$B$16)-K90)/(Thiet_ke!$B$2*M90) -> 0.92119245 | O90: =IF(N90>0,1/N90,"") -> 1.0855495
A91: 1 | B91: =Thiet_ke!$B$20 -> 7 | C91: =Dau_vao!$B$21+(Dau_vao!$B$19-Dau_vao!$B$21)*89/200 -> 1601 | D91: =2*PI()*C91*Thiet_ke!$B$7/(60*Thiet_ke!$B$15*B91) -> 2.5792803 | E91: =D91*3.6 -> 9.285409 | F91: =Thiet_ke!$B$12*(Dau_vao!$B$22*(C91/Dau_vao!$B$19)+Dau_vao!$B$23*(C91/Dau_vao!$B$19)^2-Dau_vao!$B$24*(C91/Dau_vao!$B$19)^3) -> 75.257374 | G91: =60000*F91/(2*PI()*C91) -> 448.87882 | H91: =G91*Thiet_ke!$B$15*B91*Dau_vao!$B$10/Thiet_ke!$B$7 -> 25968.121 | I91: =IF(D91<=Dau_vao!$B$14,Dau_vao!$B$13,Dau_vao!$B$13*(1+D91^2/1500)) -> 0.015 | J91: =Thiet_ke!$B$8*D91^2 -> 19.459109 | K91: =Thiet_ke!$B$3*I91+J91 -> 1151.0426 | L91: =(H91-J91)/Thiet_ke!$B$3 -> 0.34396925 | M91: =1.05+0.05*B91^2 -> 3.5 | N91: =(MIN(H91,Thiet_ke!$B$16)-K91)/(Thiet_ke!$B$2*M91) -> 0.92205382 | O91: =IF(N91>0,1/N91,"") -> 1.0845354
A92: 1 | B92: =Thiet_ke!$B$20 -> 7 | C92: =Dau_vao!$B$21+(Dau_vao!$B$19-Dau_vao!$B$21)*90/200 -> 1610 | D92: =2*PI()*C92*Thiet_ke!$B$7/(60*Thiet_ke!$B$15*B92) -> 2.5937797 | E92: =D92*3.6 -> 9.3376068 | F92: =Thiet_ke!$B$12*(Dau_vao!$B$22*(C92/Dau_vao!$B$19)+Dau_vao!$B$23*(C92/Dau_vao!$B$19)^2-Dau_vao!$B$24*(C92/Dau_vao!$B$19)^3) -> 75.746898 | G92: =60000*F92/(2*PI()*C92) -> 449.27304 | H92: =G92*Thiet_ke!$B$15*B92*Dau_vao!$B$10/Thiet_ke!$B$7 -> 25990.928 | I92: =IF(D92<=Dau_vao!$B$14,Dau_vao!$B$13,Dau_vao!$B$13*(1+D92^2/1500)) -> 0.015 | J92: =Thiet_ke!$B$8*D92^2 -> 19.678502 | K92: =Thiet_ke!$B$3*I92+J92 -> 1151.262 | L92: =(H92-J92)/Thiet_ke!$B$3 -> 0.34426866 | M92: =1.05+0.05*B92^2 -> 3.5 | N92: =(MIN(H92,Thiet_ke!$B$16)-K92)/(Thiet_ke!$B$2*M92) -> 0.92289302 | O92: =IF(N92>0,1/N92,"") -> 1.0835492
A93: 1 | B93: =Thiet_ke!$B$20 -> 7 | C93: =Dau_vao!$B$21+(Dau_vao!$B$19-Dau_vao!$B$21)*91/200 -> 1619 | D93: =2*PI()*C93*Thiet_ke!$B$7/(60*Thiet_ke!$B$15*B93) -> 2.6082791 | E93: =D93*3.6 -> 9.3898046 | F93: =Thiet_ke!$B$12*(Dau_vao!$B$22*(C93/Dau_vao!$B$19)+Dau_vao!$B$23*(C93/Dau_vao!$B$19)^2-Dau_vao!$B$24*(C93/Dau_vao!$B$19)^3) -> 76.235419 | G93: =60000*F93/(2*PI()*C93) -> 449.65697 | H93: =G93*Thiet_ke!$B$15*B93*Dau_vao!$B$10/Thiet_ke!$B$7 -> 26013.138 | I93: =IF(D93<=Dau_vao!$B$14,Dau_vao!$B$13,Dau_vao!$B$13*(1+D93^2/1500)) -> 0.015 | J93: =Thiet_ke!$B$8*D93^2 -> 19.899125 | K93: =Thiet_ke!$B$3*I93+J93 -> 1151.4826 | L93: =(H93-J93)/Thiet_ke!$B$3 -> 0.34456015 | M93: =1.05+0.05*B93^2 -> 3.5 | N93: =(MIN(H93,Thiet_ke!$B$16)-K93)/(Thiet_ke!$B$2*M93) -> 0.92371003 | O93: =IF(N93>0,1/N93,"") -> 1.0825908
A94: 1 | B94: =Thiet_ke!$B$20 -> 7 | C94: =Dau_vao!$B$21+(Dau_vao!$B$19-Dau_vao!$B$21)*92/200 -> 1628 | D94: =2*PI()*C94*Thiet_ke!$B$7/(60*Thiet_ke!$B$15*B94) -> 2.6227785 | E94: =D94*3.6 -> 9.4420024 | F94: =Thiet_ke!$B$12*(Dau_vao!$B$22*(C94/Dau_vao!$B$19)+Dau_vao!$B$23*(C94/Dau_vao!$B$19)^2-Dau_vao!$B$24*(C94/Dau_vao!$B$19)^3) -> 76.722908 | G94: =60000*F94/(2*PI()*C94) -> 450.03059 | H94: =G94*Thiet_ke!$B$15*B94*Dau_vao!$B$10/Thiet_ke!$B$7 -> 26034.753 | I94: =IF(D94<=Dau_vao!$B$14,Dau_vao!$B$13,Dau_vao!$B$13*(1+D94^2/1500)) -> 0.015 | J94: =Thiet_ke!$B$8*D94^2 -> 20.120978 | K94: =Thiet_ke!$B$3*I94+J94 -> 1151.7045 | L94: =(H94-J94)/Thiet_ke!$B$3 -> 0.34484373 | M94: =1.05+0.05*B94^2 -> 3.5 | N94: =(MIN(H94,Thiet_ke!$B$16)-K94)/(Thiet_ke!$B$2*M94) -> 0.92450486 | O94: =IF(N94>0,1/N94,"") -> 1.0816601
A95: 1 | B95: =Thiet_ke!$B$20 -> 7 | C95: =Dau_vao!$B$21+(Dau_vao!$B$19-Dau_vao!$B$21)*93/200 -> 1637 | D95: =2*PI()*C95*Thiet_ke!$B$7/(60*Thiet_ke!$B$15*B95) -> 2.6372778 | E95: =D95*3.6 -> 9.4942002 | F95: =Thiet_ke!$B$12*(Dau_vao!$B$22*(C95/Dau_vao!$B$19)+Dau_vao!$B$23*(C95/Dau_vao!$B$19)^2-Dau_vao!$B$24*(C95/Dau_vao!$B$19)^3) -> 77.209336 | G95: =60000*F95/(2*PI()*C95) -> 450.39392 | H95: =G95*Thiet_ke!$B$15*B95*Dau_vao!$B$10/Thiet_ke!$B$7 -> 26055.772 | I95: =IF(D95<=Dau_vao!$B$14,Dau_vao!$B$13,Dau_vao!$B$13*(1+D95^2/1500)) -> 0.015 | J95: =Thiet_ke!$B$8*D95^2 -> 20.344061 | K95: =Thiet_ke!$B$3*I95+J95 -> 1151.9276 | L95: =(H95-J95)/Thiet_ke!$B$3 -> 0.34511939 | M95: =1.05+0.05*B95^2 -> 3.5 | N95: =(MIN(H95,Thiet_ke!$B$16)-K95)/(Thiet_ke!$B$2*M95) -> 0.9252775 | O95: =IF(N95>0,1/N95,"") -> 1.0807569
A96: 1 | B96: =Thiet_ke!$B$20 -> 7 | C96: =Dau_vao!$B$21+(Dau_vao!$B$19-Dau_vao!$B$21)*94/200 -> 1646 | D96: =2*PI()*C96*Thiet_ke!$B$7/(60*Thiet_ke!$B$15*B96) -> 2.6517772 | E96: =D96*3.6 -> 9.546398 | F96: =Thiet_ke!$B$12*(Dau_vao!$B$22*(C96/Dau_vao!$B$19)+Dau_vao!$B$23*(C96/Dau_vao!$B$19)^2-Dau_vao!$B$24*(C96/Dau_vao!$B$19)^3) -> 77.694673 | G96: =60000*F96/(2*PI()*C96) -> 450.74695 | H96: =G96*Thiet_ke!$B$15*B96*Dau_vao!$B$10/Thiet_ke!$B$7 -> 26076.195 | I96: =IF(D96<=Dau_vao!$B$14,Dau_vao!$B$13,Dau_vao!$B$13*(1+D96^2/1500)) -> 0.015 | J96: =Thiet_ke!$B$8*D96^2 -> 20.568373 | K96: =Thiet_ke!$B$3*I96+J96 -> 1152.1519 | L96: =(H96-J96)/Thiet_ke!$B$3 -> 0.34538714 | M96: =1.05+0.05*B96^2 -> 3.5 | N96: =(MIN(H96,Thiet_ke!$B$16)-K96)/(Thiet_ke!$B$2*M96) -> 0.92602797 | O96: =IF(N96>0,1/N96,"") -> 1.079881
A97: 1 | B97: =Thiet_ke!$B$20 -> 7 | C97: =Dau_vao!$B$21+(Dau_vao!$B$19-Dau_vao!$B$21)*95/200 -> 1655 | D97: =2*PI()*C97*Thiet_ke!$B$7/(60*Thiet_ke!$B$15*B97) -> 2.6662766 | E97: =D97*3.6 -> 9.5985958 | F97: =Thiet_ke!$B$12*(Dau_vao!$B$22*(C97/Dau_vao!$B$19)+Dau_vao!$B$23*(C97/Dau_vao!$B$19)^2-Dau_vao!$B$24*(C97/Dau_vao!$B$19)^3) -> 78.178891 | G97: =60000*F97/(2*PI()*C97) -> 451.08968 | H97: =G97*Thiet_ke!$B$15*B97*Dau_vao!$B$10/Thiet_ke!$B$7 -> 26096.022 | I97: =IF(D97<=Dau_vao!$B$14,Dau_vao!$B$13,Dau_vao!$B$13*(1+D97^2/1500)) -> 0.015 | J97: =Thiet_ke!$B$8*D97^2 -> 20.793916 | K97: =Thiet_ke!$B$3*I97+J97 -> 1152.3774 | L97: =(H97-J97)/Thiet_ke!$B$3 -> 0.34564698 | M97: =1.05+0.05*B97^2 -> 3.5 | N97: =(MIN(H97,Thiet_ke!$B$16)-K97)/(Thiet_ke!$B$2*M97) -> 0.92675625 | O97: =IF(N97>0,1/N97,"") -> 1.0790324
A98: 1 | B98: =Thiet_ke!$B$20 -> 7 | C98: =Dau_vao!$B$21+(Dau_vao!$B$19-Dau_vao!$B$21)*96/200 -> 1664 | D98: =2*PI()*C98*Thiet_ke!$B$7/(60*Thiet_ke!$B$15*B98) -> 2.680776 | E98: =D98*3.6 -> 9.6507937 | F98: =Thiet_ke!$B$12*(Dau_vao!$B$22*(C98/Dau_vao!$B$19)+Dau_vao!$B$23*(C98/Dau_vao!$B$19)^2-Dau_vao!$B$24*(C98/Dau_vao!$B$19)^3) -> 78.66196 | G98: =60000*F98/(2*PI()*C98) -> 451.42211 | H98: =G98*Thiet_ke!$B$15*B98*Dau_vao!$B$10/Thiet_ke!$B$7 -> 26115.253 | I98: =IF(D98<=Dau_vao!$B$14,Dau_vao!$B$13,Dau_vao!$B$13*(1+D98^2/1500)) -> 0.015 | J98: =Thiet_ke!$B$8*D98^2 -> 21.020688 | K98: =Thiet_ke!$B$3*I98+J98 -> 1152.6042 | L98: =(H98-J98)/Thiet_ke!$B$3 -> 0.3458989 | M98: =1.05+0.05*B98^2 -> 3.5 | N98: =(MIN(H98,Thiet_ke!$B$16)-K98)/(Thiet_ke!$B$2*M98) -> 0.92746235 | O98: =IF(N98>0,1/N98,"") -> 1.0782109
A99: 1 | B99: =Thiet_ke!$B$20 -> 7 | C99: =Dau_vao!$B$21+(Dau_vao!$B$19-Dau_vao!$B$21)*97/200 -> 1673 | D99: =2*PI()*C99*Thiet_ke!$B$7/(60*Thiet_ke!$B$15*B99) -> 2.6952754 | E99: =D99*3.6 -> 9.7029915 | F99: =Thiet_ke!$B$12*(Dau_vao!$B$22*(C99/Dau_vao!$B$19)+Dau_vao!$B$23*(C99/Dau_vao!$B$19)^2-Dau_vao!$B$24*(C99/Dau_vao!$B$19)^3) -> 79.143851 | G99: =60000*F99/(2*PI()*C99) -> 451.74424 | H99: =G99*Thiet_ke!$B$15*B99*Dau_vao!$B$10/Thiet_ke!$B$7 -> 26133.889 | I99: =IF(D99<=Dau_vao!$B$14,Dau_vao!$B$13,Dau_vao!$B$13*(1+D99^2/1500)) -> 0.015 | J99: =Thiet_ke!$B$8*D99^2 -> 21.24869 | K99: =Thiet_ke!$B$3*I99+J99 -> 1152.8322 | L99: =(H99-J99)/Thiet_ke!$B$3 -> 0.34614291 | M99: =1.05+0.05*B99^2 -> 3.5 | N99: =(MIN(H99,Thiet_ke!$B$16)-K99)/(Thiet_ke!$B$2*M99) -> 0.92814626 | O99: =IF(N99>0,1/N99,"") -> 1.0774164
A100: 1 | B100: =Thiet_ke!$B$20 -> 7 | C100: =Dau_vao!$B$21+(Dau_vao!$B$19-Dau_vao!$B$21)*98/200 -> 1682 | D100: =2*PI()*C100*Thiet_ke!$B$7/(60*Thiet_ke!$B$15*B100) -> 2.7097748 | E100: =D100*3.6 -> 9.7551893 | F100: =Thiet_ke!$B$12*(Dau_vao!$B$22*(C100/Dau_vao!$B$19)+Dau_vao!$B$23*(C100/Dau_vao!$B$19)^2-Dau_vao!$B$24*(C100/Dau_vao!$B$19)^3) -> 79.624536 | G100: =60000*F100/(2*PI()*C100) -> 452.05607 | H100: =G100*Thiet_ke!$B$15*B100*Dau_vao!$B$10/Thiet_ke!$B$7 -> 26151.929 | I100: =IF(D100<=Dau_vao!$B$14,Dau_vao!$B$13,Dau_vao!$B$13*(1+D100^2/1500)) -> 0.015 | J100: =Thiet_ke!$B$8*D100^2 -> 21.477922 | K100: =Thiet_ke!$B$3*I100+J100 -> 1153.0614 | L100: =(H100-J100)/Thiet_ke!$B$3 -> 0.346379 | M100: =1.05+0.05*B100^2 -> 3.5 | N100: =(MIN(H100,Thiet_ke!$B$16)-K100)/(Thiet_ke!$B$2*M100) -> 0.928808 | O100: =IF(N100>0,1/N100,"") -> 1.0766488
...

Sheet Bieu_do_dong

Sheet Tang_toc
A1: BẢN KẾT QUẢ CỐ ĐỊNH — sửa JSON và chạy Python để tính lại
A3: Giai đoạn | B3: Số | C3: t (s) | D3: v (m/s) | E3: S (m) | F3: n (rpm) | G3: j (m/s²)
A4: Bắt đầu | B4: 1 | C4: 0 | D4: 1.2888346 | E4: 0 | F4: 800 | G4: 0.75852499
A5: Kéo | B5: 1 | C5: 0.0081910461 | D5: 1.2950527 | E5: 0.01058235 | F5: 803.85965 | G5: 0.75973425
A6: Kéo | B6: 1 | C6: 0.016369087 | D6: 1.3012707 | E6: 0.021198749 | F6: 807.7193 | G6: 0.76093943
A7: Kéo | B7: 1 | C7: 0.024534207 | D7: 1.3074888 | E7: 0.031849147 | F7: 811.57895 | G7: 0.76214052
A8: Kéo | B8: 1 | C8: 0.032686492 | D8: 1.3137069 | E8: 0.042533494 | F8: 815.4386 | G8: 0.76333754
A9: Kéo | B9: 1 | C9: 0.040826024 | D9: 1.3199249 | E9: 0.05325174 | F9: 819.29825 | G9: 0.76453048
A10: Kéo | B10: 1 | C10: 0.048952888 | D10: 1.326143 | E10: 0.064003836 | F10: 823.15789 | G10: 0.76571933
A11: Kéo | B11: 1 | C11: 0.057067164 | D11: 1.3323611 | E11: 0.074789736 | F11: 827.01754 | G11: 0.76690411
A12: Kéo | B12: 1 | C12: 0.065168937 | D12: 1.3385791 | E12: 0.085609391 | F12: 830.87719 | G12: 0.76808481
A13: Kéo | B13: 1 | C13: 0.073258286 | D13: 1.3447972 | E13: 0.096462756 | F13: 834.73684 | G13: 0.76926143
A14: Kéo | B14: 1 | C14: 0.081335293 | D14: 1.3510152 | E14: 0.10734978 | F14: 838.59649 | G14: 0.77043397
A15: Kéo | B15: 1 | C15: 0.089400039 | D15: 1.3572333 | E15: 0.11827043 | F15: 842.45614 | G15: 0.77160243
... A2117: Kéo | B2117: 5 | C2117: 108.8976 | D2117: 25.069444 | E2117: 2048.7944 | F2117: 2223 | G2117: 0.034350817

Sheet Cong_thuc_nguon
A1: Số CT bài mẫu | B1: Trang in mẫu | C1: Trang in sách | D1: Công thức chuẩn hóa | E1: Ghi chú
A2: 2.1.1; tải cầu | B2: 1 | C2: 136–138 | D2: m=m0+nc·mn+mh; G=mg; G1=β1G; G2=β2G | E2: Tách kg và N; tải cầu ở trạng thái tĩnh.
A3: 2.2.1 | B3: 2 | C3: 139 | D3: Nv=[G·ψv·vmax+K·A·vmax³]/(1000η) | E3: Nv kW; v m/s; ψv=f(vmax) trên đường bằng.
A4: 2.2.2 | B4: 3 | C4: 140, IV-49 | D4: Nmax=Nv/(aλ+bλ²−cλ³) | E4: Công suất thiết kế cực đại, λ=nv/nN.
A5: 2.2.3 | B5: 3 | C5: 140 (cần phân biệt công suất sử dụng) | D5: Nchọn=kN·Nmax | E5: Bài mẫu chọn kN=1,1–1,25; bài này kN=1 để khép kín vmax=95.
A6: 2.2.4 | B6: 3 | C6: 12, I-3 | D6: Me=60000·Ne/(2πn) | E6: Ne kW, n rpm, Me N·m.
A7: 2.2.5 | B7: 3 | C7: 140–141 | D7: nv=λ·nN | E7: Không coi λ là hằng số cho mọi điểm trên đặc tính.
A8: 2.2.6 | B8: 4 | C8: 11, I-2; 12 | D8: Ne=Nmax[a·x+b·x²−c·x³], x=n/nN | E8: Diesel phun trực tiếp: a=0,5; b=1,5; c=1.
A9: 2.3.1 (i0) | B9: 5 | C9: 141, IV-51 | D9: i0=2π·rb·nv/(60·ih_top·ip·vmax) | E9: ip=1, truyền lực phụ không có.
A10: 2.3.1 (rb; mẫu trùng số) | B10: 5 | C10: 37–38 | D10: r0=(B+d/2)·0,0254; rb=λt·r0 | E10: B,d inch; công thức hình học gần đúng cho lốp kiểu cũ.
A11: 2.3.2 | B11: 5 | C11: 35; 95–96; 127–128 | D11: Pψ+Pw+Pj ≤ Pk ≤ Pφ | E11: Ở vận tốc thấp thường bỏ Pw khi chọn số I.
A12: 2.3.3 | B12: 6 | C12: 127–128 | D12: ih1 ≥ ψmax·G·rb/(Memax·i0·ip·η) | E12: Sau chọn phải kiểm lại Pw ở điểm mômen lớn nhất.
... A36: Bổ sung cho đề 95 km/h | B36: Mẫu 75 km/h không cần | C36: 53, II-16 | D36: f=f0 nếu v≤22,2; f=f0(1+v²/1500) nếu v>22,2 | E36: v m/s; mô hình ghép thực nghiệm có bước nhảy tại ngưỡng.

Sheet Hinh_anh
A1: ĐỒ THỊ CỐ ĐỊNH CỦA BỘ THAM SỐ GỐC
